0 0.051249218996284075 3.6e-09
1 0.051249218996284006 3.47e-09
2 0.051249218996284096 6.2e-09
3 0.051249218996284068 5.79e-09
4 0.051249218996284089 4.01e-09
5 0.051249218996284013 3.98e-09
6 0.05124921899628402 3.17e-09
7 0.051249218996284186 4.22e-09
8 0.19565212039147686 7.92e-09
9 0.051249218996284256 4.66e-09
10 0.23400567685299198 5.92e-09
11 0.19565212039147661 1.13e-08
12 0.23400567685299281 8.01e-09
13 0.19565212039147797 1.06e-08
14 0.051249218996283992 4.57e-09
15 0.23400567685299217 6.98e-09
16 0.2340056768529932 8.22e-09
17 0.051249218996283971 3.87e-09
18 0.051249218996284034 3.33e-09
19 0.051249218996284047 3.46e-09
20 0.051249218996284089 9.56e-09
21 0.051249218996284034 4.32e-09
22 0.19565212039147717 8.36e-09
23 0.23400567685299214 8.43e-09
24 0.051249218996283999 3.05e-09
25 0.051249218996284006 4.41e-09
26 0.051249218996284096 4.75e-09
27 0.051249218996284145 6.22e-09
28 0.23400567685299187 8.3e-09
29 0.051249218996284013 3.36e-09
30 0.23400567685299239 1.13e-08
31 0.051249218996284145 4.01e-09
32 0.051249218996284041 3.51e-09
33 0.17886733742735819 9.07e-09
34 0.051249218996283916 2.91e-09
35 0.051249218996284089 7.99e-09
36 0.051249218996284041 3.47e-09
37 0.051249218996284186 4.27e-09
38 0.051249218996284276 5.6e-09
39 0.051249218996284061 4.39e-09
40 0.051249218996284103 5.51e-09
41 0.23400567685299353 1.23e-08
42 0.051249218996284061 5.44e-09
43 0.33888848476464933 1.37e-08
44 0.051249218996284207 5.28e-09
45 0.05124921899628393 3.97e-09
46 0.051249218996284006 3.09e-09
47 0.051249218996284054 3.56e-09
48 0.23400567685299362 9.84e-09
49 0.051249218996284381 1.06e-08
50 0.051249218996284103 4.58e-09
51 0.051249218996284221 4.4e-09
52 0.051249218996284041 3.9e-09
53 0.051249218996284096 3.99e-09
54 0.051249218996284207 4.64e-09
55 0.23400567685299389 1.3e-08
56 0.051249218996283971 2.94e-09
57 0.051249218996284027 5.28e-09
58 0.051249218996284082 3.85e-09
59 0.051249218996283992 3.42e-09
60 0.051249218996284138 9.32e-09
61 0.05124921899628411 4.68e-09
62 0.051249218996283985 3.16e-09
63 0.051249218996283874 2.13e-09
64 0.23400567685299511 1.29e-08
65 0.051249218996284145 4.02e-09
66 0.051249218996284145 6.66e-09
67 0.051249218996284089 3.89e-09
68 0.23400567685299312 8.07e-09
69 0.051249218996284408 6.22e-09
70 0.23400567685299264 7.12e-09
71 0.051249218996284276 4.65e-09
72 0.23400567685299328 1.89e-08
73 0.051249218996284221 5.69e-09
74 0.19565212039147648 6.04e-09
75 0.051249218996284096 9.09e-09
76 0.051249218996284221 4.41e-09
77 0.051249218996283957 2.92e-09
78 0.051249218996284013 3.57e-09
79 0.19565212039147725 9.68e-09
80 0.23400567685299245 7.99e-09
81 0.23400567685299228 7.94e-09
82 0.051249218996284047 3.35e-09
83 0.051249218996284041 6.95e-09
84 0.05124921899628427 6.19e-09
85 0.051249218996284131 4.62e-09
86 0.051249218996284367 7.01e-09
87 0.051249218996284152 6.34e-09
88 0.19565212039147792 1.28e-08
89 0.051249218996284027 3.52e-09
90 0.051249218996283992 3.01e-09
91 0.051249218996283957 2.74e-09
92 0.17886733742735891 1.05e-08
93 0.26194870771428241 1.32e-08
94 0.051249218996284179 4.42e-09
95 0.17886733742736097 9.82e-09
96 0.051249218996284179 1.01e-08
97 0.051249218996283978 2.97e-09
98 0.27713209377671083 1.77e-08
99 0.23400567685299226 7.21e-09
100 0.051249218996284179 4.23e-09
101 0.17886733742736491 1.54e-08
102 0.23400567685299239 7.87e-09
103 0.051249218996283923 3.33e-09
104 0.051249218996284138 3.95e-09
105 0.051249218996283985 4.88e-09
106 0.19565212039147742 9.93e-09
107 0.2676786054696364 1.66e-08
108 0.051249218996284283 4.72e-09
109 0.051249218996284235 6.69e-09
110 0.1788673374273668 1.62e-08
111 0.051249218996284041 4.2e-09
112 0.05124921899628402 3.09e-09
113 0.051249218996284339 5.77e-09
114 0.051249218996284131 4.15e-09
115 0.051249218996283943 2.8e-09
116 0.051249218996284235 4.46e-09
117 0.051249218996284207 4.3e-09
118 0.051249218996283971 2.93e-09
119 0.051249218996284061 5.5e-09
120 0.05124921899628402 3.14e-09
121 0.051249218996284103 3.82e-09
122 0.051249218996284228 4.81e-09
123 0.17886733742735961 9.41e-09
124 0.051249218996284075 3.67e-09
125 0.051249218996284304 4.83e-09
126 0.051249218996284242 4.88e-09
127 0.051249218996284318 6.92e-09
128 0.051249218996284096 3.73e-09
129 0.051249218996284172 6.94e-09
130 0.051249218996284103 3.82e-09
131 0.1788673374273598 9.97e-09
132 0.26194870771427975 1.07e-08
133 0.051249218996284054 9.04e-09
134 0.051249218996283846 8.09e-09
135 0.051249218996284207 5.05e-09
136 0.17886733742736291 1.36e-08
137 0.051249218996284235 7.71e-09
138 0.051249218996283964 2.78e-09
139 0.051249218996283978 3.83e-09
140 0.17886733742735983 9.34e-09
141 0.178867337427358 6.9e-09
142 0.051249218996283999 5.01e-09
143 0.051249218996284165 5.43e-09
144 0.051249218996284242 4.94e-09
145 0.051249218996284061 3.64e-09
146 0.051249218996283999 3.56e-09
147 0.051249218996284013 3.11e-09
148 0.05124921899628463 1.17e-08
149 0.23400567685299301 8.46e-09
150 0.051249218996284346 7.39e-09
151 0.051249218996284297 4.73e-09
152 0.051249218996284221 4.93e-09
153 0.051249218996284103 6.85e-09
154 0.051249218996283943 4.98e-09
155 0.051249218996284186 4.89e-09
156 0.051249218996284159 6.69e-09
157 0.051249218996284207 4.35e-09
158 0.051249218996284068 6.05e-09
159 0.23400567685299206 6.09e-09
160 0.05124921899628436 5.73e-09
161 0.051249218996284228 4.96e-09
162 0.23400567685299223 1.53e-08
163 0.051249218996284013 3.68e-09
164 0.051249218996284117 3.89e-09
165 0.051249218996284214 4.4e-09
166 0.051249218996284311 5.43e-09
167 0.051249218996284159 7.98e-09
168 0.051249218996284159 6.78e-09
169 0.19565212039147625 1.24e-08
170 0.051249218996283985 3.13e-09
171 0.19565212039147689 7.73e-09
172 0.19565212039147745 9.02e-09
173 0.29414667819048268 3.06e-08
174 0.23400567685299231 7.85e-09
175 0.051249218996283943 2.55e-09
176 0.051249218996284054 3.79e-09
177 0.051249218996284041 3.25e-09
178 0.051249218996284401 7.1e-09
179 0.2340056768529917 4.4e-09
180 0.23400567685299242 8.29e-09
181 0.178867337427361 1.88e-08
182 0.051249218996284041 3.62e-09
183 0.26767860546962352 1.29e-08
184 0.051249218996284089 5.74e-09
185 0.051249218996284138 3.94e-09
186 0.23400567685299356 9.1e-09
187 0.051249218996284152 4.05e-09
188 0.051249218996283985 2.77e-09
189 0.17886733742736 1.08e-08
190 0.051249218996284131 6.39e-09
191 0.23400567685299289 7.98e-09
192 0.195652120391477 8.12e-09
193 0.0512492189962842 4.88e-09
194 0.05124921899628429 7.18e-09
195 0.051249218996284075 3.71e-09
196 0.051249218996284082 5.34e-09
197 0.051249218996284165 5.62e-09
198 0.051249218996284034 3.81e-09
199 0.051249218996283943 2.64e-09
200 0.23400567685299417 1.28e-08
201 0.051249218996284165 8.68e-09
202 0.051249218996284297 5.25e-09
203 0.05124921899628411 4.51e-09
204 0.051249218996284041 3.49e-09
205 0.051249218996284172 5.53e-09
206 0.051249218996284346 5.22e-09
207 0.19565212039147675 9.71e-09
208 0.29414667819032564 1.56e-08
209 0.051249218996284047 4.62e-09
210 0.23400567685299214 8.14e-09
211 0.051249218996284214 4.36e-09
212 0.051249218996284138 5.18e-09
213 0.051249218996284027 3.74e-09
214 0.05124921899628386 4.81e-09
215 0.05124921899628402 6e-09
216 0.051249218996283895 3.21e-09
217 0.051249218996284034 5.75e-09
218 0.051249218996284207 4.32e-09
219 0.17886733742735855 7.04e-09
220 0.051249218996283985 2.95e-09
221 0.051249218996284263 8.03e-09
222 0.05124921899628429 4.82e-09
223 0.051249218996284221 6.94e-09
224 0.05124921899628411 6.49e-09
225 0.05124921899628402 4.75e-09
226 0.051249218996284152 6.16e-09
227 0.051249218996283999 3.12e-09
228 0.051249218996284145 4.01e-09
229 0.19565212039147686 8.11e-09
230 0.051249218996283943 7.69e-09
231 0.23400567685299456 1.23e-08
232 0.051249218996284061 3.4e-09
233 0.17886733742736854 2.15e-08
234 0.27713209377671166 1.33e-08
235 0.051249218996283971 4.09e-09
236 0.051249218996283943 2.46e-09
237 0.051249218996284228 5.21e-09
238 0.051249218996284214 5.76e-09
239 0.051249218996283971 3.2e-09
240 0.051249218996284138 3.93e-09
241 0.051249218996283999 5.8e-09
242 0.051249218996284263 4.68e-09
243 0.051249218996284034 3.13e-09
244 0.23400567685299345 9.63e-09
245 0.051249218996284214 4.87e-09
246 0.051249218996284172 4.93e-09
247 0.051249218996284054 3.74e-09
248 0.051249218996284082 4.57e-09
249 0.051249218996284811 1.3e-08
250 0.26194870771428108 1.15e-08
251 0.051249218996284193 4.22e-09
252 0.051249218996284152 3.98e-09
253 0.051249218996284061 3.63e-09
254 0.17886733742735969 1.32e-08
255 0.05124921899628402 3.15e-09
256 0.051249218996283936 2.49e-09
257 0.19565212039147706 8.02e-09
258 0.19565212039147789 1.17e-08
259 0.051249218996284443 7.05e-09
260 0.23400567685299237 1.32e-08
261 0.051249218996283999 3.25e-09
262 0.051249218996284186 4.2e-09
263 0.051249218996284047 3.63e-09
264 0.051249218996284214 6.48e-09
265 0.05124921899628427 4.64e-09
266 0.051249218996284339 8.01e-09
267 0.051249218996284249 5.38e-09
268 0.17886733742735891 9.68e-09
269 0.051249218996284096 3.82e-09
270 0.051249218996284117 8.18e-09
271 0.051249218996284193 6.55e-09
272 0.051249218996284054 3.47e-09
273 0.051249218996283909 3.21e-09
274 0.051249218996284082 3.63e-09
275 0.19565212039147697 7.83e-09
276 0.051249218996283964 2.82e-09
277 0.051249218996284242 4.93e-09
278 0.051249218996284068 9.54e-09
279 0.051249218996284054 3.7e-09
280 0.17886733742736075 1.12e-08
281 0.051249218996283957 2.96e-09
282 0.23400567685299378 9.5e-09
283 0.19565212039147642 6.63e-09
284 0.051249218996284589 6.34e-09
285 0.19565212039147825 1.12e-08
286 0.19565212039147653 6.18e-09
287 0.051249218996284339 5.02e-09
288 0.051249218996284131 4.64e-09
289 0.051249218996284047 3.59e-09
290 0.051249218996283916 3.48e-09
291 0.051249218996284159 4.29e-09
292 0.051249218996284131 4.11e-09
293 0.17886733742736002 1.11e-08
294 0.19565212039147833 1.13e-08
295 0.19565212039147745 1.01e-08
296 0.051249218996284214 4.94e-09
297 0.051249218996284054 3.44e-09
298 0.23400567685299239 1.03e-08
299 0.05124921899628411 3.95e-09
300 0.051249218996284145 4.41e-09
301 0.23400567685299284 1.08e-08
302 0.051249218996284221 8.47e-09
303 0.051249218996283936 2.4e-09
304 0.19565212039147648 7.67e-09
305 0.051249218996283978 3.09e-09
306 0.051249218996284117 4.27e-09
307 0.051249218996284499 7.68e-09
308 0.051249218996284172 4.78e-09
309 0.23400567685299364 9.29e-09
310 0.23400567685299231 1.42e-08
311 0.051249218996283971 2.68e-09
312 0.051249218996284235 4.54e-09
313 0.23400567685299203 5.02e-09
314 0.05124921899628411 5.44e-09
315 0.051249218996284256 4.75e-09
316 0.051249218996284096 3.72e-09
317 0.05124921899628427 5.53e-09
318 0.051249218996283978 4.12e-09
319 0.051249218996283936 2.62e-09
320 0.051249218996284096 3.87e-09
321 0.19565212039147678 1.14e-08
322 0.051249218996284276 7.32e-09
323 0.23400567685299406 1.83e-08
324 0.17886733742736174 1.23e-08
325 0.26767860546962768 1.3e-08
326 0.23400567685299478 1.89e-08
327 0.23400567685299364 1.44e-08
328 0.051249218996284165 7.96e-09
329 0.05124921899628395 3.12e-09
330 0.195652120391477 1.58e-08
331 0.051249218996284075 5.4e-09
332 0.23400567685299237 1.32e-08
333 0.19565212039147767 1.1e-08
334 0.051249218996283957 4e-09
335 0.051249218996284075 4.72e-09
336 0.23400567685299239 1.33e-08
337 0.23400567685299264 9.93e-09
338 0.17886733742735847 9.19e-09
339 0.051249218996284311 5.38e-09
340 0.051249218996284276 7.17e-09
341 0.051249218996284152 6.66e-09
342 0.051249218996284422 1.06e-08
343 0.051249218996284027 3.5e-09
344 0.178867337427358 6.09e-09
345 0.051249218996284096 4.7e-09
346 0.051249218996284075 6.27e-09
347 0.051249218996284131 3.88e-09
348 0.23400567685299262 9.21e-09
349 0.051249218996284054 3.68e-09
350 0.051249218996284207 4.51e-09
351 0.051249218996284179 4.4e-09
352 0.051249218996283978 3.39e-09
353 0.051249218996284117 3.75e-09
354 0.19565212039147684 1.3e-08
355 0.051249218996284075 6.3e-09
356 0.051249218996284367 5.2e-09
357 0.051249218996284263 4.93e-09
358 0.05124921899628411 5.14e-09
359 0.051249218996284172 7.31e-09
360 0.051249218996283999 3.03e-09
361 0.051249218996284276 4.8e-09
362 0.051249218996284061 4.1e-09
363 0.051249218996284131 7.02e-09
364 0.051249218996283867 2.09e-09
365 0.051249218996283978 3.7e-09
366 0.29414667819024676 1.62e-08
367 0.051249218996284159 5.78e-09
368 0.2340056768529927 9.17e-09
369 0.051249218996284089 3.83e-09
370 0.051249218996283992 3.33e-09
371 0.051249218996284041 3.37e-09
372 0.051249218996284138 3.95e-09
373 0.05124921899628402 3.25e-09
374 0.19565212039147678 8.19e-09
375 0.29414667819033274 2.48e-08
376 0.051249218996284068 3.71e-09
377 0.051249218996284027 4.63e-09
378 0.17886733742736038 1.07e-08
379 0.2340056768529937 1.01e-08
380 0.05124921899628402 3.4e-09
381 0.051249218996284075 3.8e-09
382 0.051249218996284013 3.15e-09
383 0.051249218996283985 3.07e-09
384 0.051249218996284047 3.36e-09
385 0.2340056768529927 9.93e-09
386 0.051249218996284068 3.57e-09
387 0.19565212039147659 9.77e-09
388 0.23400567685299475 1.33e-08
389 0.19565212039147695 1.49e-08
390 0.05124921899628402 3.13e-09
391 0.051249218996284249 7.48e-09
392 0.23400567685299406 9.86e-09
393 0.051249218996284082 3.97e-09
394 0.19565212039147725 9.17e-09
395 0.05124921899628402 3.21e-09
396 0.26767860546962619 1.79e-08
397 0.051249218996284041 4.19e-09
398 0.051249218996284367 5.22e-09
399 0.051249218996284263 4.93e-09
400 0.051249218996284131 4.26e-09
401 0.051249218996284054 1.18e-08
402 0.1956521203914767 8.76e-09
403 0.051249218996284103 3.99e-09
404 0.051249218996284082 8.47e-09
405 0.051249218996284068 3.56e-09
406 0.051249218996284124 4.12e-09
407 0.05124921899628411 3.99e-09
408 0.051249218996284152 4.03e-09
409 0.051249218996284117 9.78e-09
410 0.19565212039147664 1.21e-08
411 0.051249218996283985 3.12e-09
412 0.051249218996284089 3.67e-09
413 0.051249218996284041 3.25e-09
414 0.051249218996284006 5.21e-09
415 0.051249218996284054 3.59e-09
416 0.051249218996284013 3.1e-09
417 0.23400567685299251 1.06e-08
418 0.23400567685299356 1.63e-08
419 0.051249218996284207 7.02e-09
420 0.051249218996284172 4.11e-09
421 0.051249218996284131 4.62e-09
422 0.051249218996283992 2.93e-09
423 0.051249218996284249 5.66e-09
424 0.19565212039147692 8.48e-09
425 0.051249218996284034 3.25e-09
426 0.19565212039147784 1.03e-08
427 0.051249218996284117 3.82e-09
428 0.21223225941084337 2.08e-08
429 0.051249218996284221 4.91e-09
430 0.051249218996283999 4.6e-09
431 0.26194870771428103 1.16e-08
432 0.23400567685299217 7.07e-09
433 0.051249218996284249 5.13e-09
434 0.051249218996283971 2.78e-09
435 0.26194870771427931 1.49e-08
436 0.051249218996284013 4.74e-09
437 0.051249218996284075 5.7e-09
438 0.05124921899628427 6.47e-09
439 0.27713209377670989 1.19e-08
440 0.2340056768529957 1.29e-08
441 0.051249218996284221 4.6e-09
442 0.051249218996284374 7.11e-09
443 0.051249218996284179 4.21e-09
444 0.051249218996284235 4.75e-09
445 0.051249218996284249 5.04e-09
446 0.051249218996284013 3.05e-09
447 0.051249218996284075 5.02e-09
448 0.051249218996284145 4.28e-09
449 0.051249218996284186 6.49e-09
450 0.051249218996284103 4.01e-09
451 0.051249218996283971 2.8e-09
452 0.051249218996284242 5.14e-09
453 0.051249218996284054 3.65e-09
454 0.051249218996283957 2.7e-09
455 0.33888848476464917 1.53e-08
456 0.17886733742735819 7.61e-09
457 0.2340056768529947 1.13e-08
458 0.051249218996283909 2.41e-09
459 0.051249218996284755 6.77e-09
460 0.05124921899628411 6.94e-09
461 0.2340056768529937 9.17e-09
462 0.17886733742735847 8.17e-09
463 0.051249218996283992 3.09e-09
464 0.2676786054696223 1.36e-08
465 0.19565212039147642 5.5e-09
466 0.051249218996284061 3.57e-09
467 0.23400567685299245 1e-08
468 0.19565212039147623 7.6e-09
469 0.051249218996284068 3.95e-09
470 0.17886733742736521 1.98e-08
471 0.051249218996284089 5.27e-09
472 0.23400567685299367 9.98e-09
473 0.0512492189962842 4.99e-09
474 0.19565212039147656 6.83e-09
475 0.23400567685299273 8.68e-09
476 0.051249218996284172 8.64e-09
477 0.051249218996284401 8.26e-09
478 0.26767860546963018 1.5e-08
479 0.051249218996283985 3.16e-09
480 0.17886733742735778 8.9e-09
481 0.23400567685299228 7.32e-09
482 0.2340056768529919 1.12e-08
483 0.051249218996284013 5.75e-09
484 0.051249218996283971 3.22e-09
485 0.051249218996284089 3.91e-09
486 0.23400567685299239 8.31e-09
487 0.19565212039147664 8.32e-09
488 0.051249218996284172 4.41e-09
489 0.26194870771428902 1.88e-08
490 0.051249218996284096 3.74e-09
491 0.19565212039147861 1.75e-08
492 0.051249218996284138 3.93e-09
493 0.051249218996284131 4.08e-09
494 0.26767860546963185 1.23e-08
495 0.051249218996284318 7.85e-09
496 0.051249218996284124 4.28e-09
497 0.051249218996283943 2.78e-09
498 0.051249218996284554 9.55e-09
499 0.23400567685299409 1.65e-08
500 0.051249218996284034 3.48e-09
501 0.051249218996284103 4.01e-09
502 0.051249218996284408 6.27e-09
503 0.051249218996284228 4.78e-09
504 0.19565212039147684 6.91e-09
505 0.05124921899628402 4.56e-09
506 0.2340056768529922 1.06e-08
507 0.051249218996283985 3.75e-09
508 0.19565212039147664 6.15e-09
509 0.051249218996284047 4.17e-09
510 0.051249218996284297 5.64e-09
511 0.051249218996284346 9.35e-09
512 0.051249218996284228 8.51e-09
513 0.23400567685299292 8.31e-09
514 0.23400567685299234 8.53e-09
515 0.19565212039147739 1.7e-08
516 0.05124921899628436 5.84e-09
517 0.051249218996284159 6.66e-09
518 0.19565212039147617 4.37e-09
519 0.051249218996284047 3.41e-09
520 0.051249218996284207 4.38e-09
521 0.19565212039147703 8.06e-09
522 0.19565212039147656 7.3e-09
523 0.19565212039147689 1.26e-08
524 0.051249218996284034 3.39e-09
525 0.051249218996284082 3.71e-09
526 0.051249218996283943 4.15e-09
527 0.23400567685299295 1.1e-08
528 0.17886733742735839 8e-09
529 0.19565212039147609 4.69e-09
530 0.051249218996283978 9.56e-09
531 0.051249218996284068 3.75e-09
532 0.051249218996283936 2.55e-09
533 0.051249218996284172 6.7e-09
534 0.17886733742736591 1.49e-08
535 0.051249218996284152 5e-09
536 0.051249218996283985 3.31e-09
537 0.17886733742735952 9.84e-09
538 0.051249218996284131 3.92e-09
539 0.051249218996284152 3.97e-09
540 0.051249218996284145 4.04e-09
541 0.051249218996284304 4.84e-09
542 0.27713209377670944 1.33e-08
543 0.051249218996284152 6.84e-09
544 0.051249218996284103 4.01e-09
545 0.051249218996284089 4.94e-09
546 0.051249218996283999 2.96e-09
547 0.0512492189962842 6.35e-09
548 0.051249218996284152 4.08e-09
549 0.051249218996284041 3.59e-09
550 0.051249218996284186 5.47e-09
551 0.051249218996284047 4.88e-09
552 0.19565212039147797 2.27e-08
553 0.051249218996284013 4.24e-09
554 0.051249218996284256 4.57e-09
555 0.05124921899628436 6.62e-09
556 0.26194870771427914 1.44e-08
557 0.19565212039147714 1.34e-08
558 0.23400567685299417 1e-08
559 0.051249218996284172 6.52e-09
560 0.19565212039147792 1.05e-08
561 0.051249218996284138 4.05e-09
562 0.051249218996284172 4.44e-09
563 0.19565212039147661 1.44e-08
564 0.051249218996284075 5.18e-09
565 0.19565212039147642 1.23e-08
566 0.23400567685299278 7.77e-09
567 0.051249218996284082 3.74e-09
568 0.23400567685299345 1.21e-08
569 0.051249218996284082 3.87e-09
570 0.051249218996284006 3.02e-09
571 0.19565212039147775 9.94e-09
572 0.051249218996284401 5.43e-09
573 0.051249218996283985 3.02e-09
574 0.051249218996284047 3.35e-09
575 0.051249218996284082 3.6e-09
576 0.051249218996283964 4.25e-09
577 0.051249218996284276 1.12e-08
578 0.05124921899628411 4.42e-09
579 0.05124921899628402 3.36e-09
580 0.051249218996284193 4.9e-09
581 0.23400567685299509 1.21e-08
582 0.05124921899628402 5.33e-09
583 0.23400567685299228 7.18e-09
584 0.26194870771427742 9.74e-09
585 0.051249218996284047 5.42e-09
586 0.05124921899628411 5.99e-09
587 0.195652120391477 8.66e-09
588 0.23400567685299456 1.24e-08
589 0.051249218996283923 2.93e-09
590 0.19565212039147711 1.49e-08
591 0.051249218996284061 4.47e-09
592 0.17886733742735836 6.87e-09
593 0.051249218996284367 6.02e-09
594 0.23400567685299259 9.33e-09
595 0.234005676852994 9.96e-09
596 0.051249218996284381 5.6e-09
597 0.051249218996284159 4.01e-09
598 0.051249218996283978 3.33e-09
599 0.19565212039147764 9.56e-09
600 0.27713209377671133 1.62e-08
601 0.051249218996284006 3.02e-09
602 0.23400567685299292 8.36e-09
603 0.051249218996284013 5.29e-09
604 0.1788673374273651 1.57e-08
605 0.23400567685299289 1.19e-08
606 0.051249218996284096 3.74e-09
607 0.051249218996284034 4.65e-09
608 0.17886733742735841 7.37e-09
609 0.051249218996284179 4.16e-09
610 0.0512492189962842 4.31e-09
611 0.051249218996284047 3.85e-09
612 0.051249218996283957 3.09e-09
613 0.17886733742736124 1.19e-08
614 0.051249218996284124 3.92e-09
615 0.051249218996284165 4.72e-09
616 0.051249218996284103 7.73e-09
617 0.19565212039147609 1.56e-08
618 0.2771320937767095 1.03e-08
619 0.051249218996284117 3.85e-09
620 0.051249218996284082 3.96e-09
621 0.051249218996284034 5.19e-09
622 0.05124921899628386 9.17e-09
623 0.19565212039147667 6.86e-09
624 0.05124921899628411 3.81e-09
625 0.051249218996284082 6.8e-09
626 0.051249218996284478 6.28e-09
627 0.051249218996284193 4.26e-09
628 0.051249218996284013 3.04e-09
629 0.05124921899628427 6.42e-09
630 0.19565212039147734 8.77e-09
631 0.23400567685299287 8.16e-09
632 0.051249218996283874 2.53e-09
633 0.05124921899628427 4.72e-09
634 0.051249218996284082 3.83e-09
635 0.23400567685299339 1.1e-08
636 0.23400567685299289 8.14e-09
637 0.051249218996284054 3.55e-09
638 0.26194870771427947 1.04e-08
639 0.051249218996284138 4.46e-09
640 0.19565212039147628 5.93e-09
641 0.17886733742735791 5.59e-09
642 0.05124921899628402 4.26e-09
643 0.26767860546962402 2.48e-08
644 0.051249218996284318 7.78e-09
645 0.051249218996284034 3.75e-09
646 0.051249218996284034 3.48e-09
647 0.21223225941083368 6.38e-09
648 0.051249218996284179 5.38e-09
649 0.17886733742735869 9.17e-09
650 0.051249218996284152 7.82e-09
651 0.051249218996283992 3.46e-09
652 0.23400567685299359 1.44e-08
653 0.051249218996284172 7.68e-09
654 0.051249218996284096 5.35e-09
655 0.051249218996283971 2.61e-09
656 0.23400567685299439 1.08e-08
657 0.051249218996284096 3.83e-09
658 0.051249218996284152 6.7e-09
659 0.051249218996283874 7.85e-09
660 0.051249218996284027 4.03e-09
661 0.051249218996284041 3.63e-09
662 0.051249218996284172 5.39e-09
663 0.051249218996284193 5.13e-09
664 0.23400567685299348 1.14e-08
665 0.051249218996284089 5.94e-09
666 0.051249218996284082 3.92e-09
667 0.051249218996283964 3.14e-09
668 0.1788673374273626 1.17e-08
669 0.051249218996284034 7.86e-09
670 0.051249218996284165 5.67e-09
671 0.051249218996284152 6.06e-09
672 0.051249218996284485 6.53e-09
673 0.051249218996283985 3.1e-09
674 0.19565212039147731 8.81e-09
675 0.051249218996284041 3.53e-09
676 0.051249218996284013 3.36e-09
677 0.051249218996284047 3.39e-09
678 0.23400567685299239 1.14e-08
679 0.051249218996283943 3.05e-09
680 0.051249218996284283 6.25e-09
681 0.051249218996284061 4.25e-09
682 0.19565212039147784 9.94e-09
683 0.051249218996284054 3.7e-09
684 0.051249218996284027 3.18e-09
685 0.21223225941083587 9.62e-09
686 0.2619487077142767 7.45e-09
687 0.17886733742736322 1.22e-08
688 0.17886733742736061 1.05e-08
689 0.051249218996284152 4.14e-09
690 0.19565212039147675 1.44e-08
691 0.051249218996284124 3.83e-09
692 0.29414667819036122 3.74e-08
693 0.19565212039147681 7.45e-09
694 0.051249218996284256 6.2e-09
695 0.05124921899628393 2.57e-09
696 0.051249218996284089 3.92e-09
697 0.051249218996283964 2.78e-09
698 0.051249218996284096 4.76e-09
699 0.051249218996284499 5.89e-09
700 0.19565212039147717 1.17e-08
701 0.0512492189962842 4.35e-09
702 0.23400567685299467 1.32e-08
703 0.051249218996284013 3.63e-09
704 0.05124921899628393 2.42e-09
705 0.051249218996284103 3.76e-09
706 0.051249218996284242 5.24e-09
707 0.051249218996283957 2.8e-09
708 0.19565212039147689 7.36e-09
709 0.19565212039147817 1.59e-08
710 0.051249218996284117 3.88e-09
711 0.05124921899628402 3.12e-09
712 0.051249218996284068 3.51e-09
713 0.05124921899628427 6.44e-09
714 0.051249218996284034 3.24e-09
715 0.051249218996284089 3.72e-09
716 0.051249218996284207 5e-09
717 0.051249218996283999 3.14e-09
718 0.051249218996283916 2.53e-09
719 0.1956521203914782 1.88e-08
720 0.26194870771427969 1.05e-08
721 0.051249218996284242 6.69e-09
722 0.051249218996284159 4.37e-09
723 0.05124921899628411 4.56e-09
724 0.051249218996284131 4.1e-09
725 0.051249218996283978 3.06e-09
726 0.051249218996284131 7.27e-09
727 0.23400567685299217 8.3e-09
728 0.19565212039147659 6.04e-09
729 0.051249218996284054 3.33e-09
730 0.32558312951143797 1.58e-08
731 0.05124921899628411 3.78e-09
732 0.23400567685299592 1.97e-08
733 0.051249218996284096 3.91e-09
734 0.0512492189962842 4.55e-09
735 0.051249218996284367 5.2e-09
736 0.051249218996284165 4.03e-09
737 0.051249218996284311 5.59e-09
738 0.19565212039147703 8.76e-09
739 0.19565212039147711 8.87e-09
740 0.26194870771427692 1.22e-08
741 0.23400567685299217 7.89e-09
742 0.051249218996284152 4.13e-09
743 0.05124921899628402 3.14e-09
744 0.19565212039147803 1.32e-08
745 0.051249218996283992 4.7e-09
746 0.19565212039147711 7.82e-09
747 0.051249218996284131 4.12e-09
748 0.051249218996283992 3.33e-09
749 0.051249218996284061 4.02e-09
750 0.051249218996284145 4.34e-09
751 0.051249218996283999 6.34e-09
752 0.2340056768529962 1.45e-08
753 0.051249218996284061 3.57e-09
754 0.23400567685299281 9.23e-09
755 0.051249218996284041 5.14e-09
756 0.051249218996284131 5.99e-09
757 0.051249218996284263 5e-09
758 0.19565212039147881 1.73e-08
759 0.051249218996284034 3.52e-09
760 0.05124921899628393 2.91e-09
761 0.051249218996283999 6.37e-09
762 0.19565212039147842 2.1e-08
763 0.051249218996284304 7.31e-09
764 0.051249218996283978 4.01e-09
765 0.19565212039147831 1.38e-08
766 0.27713209377670955 9.52e-09
767 0.05124921899628402 4.66e-09
768 0.051249218996284027 3.14e-09
769 0.27713209377670933 8.49e-09
770 0.17886733742736607 1.68e-08
771 0.051249218996284054 3.81e-09
772 0.2340056768529922 8.86e-09
773 0.051249218996284117 5.02e-09
774 0.19565212039147747 1.04e-08
775 0.051249218996284054 4.58e-09
776 0.051249218996284103 4.16e-09
777 0.23400567685299259 1.08e-08
778 0.051249218996284131 3.91e-09
779 0.051249218996284138 4.01e-09
780 0.051249218996284027 3.29e-09
781 0.051249218996284082 3.58e-09
782 0.051249218996284068 3.55e-09
783 0.051249218996284013 3.77e-09
784 0.051249218996284152 5.03e-09
785 0.051249218996283957 2.48e-09
786 0.05124921899628402 3.44e-09
787 0.051249218996283971 3.39e-09
788 0.051249218996284263 7.78e-09
789 0.051249218996283978 2.99e-09
790 0.19565212039147772 1.09e-08
791 0.23400567685299284 1.64e-08
792 0.051249218996284283 5.5e-09
793 0.23400567685299203 6.71e-09
794 0.0512492189962842 4.31e-09
795 0.051249218996284103 4.09e-09
796 0.051249218996284054 4.44e-09
797 0.051249218996283978 4.5e-09
798 0.05124921899628395 2.59e-09
799 0.05124921899628402 3.06e-09
800 0.051249218996284256 4.63e-09
801 0.051249218996284082 4.18e-09
802 0.051249218996284457 7e-09
803 0.051249218996283992 3.04e-09
804 0.051249218996284061 3.71e-09
805 0.23400567685299245 8.25e-09
806 0.17886733742736027 1.55e-08
807 0.17886733742735925 8.52e-09
808 0.19565212039147656 7.72e-09
809 0.051249218996284061 3.47e-09
810 0.051249218996284082 3.59e-09
811 0.051249218996284103 6.9e-09
812 0.051249218996284152 4.52e-09
813 0.23400567685299217 9.69e-09
814 0.051249218996284082 7.57e-09
815 0.051249218996284276 5.65e-09
816 0.051249218996284131 4.33e-09
817 0.051249218996284394 5.87e-09
818 0.23400567685299328 1.3e-08
819 0.051249218996283881 1.84e-09
820 0.051249218996284172 4.43e-09
821 0.05124921899628402 3.38e-09
822 0.051249218996284034 4.31e-09
823 0.26194870771428069 1.21e-08
824 0.051249218996284013 3.38e-09
825 0.051249218996284221 4.47e-09
826 0.051249218996284221 4.37e-09
827 0.23400567685299467 2.55e-08
828 0.051249218996284047 3.4e-09
829 0.051249218996284138 3.96e-09
830 0.051249218996284082 3.91e-09
831 0.051249218996284165 7.11e-09
832 0.0512492189962842 4.83e-09
833 0.051249218996284124 6.16e-09
834 0.27713209377670961 1.14e-08
835 0.051249218996284117 6.64e-09
836 0.051249218996284089 3.61e-09
837 0.051249218996284013 3.2e-09
838 0.051249218996283978 6.99e-09
839 0.19565212039147734 1.4e-08
840 0.051249218996284186 4.23e-09
841 0.051249218996284082 1.19e-08
842 0.051249218996283867 1.63e-09
843 0.2676786054696263 1.24e-08
844 0.05124921899628411 4.53e-09
845 0.17886733742736058 9.16e-09
846 0.051249218996284152 4.05e-09
847 0.23400567685299481 1.12e-08
848 0.051249218996284061 3.78e-09
849 0.051249218996284283 6.26e-09
850 0.051249218996284124 3.91e-09
851 0.23400567685299331 8.33e-09
852 0.051249218996284075 8.22e-09
853 0.19565212039147792 1.01e-08
854 0.29414667819026952 1.9e-08
855 0.051249218996284179 8.59e-09
856 0.17886733742736449 1.35e-08
857 0.051249218996284117 3.86e-09
858 0.17886733742736216 1.58e-08
859 0.23400567685299165 6.17e-09
860 0.051249218996284228 5.25e-09
861 0.23400567685299342 1.37e-08
862 0.051249218996284068 3.59e-09
863 0.051249218996284124 3.87e-09
864 0.051249218996284339 1.08e-08
865 0.051249218996284089 3.87e-09
866 0.051249218996284089 3.68e-09
867 0.19565212039147706 9.5e-09
868 0.0512492189962842 4.76e-09
869 0.23400567685299231 7.19e-09
870 0.051249218996284339 5.88e-09
871 0.23400567685299389 1.06e-08
872 0.051249218996284034 3.26e-09
873 0.051249218996284082 3.63e-09
874 0.051249218996284159 4.02e-09
875 0.051249218996284006 7.1e-09
876 0.19565212039147811 1.85e-08
877 0.051249218996284054 8.61e-09
878 0.051249218996284374 5.29e-09
879 0.2340056768529942 1.11e-08
880 0.051249218996284186 4.41e-09
881 0.051249218996284027 4.24e-09
882 0.051249218996284401 6.14e-09
883 0.19565212039147681 7.6e-09
884 0.051249218996284075 3.56e-09
885 0.051249218996284131 4.29e-09
886 0.051249218996284304 4.81e-09
887 0.051249218996284721 1.06e-08
888 0.051249218996284103 4.09e-09
889 0.051249218996284124 4.1e-09
890 0.23400567685299478 1.22e-08
891 0.27713209377671 1.23e-08
892 0.051249218996284082 4.42e-09
893 0.19565212039147739 9.68e-09
894 0.051249218996284186 5.05e-09
895 0.051249218996284061 3.43e-09
896 0.051249218996284027 5.19e-09
897 0.051249218996284131 4.19e-09
898 0.051249218996284152 7.62e-09
899 0.051249218996283964 2.98e-09
900 0.32558312951146268 2.45e-08
901 0.051249218996284082 3.57e-09
902 0.051249218996284159 5.43e-09
903 0.051249218996284415 6.51e-09
904 0.051249218996284047 3.35e-09
905 0.051249218996283923 5.47e-09
906 0.051249218996284075 3.54e-09
907 0.21223225941083504 9.39e-09
908 0.051249218996284089 3.64e-09
909 0.051249218996283992 3.06e-09
910 0.051249218996284138 9.89e-09
911 0.051249218996284041 5.57e-09
912 0.1788673374273631 1.39e-08
913 0.26194870771428219 1.26e-08
914 0.05124921899628402 3.29e-09
915 0.05124921899628395 3.34e-09
916 0.051249218996284089 3.58e-09
917 0.051249218996284159 4.06e-09
918 0.051249218996284172 4.2e-09
919 0.17886733742735772 5.49e-09
920 0.051249218996284034 3.82e-09
921 0.1956521203914775 9.47e-09
922 0.33888848476464639 1.15e-08
923 0.17886733742736405 1.71e-08
924 0.051249218996284013 4.33e-09
925 0.051249218996284047 3.51e-09
926 0.051249218996284283 5.97e-09
927 0.051249218996284152 4.25e-09
928 0.051249218996284249 1.03e-08
929 0.05124921899628402 3.97e-09
930 0.051249218996284665 6.38e-09
931 0.19565212039147609 4.22e-09
932 0.051249218996284297 7.37e-09
933 0.051249218996284159 5.57e-09
934 0.05124921899628395 5.55e-09
935 0.19565212039147675 8.35e-09
936 0.051249218996284381 5.21e-09
937 0.051249218996284138 6.48e-09
938 0.051249218996283999 5.45e-09
939 0.21223225941083784 1.19e-08
940 0.051249218996284152 4.25e-09
941 0.051249218996284394 5.93e-09
942 0.05124921899628393 3.6e-09
943 0.051249218996284304 5.46e-09
944 0.051249218996284152 4.37e-09
945 0.19565212039147717 9.97e-09
946 0.05124921899628402 5.36e-09
947 0.051249218996284075 3.59e-09
948 0.32558312951143281 1.58e-08
949 0.05124921899628411 3.73e-09
950 0.051249218996284131 9.03e-09
951 0.17886733742735883 1.01e-08
952 0.19565212039147631 4.97e-09
953 0.21223225941084145 2.42e-08
954 0.051249218996284533 7.23e-09
955 0.051249218996284096 4.2e-09
956 0.051249218996284068 3.91e-09
957 0.051249218996283999 2.96e-09
958 0.19565212039147725 9.22e-09
959 0.051249218996284103 3.95e-09
960 0.23400567685299251 1.02e-08
961 0.051249218996284068 4.29e-09
962 0.051249218996284075 3.76e-09
963 0.051249218996284034 3.62e-09
964 0.051249218996284145 4.04e-09
965 0.051249218996284027 3.24e-09
966 0.051249218996284068 3.49e-09
967 0.051249218996284082 3.8e-09
968 0.051249218996284186 7.59e-09
969 0.051249218996284027 3.39e-09
970 0.23400567685299412 1.45e-08
971 0.051249218996283999 3.35e-09
972 0.051249218996284117 4.08e-09
973 0.19565212039147656 7.47e-09
974 0.051249218996284075 3.78e-09
975 0.051249218996284172 4.9e-09
976 0.051249218996283888 2.27e-09
977 0.2340056768529927 7.37e-09
978 0.23400567685299556 1.28e-08
979 0.051249218996284207 5.79e-09
980 0.051249218996284297 7.25e-09
981 0.1956521203914775 1.33e-08
982 0.27713209377670955 1.24e-08
983 0.19565212039147731 8.75e-09
984 0.19565212039147684 1.35e-08
985 0.21223225941083576 9.83e-09
986 0.051249218996284041 3.51e-09
987 0.23400567685299553 1.52e-08
988 0.29414667819029006 1.86e-08
989 0.051249218996284117 3.92e-09
990 0.17886733742735816 9.29e-09
991 0.23400567685299287 7.89e-09
992 0.051249218996284693 8.63e-09
993 0.051249218996284152 4.05e-09
994 0.23400567685299334 1.84e-08
995 0.05124921899628411 3.79e-09
996 0.051249218996284332 7.05e-09
997 0.23400567685299239 6.65e-09
998 0.051249218996284318 7.51e-09
999 0.051249218996284408 5.38e-09
1000 0.29414667819033519 2.86e-08
1001 0.19565212039147725 9e-09
1002 0.26194870771428036 1.1e-08
1003 0.29414667819029505 2.47e-08
1004 0.051249218996283971 3.31e-09
1005 0.2340056768529922 6.77e-09
1006 0.051249218996283867 2.39e-09
1007 0.21223225941084084 2.27e-08
1008 0.051249218996283978 3.42e-09
1009 0.051249218996284068 3.65e-09
1010 0.051249218996284054 3.52e-09
1011 0.051249218996283923 2.3e-09
1012 0.051249218996283971 3.02e-09
1013 0.051249218996284013 3.14e-09
1014 0.23400567685299367 1.26e-08
1015 0.23400567685299348 8.82e-09
1016 0.19565212039147675 8.47e-09
1017 0.051249218996283992 2.96e-09
1018 0.051249218996283971 2.78e-09
1019 0.05124921899628445 9.23e-09
1020 0.05124921899628402 3.17e-09
1021 0.051249218996284256 4.66e-09
1022 0.051249218996283964 2.87e-09
1023 0.051249218996284221 6.28e-09
1024 0.17886733742735983 1.02e-08
1025 0.051249218996284138 4.16e-09
1026 0.051249218996284186 4.99e-09
1027 0.051249218996284276 6.65e-09
1028 0.23400567685299231 7.8e-09
1029 0.051249218996284117 5.18e-09
1030 0.051249218996284096 4.06e-09
1031 0.23400567685299375 1.04e-08
1032 0.23400567685299323 1.07e-08
1033 0.051249218996284075 8.32e-09
1034 0.23400567685299251 1.91e-08
1035 0.051249218996284256 4.88e-09
1036 0.051249218996284221 5.14e-09
1037 0.19565212039147717 1.5e-08
1038 0.051249218996284061 3.82e-09
1039 0.051249218996284075 4.45e-09
1040 0.23400567685299387 9.69e-09
1041 0.1956521203914772 1.03e-08
1042 0.051249218996284034 4.77e-09
1043 0.33888848476464767 1.33e-08
1044 0.21223225941084367 2.05e-08
1045 0.051249218996283999 4.09e-09
1046 0.051249218996284179 7.04e-09
1047 0.051249218996283999 3.3e-09
1048 0.17886733742736094 9.65e-09
1049 0.051249218996284047 7.05e-09
1050 0.051249218996284325 5.7e-09
1051 0.0512492189962842 4.6e-09
1052 0.051249218996284103 3.88e-09
1053 0.23400567685299242 6.99e-09
1054 0.05124921899628402 3.3e-09
1055 0.051249218996284027 3.25e-09
1056 0.051249218996283916 2.21e-09
1057 0.17886733742736044 1.41e-08
1058 0.051249218996284047 3.28e-09
1059 0.051249218996283985 4.54e-09
1060 0.051249218996283999 2.96e-09
1061 0.051249218996283957 3.56e-09
1062 0.051249218996284152 4.04e-09
1063 0.051249218996284075 6.27e-09
1064 0.051249218996284152 4.03e-09
1065 0.051249218996284207 8.16e-09
1066 0.051249218996284159 4.08e-09
1067 0.05124921899628411 4.04e-09
1068 0.051249218996283992 2.9e-09
1069 0.051249218996284027 3.61e-09
1070 0.051249218996284304 5.17e-09
1071 0.05124921899628402 4.71e-09
1072 0.051249218996284075 3.62e-09
1073 0.051249218996284068 4.05e-09
1074 0.051249218996283943 3.06e-09
1075 0.19565212039147745 9.89e-09
1076 0.051249218996283943 2.59e-09
1077 0.051249218996284152 5.69e-09
1078 0.051249218996284179 4.83e-09
1079 0.19565212039147609 4.25e-09
1080 0.19565212039147722 8.41e-09
1081 0.051249218996283957 2.75e-09
1082 0.23400567685299245 7.73e-09
1083 0.051249218996284249 5.61e-09
1084 0.05124921899628402 3.51e-09
1085 0.051249218996284318 8.06e-09
1086 0.05124921899628411 4.34e-09
1087 0.23400567685299242 1.29e-08
1088 0.051249218996284061 4.56e-09
1089 0.19565212039147728 9.3e-09
1090 0.19565212039147706 1e-08
1091 0.05124921899628395 2.75e-09
1092 0.17886733742735908 1.03e-08
1093 0.051249218996284082 3.61e-09
1094 0.19565212039147825 2.4e-08
1095 0.051249218996284117 4.12e-09
1096 0.051249218996284041 3.33e-09
1097 0.1956521203914762 8.84e-09
1098 0.051249218996283902 2.13e-09
1099 0.19565212039147878 2.02e-08
1100 0.05124921899628411 3.84e-09
1101 0.051249218996284075 3.78e-09
1102 0.051249218996284152 6.23e-09
1103 0.051249218996284089 3.71e-09
1104 0.051249218996283978 2.94e-09
1105 0.051249218996284027 5.55e-09
1106 0.051249218996284131 3.95e-09
1107 0.051249218996284082 1.01e-08
1108 0.0512492189962842 4.63e-09
1109 0.23400567685299212 1.1e-08
1110 0.051249218996284054 4.27e-09
1111 0.19565212039147717 8.59e-09
1112 0.05124921899628429 8.45e-09
1113 0.051249218996284228 4.45e-09
1114 0.051249218996284041 7.84e-09
1115 0.23400567685299273 1.43e-08
1116 0.051249218996284297 5.19e-09
1117 0.051249218996283985 7.66e-09
1118 0.051249218996284179 4.23e-09
1119 0.051249218996284103 6.2e-09
1120 0.051249218996284006 3.56e-09
1121 0.23400567685299245 1.26e-08
1122 0.051249218996284117 4.17e-09
1123 0.21223225941083596 8.91e-09
1124 0.051249218996284027 3.23e-09
1125 0.051249218996284131 7.76e-09
1126 0.19565212039147689 1.3e-08
1127 0.051249218996284041 4.43e-09
1128 0.178867337427358 1.32e-08
1129 0.051249218996284006 8.55e-09
1130 0.19565212039147695 7.5e-09
1131 0.05124921899628411 3.73e-09
1132 0.05124921899628411 4.39e-09
1133 0.051249218996284207 4.61e-09
1134 0.19565212039147728 1.11e-08
1135 0.051249218996284131 4.76e-09
1136 0.051249218996284075 3.82e-09
1137 0.0512492189962842 5.03e-09
1138 0.26767860546963324 1.27e-08
1139 0.051249218996284103 4.02e-09
1140 0.051249218996284075 3.92e-09
1141 0.23400567685299367 1.07e-08
1142 0.17886733742735936 1.08e-08
1143 0.051249218996284013 3.34e-09
1144 0.051249218996284089 5.71e-09
1145 0.051249218996284034 3.22e-09
1146 0.23400567685299364 1.35e-08
1147 0.051249218996284165 4.12e-09
1148 0.051249218996284145 3.98e-09
1149 0.051249218996284068 4.37e-09
1150 0.19565212039147725 1.18e-08
1151 0.051249218996284089 6.26e-09
1152 0.051249218996284013 4.88e-09
1153 0.26194870771428336 1.33e-08
1154 0.277132093776709 6.25e-09
1155 0.051249218996284145 4.36e-09
1156 0.051249218996284145 4.13e-09
1157 0.051249218996284068 3.47e-09
1158 0.19565212039147761 9.81e-09
1159 0.051249218996284013 4.38e-09
1160 0.051249218996284103 4.14e-09
1161 0.051249218996284159 4.05e-09
1162 0.05124921899628402 3.84e-09
1163 0.051249218996284207 7.36e-09
1164 0.19565212039147717 8.3e-09
1165 0.051249218996284138 3.95e-09
1166 0.051249218996284034 3.34e-09
1167 0.29414667819039658 1.93e-08
1168 0.29414667819033208 2.9e-08
1169 0.051249218996284138 4.52e-09
1170 0.23400567685299289 9.53e-09
1171 0.23400567685299323 1.06e-08
1172 0.051249218996284006 2.98e-09
1173 0.051249218996284193 4.3e-09
1174 0.051249218996284089 5e-09
1175 0.051249218996284325 5.26e-09
1176 0.051249218996284096 4.23e-09
1177 0.05124921899628436 7.29e-09
1178 0.05124921899628427 4.77e-09
1179 0.051249218996283992 2.93e-09
1180 0.23400567685299381 1.02e-08
1181 0.051249218996284221 6.13e-09
1182 0.051249218996284221 5.18e-09
1183 0.051249218996284047 4.23e-09
1184 0.05124921899628402 3.48e-09
1185 0.051249218996284221 4.43e-09
1186 0.051249218996284068 3.54e-09
1187 0.051249218996284047 3.38e-09
1188 0.27713209377671 2.3e-08
1189 0.051249218996284034 3.5e-09
1190 0.05124921899628411 5.31e-09
1191 0.051249218996284054 4.94e-09
1192 0.051249218996284214 9.39e-09
1193 0.051249218996284165 6.25e-09
1194 0.051249218996283943 4.89e-09
1195 0.051249218996284034 3.28e-09
1196 0.19565212039147675 9.71e-09
1197 0.1788673374273588 7.71e-09
1198 0.05124921899628411 3.8e-09
1199 0.051249218996284152 4.86e-09
1200 0.051249218996284089 4.45e-09
1201 0.27713209377670955 1.18e-08
1202 0.19565212039147636 7.31e-09
1203 0.0512492189962842 5.32e-09
1204 0.19565212039147656 8.88e-09
1205 0.051249218996283992 2.87e-09
1206 0.051249218996284096 3.65e-09
1207 0.19565212039147664 7.8e-09
1208 0.051249218996284082 3.56e-09
1209 0.051249218996283971 2.74e-09
1210 0.051249218996284186 6e-09
1211 0.051249218996284263 7.34e-09
1212 0.23400567685299237 1.31e-08
1213 0.19565212039147761 9.91e-09
1214 0.19565212039147875 1.22e-08
1215 0.05124921899628411 3.83e-09
1216 0.051249218996283943 6.56e-09
1217 0.051249218996284159 4.28e-09
1218 0.051249218996284089 3.84e-09
1219 0.29414667819025636 1.54e-08
1220 0.05124921899628395 3.7e-09
1221 0.051249218996283985 2.86e-09
1222 0.051249218996284006 3.07e-09
1223 0.051249218996284054 3.65e-09
1224 0.051249218996284054 4.25e-09
1225 0.051249218996284034 3.32e-09
1226 0.051249218996284145 4.36e-09
1227 0.051249218996284193 4.54e-09
1228 0.051249218996284221 5.91e-09
1229 0.051249218996284152 4.12e-09
1230 0.26194870771427931 1.01e-08
1231 0.17886733742736299 1.2e-08
1232 0.051249218996283971 4.29e-09
1233 0.19565212039147656 6e-09
1234 0.051249218996284242 4.77e-09
1235 0.051249218996284249 5.37e-09
1236 0.051249218996284068 3.68e-09
1237 0.23400567685299306 1.33e-08
1238 0.051249218996284013 3.17e-09
1239 0.234005676852994 1.2e-08
1240 0.051249218996284124 6.12e-09
1241 0.051249218996284124 4.83e-09
1242 0.051249218996284193 4.63e-09
1243 0.051249218996283985 3.46e-09
1244 0.29414667819032803 2.09e-08
1245 0.19565212039147695 1.08e-08
1246 0.23400567685299278 9.41e-09
1247 0.05124921899628436 6.75e-09
1248 0.051249218996284096 3.9e-09
1249 0.051249218996284006 3.69e-09
1250 0.21223225941083895 1.23e-08
1251 0.23400567685299339 1.87e-08
1252 0.19565212039147661 1.06e-08
1253 0.051249218996284089 6.69e-09
1254 0.051249218996284297 4.9e-09
1255 0.051249218996284096 4.03e-09
1256 0.051249218996284103 3.87e-09
1257 0.05124921899628429 8.45e-09
1258 0.051249218996284152 3.94e-09
1259 0.051249218996283985 3.16e-09
1260 0.051249218996283964 3.14e-09
1261 0.17886733742735933 1.38e-08
1262 0.051249218996284089 3.59e-09
1263 0.27713209377670894 9.01e-09
1264 0.051249218996284138 8.79e-09
1265 0.051249218996284089 3.91e-09
1266 0.05124921899628411 3.82e-09
1267 0.051249218996283902 2.82e-09
1268 0.2340056768529917 3.83e-09
1269 0.051249218996284179 5.04e-09
1270 0.051249218996284034 3.43e-09
1271 0.051249218996284068 3.49e-09
1272 0.051249218996284304 8.76e-09
1273 0.051249218996284172 6.58e-09
1274 0.051249218996283992 2.79e-09
1275 0.05124921899628402 3.16e-09
1276 0.051249218996284165 4.68e-09
1277 0.051249218996284242 4.79e-09
1278 0.051249218996284207 4.65e-09
1279 0.051249218996284138 6.98e-09
1280 0.051249218996284068 8.02e-09
1281 0.051249218996284096 3.79e-09
1282 0.051249218996284249 4.7e-09
1283 0.051249218996283943 2.69e-09
1284 0.19565212039147736 9.89e-09
1285 0.051249218996284165 4.45e-09
1286 0.1956521203914775 2.17e-08
1287 0.051249218996283936 3.7e-09
1288 0.21223225941084239 1.38e-08
1289 0.19565212039147722 8.46e-09
1290 0.19565212039147772 9.97e-09
1291 0.051249218996284186 6.4e-09
1292 0.051249218996284256 4.55e-09
1293 0.051249218996284207 8.06e-09
1294 0.051249218996284221 4.57e-09
1295 0.051249218996284165 6.39e-09
1296 0.19565212039147695 7.61e-09
1297 0.17886733742736621 2.62e-08
1298 0.051249218996284145 4.94e-09
1299 0.051249218996284318 6.22e-09
1300 0.051249218996283964 3.61e-09
1301 0.051249218996284193 4.68e-09
1302 0.051249218996283943 2.49e-09
1303 0.051249218996284186 4.25e-09
1304 0.23400567685299201 7.1e-09
1305 0.051249218996283999 3.43e-09
1306 0.051249218996284207 4.3e-09
1307 0.051249218996284193 5.29e-09
1308 0.23400567685299431 1.03e-08
1309 0.051249218996284117 8.75e-09
1310 0.05124921899628427 5.71e-09
1311 0.17886733742736646 1.7e-08
1312 0.19565212039147684 9.79e-09
1313 0.19565212039147659 6.13e-09
1314 0.051249218996284138 4.28e-09
1315 0.23400567685299448 1.16e-08
1316 0.051249218996284214 6.74e-09
1317 0.23400567685299262 1.67e-08
1318 0.051249218996283943 2.59e-09
1319 0.17886733742735816 7.21e-09
1320 0.051249218996283985 7.72e-09
1321 0.051249218996284221 5.56e-09
1322 0.051249218996284096 5.84e-09
1323 0.23400567685299414 2.17e-08
1324 0.19565212039147659 6.5e-09
1325 0.051249218996284068 3.63e-09
1326 0.051249218996284235 4.87e-09
1327 0.051249218996284082 4.18e-09
1328 0.051249218996284505 5.84e-09
1329 0.23400567685299209 7.12e-09
1330 0.051249218996284027 3.41e-09
1331 0.051249218996284138 3.97e-09
1332 0.051249218996283943 2.64e-09
1333 0.17886733742736005 1.05e-08
1334 0.19565212039147684 7.28e-09
1335 0.051249218996284207 4.69e-09
1336 0.051249218996284221 4.47e-09
1337 0.051249218996284006 3.24e-09
1338 0.0512492189962842 6.82e-09
1339 0.051249218996284006 3.12e-09
1340 0.051249218996284061 5.29e-09
1341 0.23400567685299284 7.9e-09
1342 0.051249218996284429 6.44e-09
1343 0.051249218996284006 3.16e-09
1344 0.051249218996284061 6.14e-09
1345 0.23400567685299303 8.98e-09
1346 0.051249218996283964 2.84e-09
1347 0.051249218996284131 4.07e-09
1348 0.19565212039147714 8.34e-09
1349 0.051249218996284034 4.07e-09
1350 0.17886733742735855 8.54e-09
1351 0.051249218996284061 9.07e-09
1352 0.051249218996284207 4.74e-09
1353 0.051249218996284165 4.15e-09
1354 0.051249218996284214 4.65e-09
1355 0.051249218996284214 4.36e-09
1356 0.051249218996284228 5.42e-09
1357 0.051249218996284089 3.84e-09
1358 0.19565212039147689 7.22e-09
1359 0.27713209377671039 1.37e-08
1360 0.051249218996284145 4.63e-09
1361 0.23400567685299253 7.44e-09
1362 0.051249218996284013 3.11e-09
1363 0.051249218996284138 4.44e-09
1364 0.051249218996284006 3.92e-09
1365 0.27713209377670966 1.06e-08
1366 0.19565212039147728 8.53e-09
1367 0.2619487077142808 1.19e-08
1368 0.051249218996284124 3.87e-09
1369 0.21223225941084153 2.51e-08
1370 0.19565212039147681 8.87e-09
1371 0.051249218996283985 2.96e-09
1372 0.051249218996284131 6.66e-09
1373 0.051249218996283985 5.77e-09
1374 0.051249218996284103 3.83e-09
1375 0.051249218996283957 2.72e-09
1376 0.051249218996284013 4.46e-09
1377 0.19565212039147631 5.99e-09
1378 0.051249218996284145 6.73e-09
1379 0.051249218996283978 4.66e-09
1380 0.051249218996284034 4.94e-09
1381 0.23400567685299695 2.45e-08
1382 0.051249218996284075 9.05e-09
1383 0.051249218996283867 1.82e-09
1384 0.178867337427359 8.54e-09
1385 0.17886733742736105 1.16e-08
1386 0.05124921899628402 3.69e-09
1387 0.051249218996284304 4.91e-09
1388 0.051249218996284047 4.4e-09
1389 0.051249218996284034 5.47e-09
1390 0.051249218996284533 6.36e-09
1391 0.21223225941083632 1.01e-08
1392 0.051249218996284124 3.99e-09
1393 0.19565212039147648 6.7e-09
1394 0.05124921899628402 3.17e-09
1395 0.051249218996284082 4.89e-09
1396 0.0512492189962842 4.31e-09
1397 0.051249218996283957 2.86e-09
1398 0.19565212039147764 9.74e-09
1399 0.051249218996284311 4.91e-09
1400 0.051249218996284041 3.37e-09
1401 0.051249218996284235 7.79e-09
1402 0.19565212039147775 1.2e-08
1403 0.051249218996283936 5.67e-09
1404 0.19565212039147709 1.19e-08
1405 0.051249218996284207 4.36e-09
1406 0.051249218996283964 2.87e-09
1407 0.051249218996284138 6.52e-09
1408 0.051249218996283978 2.84e-09
1409 0.051249218996284068 3.54e-09
1410 0.051249218996284443 7.17e-09
1411 0.051249218996284165 7.76e-09
1412 0.051249218996284145 4.09e-09
1413 0.051249218996284186 4.53e-09
1414 0.051249218996283978 3.35e-09
1415 0.051249218996283888 2.21e-09
1416 0.051249218996284117 3.8e-09
1417 0.051249218996284283 7.39e-09
1418 0.051249218996284054 3.66e-09
1419 0.29414667819028145 1.83e-08
1420 0.19565212039147631 4.96e-09
1421 0.23400567685299256 9.87e-09
1422 0.17886733742735933 1.57e-08
1423 0.051249218996283978 3.9e-09
1424 0.05124921899628395 3.05e-09
1425 0.051249218996284061 6e-09
1426 0.051249218996283978 3.28e-09
1427 0.051249218996284367 6.02e-09
1428 0.17886733742735983 1.28e-08
1429 0.051249218996284061 4.52e-09
1430 0.05124921899628411 5.72e-09
1431 0.051249218996284374 7.92e-09
1432 0.051249218996284006 3.58e-09
1433 0.051249218996284103 3.79e-09
1434 0.2340056768529935 9.79e-09
1435 0.19565212039147659 7.93e-09
1436 0.051249218996284047 5.6e-09
1437 0.051249218996284422 5.34e-09
1438 0.23400567685299262 1.17e-08
1439 0.051249218996284089 3.79e-09
1440 0.23400567685299237 1.02e-08
1441 0.051249218996284131 4.52e-09
1442 0.21223225941083565 9.06e-09
1443 0.051249218996284006 4.5e-09
1444 0.051249218996283971 2.8e-09
1445 0.051249218996283985 3.47e-09
1446 0.23400567685299437 1.23e-08
1447 0.23400567685299226 1.45e-08
1448 0.051249218996284276 5.89e-09
1449 0.051249218996284207 4.47e-09
1450 0.051249218996284235 4.8e-09
1451 0.051249218996284047 5.77e-09
1452 0.05124921899628429 6.1e-09
1453 0.051249218996283985 2.83e-09
1454 0.051249218996283971 2.72e-09
1455 0.051249218996284075 4.2e-09
1456 0.051249218996284089 3.64e-09
1457 0.051249218996284159 5.25e-09
1458 0.19565212039147747 9.06e-09
1459 0.051249218996284381 1.11e-08
1460 0.051249218996284235 4.98e-09
1461 0.19565212039147664 1.39e-08
1462 0.23400567685299184 4.8e-09
1463 0.051249218996284082 3.92e-09
1464 0.05124921899628436 9.39e-09
1465 0.19565212039147759 9.32e-09
1466 0.23400567685299378 9.47e-09
1467 0.051249218996284054 3.51e-09
1468 0.051249218996284339 5.26e-09
1469 0.051249218996284041 6.26e-09
1470 0.051249218996284387 6.34e-09
1471 0.051249218996284297 6.9e-09
1472 0.051249218996284075 3.57e-09
1473 0.05124921899628393 2.45e-09
1474 0.19565212039147845 1.2e-08
1475 0.23400567685299309 1.22e-08
1476 0.051249218996284325 7.23e-09
1477 0.1788673374273598 1e-08
1478 0.05124921899628411 6.72e-09
1479 0.051249218996283992 3.07e-09
1480 0.05124921899628402 3.2e-09
1481 0.23400567685299234 7.58e-09
1482 0.21223225941083548 9.08e-09
1483 0.051249218996284068 4.34e-09
1484 0.051249218996284193 6.11e-09
1485 0.051249218996284152 4.32e-09
1486 0.051249218996284457 6.64e-09
1487 0.17886733742735833 9.33e-09
1488 0.051249218996284138 4.33e-09
1489 0.05124921899628427 5.09e-09
1490 0.23400567685299281 9.86e-09
1491 0.19565212039147709 9.75e-09
1492 0.051249218996284089 3.92e-09
1493 0.051249218996284103 3.99e-09
1494 0.19565212039147689 7.35e-09
1495 0.05124921899628395 3.99e-09
1496 0.051249218996284124 5.73e-09
1497 0.051249218996284047 3.57e-09
1498 0.19565212039147695 8.21e-09
1499 0.051249218996284401 7.95e-09
1500 0.051249218996284207 4.56e-09
1501 0.051249218996284082 3.75e-09
1502 0.0512492189962842 4.57e-09
1503 0.051249218996284096 9.6e-09
1504 0.17886733742736008 1.44e-08
1505 0.1788673374273595 1.12e-08
1506 0.051249218996284096 4.33e-09
1507 0.23400567685299289 1.03e-08
1508 0.05124921899628402 3.14e-09
1509 0.051249218996283992 2.95e-09
1510 0.051249218996284138 8.88e-09
1511 0.051249218996283964 2.95e-09
1512 0.051249218996283874 1.91e-09
1513 0.051249218996284172 4.18e-09
1514 0.051249218996284013 3.16e-09
1515 0.23400567685299242 8.21e-09
1516 0.17886733742735975 1.12e-08
1517 0.19565212039147689 8.35e-09
1518 0.051249218996284027 4.18e-09
1519 0.17886733742736199 1.29e-08
1520 0.051249218996284186 4.67e-09
1521 0.051249218996284214 4.36e-09
1522 0.23400567685299262 6.71e-09
1523 0.051249218996284027 4.74e-09
1524 0.051249218996284152 4.69e-09
1525 0.23400567685299342 9.86e-09
1526 0.23400567685299248 8.25e-09
1527 0.051249218996284214 8.63e-09
1528 0.051249218996283992 6.25e-09
1529 0.19565212039147681 7.08e-09
1530 0.051249218996284089 4.25e-09
1531 0.051249218996284027 3.27e-09
1532 0.23400567685299267 7.75e-09
1533 0.051249218996284159 4.96e-09
1534 0.23400567685299162 3.85e-09
1535 0.17886733742735844 8.19e-09
1536 0.19565212039147675 7.86e-09
1537 0.23400567685299209 9.13e-09
1538 0.23400567685299442 1.04e-08
1539 0.051249218996284332 5.46e-09
1540 0.051249218996284082 4.73e-09
1541 0.19565212039147731 1.62e-08
1542 0.05124921899628411 4.84e-09
1543 0.051249218996283992 3.03e-09
1544 0.05124921899628395 2.61e-09
1545 0.19565212039147675 7.46e-09
1546 0.051249218996284242 9.2e-09
1547 0.051249218996284041 3.28e-09
1548 0.051249218996284131 5.1e-09
1549 0.051249218996284047 3.81e-09
1550 0.051249218996284103 3.82e-09
1551 0.051249218996284401 5.66e-09
1552 0.051249218996284186 4.34e-09
1553 0.051249218996284263 7.45e-09
1554 0.23400567685299173 8.83e-09
1555 0.21223225941084536 1.7e-08
1556 0.051249218996284027 3.28e-09
1557 0.051249218996283992 2.85e-09
1558 0.19565212039147664 6.3e-09
1559 0.051249218996283985 3.32e-09
1560 0.23400567685299734 1.95e-08
1561 0.051249218996284013 4.37e-09
1562 0.051249218996284138 5.76e-09
1563 0.051249218996284235 5.34e-09
1564 0.05124921899628427 4.61e-09
1565 0.051249218996284061 3.77e-09
1566 0.051249218996284103 3.81e-09
1567 0.23400567685299334 9.49e-09
1568 0.051249218996284034 3.3e-09
1569 0.051249218996284054 3.35e-09
1570 0.05124921899628436 5.05e-09
1571 0.051249218996284075 3.97e-09
1572 0.051249218996284047 3.39e-09
1573 0.05124921899628411 4.02e-09
1574 0.051249218996284207 6.1e-09
1575 0.051249218996283867 1.86e-09
1576 0.051249218996284075 4.43e-09
1577 0.051249218996283936 2.66e-09
1578 0.051249218996284089 3.59e-09
1579 0.19565212039147645 6.65e-09
1580 0.051249218996283964 4.57e-09
1581 0.051249218996284242 6.66e-09
1582 0.17886733742735861 9.27e-09
1583 0.051249218996284068 3.54e-09
1584 0.051249218996284041 3.33e-09
1585 0.051249218996284013 4.23e-09
1586 0.051249218996283971 3.23e-09
1587 0.05124921899628411 5.75e-09
1588 0.23400567685299209 8e-09
1589 0.051249218996284068 3.68e-09
1590 0.051249218996284131 3.87e-09
1591 0.23400567685299273 9.37e-09
1592 0.19565212039147684 7.3e-09
1593 0.051249218996283978 4.63e-09
1594 0.051249218996284159 4.53e-09
1595 0.051249218996283957 3.05e-09
1596 0.051249218996283936 2.96e-09
1597 0.051249218996284401 1.12e-08
1598 0.051249218996283881 5.3e-09
1599 0.051249218996284165 5.65e-09
1600 0.051249218996283874 2.22e-09
1601 0.051249218996284131 3.95e-09
1602 0.17886733742735986 9.83e-09
1603 0.051249218996284159 7.33e-09
1604 0.051249218996284103 3.7e-09
1605 0.051249218996284034 3.25e-09
1606 0.051249218996284089 6.54e-09
1607 0.17886733742736266 1.32e-08
1608 0.051249218996284228 4.86e-09
1609 0.051249218996284152 6.48e-09
1610 0.26767860546962113 1.63e-08
1611 0.051249218996284228 4.49e-09
1612 0.051249218996284325 6.85e-09
1613 0.05124921899628395 3.23e-09
1614 0.05124921899628402 3.69e-09
1615 0.21223225941083734 1.93e-08
1616 0.051249218996283971 3.53e-09
1617 0.051249218996284221 4.5e-09
1618 0.051249218996284124 4.94e-09
1619 0.051249218996284027 6.74e-09
1620 0.21223225941083981 3.33e-08
1621 0.19565212039147625 5.87e-09
1622 0.19565212039147703 9.85e-09
1623 0.051249218996284061 3.59e-09
1624 0.051249218996283936 4.59e-09
1625 0.051249218996284242 6.51e-09
1626 0.27713209377670883 1.32e-08
1627 0.051249218996284047 3.41e-09
1628 0.051249218996284256 5.36e-09
1629 0.051249218996284061 6.58e-09
1630 0.05124921899628395 2.76e-09
1631 0.17886733742735952 9.41e-09
1632 0.0512492189962842 6.11e-09
1633 0.051249218996284089 5.05e-09
1634 0.051249218996284138 4.09e-09
1635 0.19565212039147858 1.3e-08
1636 0.051249218996284124 3.93e-09
1637 0.23400567685299326 9.1e-09
1638 0.27713209377671022 1.04e-08
1639 0.051249218996284207 5.13e-09
1640 0.19565212039147659 9.8e-09
1641 0.05124921899628411 6.56e-09
1642 0.19565212039147648 5.89e-09
1643 0.051249218996284041 3.58e-09
1644 0.051249218996284075 3.94e-09
1645 0.051249218996284013 3.18e-09
1646 0.051249218996283978 3.06e-09
1647 0.051249218996284082 3.68e-09
1648 0.051249218996284096 3.71e-09
1649 0.23400567685299287 7.45e-09
1650 0.23400567685299234 7.92e-09
1651 0.051249218996284165 5.67e-09
1652 0.051249218996284075 4.25e-09
1653 0.23400567685299203 7.88e-09
1654 0.19565212039147911 1.98e-08
1655 0.051249218996283985 4.23e-09
1656 0.26767860546963868 1.43e-08
1657 0.23400567685299217 8.9e-09
1658 0.051249218996284027 3.36e-09
1659 0.051249218996284374 5.65e-09
1660 0.17886733742735975 9.9e-09
1661 0.051249218996284075 3.77e-09
1662 0.051249218996284006 3.28e-09
1663 0.051249218996284242 4.5e-09
1664 0.051249218996283999 6.25e-09
1665 0.051249218996284034 3.24e-09
1666 0.05124921899628395 5.43e-09
1667 0.23400567685299256 9.51e-09
1668 0.051249218996284263 6.37e-09
1669 0.051249218996284436 8.98e-09
1670 0.051249218996284214 4.43e-09
1671 0.051249218996284505 6.44e-09
1672 0.051249218996283964 3e-09
1673 0.19565212039147789 1.77e-08
1674 0.23400567685299287 1.43e-08
1675 0.051249218996284505 6.16e-09
1676 0.051249218996283971 4.57e-09
1677 0.23400567685299348 9.53e-09
1678 0.05124921899628395 3.23e-09
1679 0.051249218996284061 3.63e-09
1680 0.051249218996284041 3.51e-09
1681 0.19565212039147745 8.74e-09
1682 0.19565212039147664 1.63e-08
1683 0.051249218996284887 7.43e-09
1684 0.051249218996284145 5.59e-09
1685 0.051249218996283895 2.29e-09
1686 0.051249218996284145 6.68e-09
1687 0.051249218996284047 3.5e-09
1688 0.17886733742735861 9.02e-09
1689 0.051249218996284054 3.43e-09
1690 0.051249218996284096 4.19e-09
1691 0.23400567685299312 8.13e-09
1692 0.051249218996284193 7.46e-09
1693 0.051249218996283978 2.81e-09
1694 0.051249218996284034 6.61e-09
1695 0.051249218996284047 3.27e-09
1696 0.051249218996284117 4.11e-09
1697 0.051249218996284096 3.77e-09
1698 0.051249218996284124 3.91e-09
1699 0.05124921899628429 5.09e-09
1700 0.21223225941083393 1.24e-08
1701 0.051249218996283964 6.17e-09
1702 0.051249218996284089 4.37e-09
1703 0.051249218996284152 4.75e-09
1704 0.051249218996284165 4.22e-09
1705 0.23400567685299328 8.47e-09
1706 0.051249218996284207 4.37e-09
1707 0.05124921899628411 3.93e-09
1708 0.051249218996283964 3.12e-09
1709 0.051249218996284082 3.59e-09
1710 0.051249218996284041 4.33e-09
1711 0.17886733742735839 1.29e-08
1712 0.051249218996284179 6.84e-09
1713 0.051249218996284013 3.35e-09
1714 0.051249218996284186 5.18e-09
1715 0.19565212039147656 1.28e-08
1716 0.051249218996284297 6.62e-09
1717 0.23400567685299312 1.29e-08
1718 0.19565212039147667 1.58e-08
1719 0.051249218996284145 4.41e-09
1720 0.23400567685299298 8.44e-09
1721 0.19565212039147645 1.54e-08
1722 0.051249218996284041 3.27e-09
1723 0.051249218996284214 5.65e-09
1724 0.051249218996284228 4.42e-09
1725 0.051249218996284145 4.09e-09
1726 0.051249218996284165 4.14e-09
1727 0.051249218996284387 6.46e-09
1728 0.05124921899628429 7.18e-09
1729 0.23400567685299245 9.21e-09
1730 0.051249218996284117 3.99e-09
1731 0.051249218996284034 3.22e-09
1732 0.17886733742736322 1.57e-08
1733 0.23400567685299234 8.18e-09
1734 0.19565212039147692 7.66e-09
1735 0.051249218996284145 4.06e-09
1736 0.05124921899628402 4.62e-09
1737 0.051249218996284311 5.31e-09
1738 0.26767860546963296 1.56e-08
1739 0.051249218996284152 9.76e-09
1740 0.17886733742735905 8.53e-09
1741 0.051249218996284124 4.14e-09
1742 0.05124921899628411 5.07e-09
1743 0.051249218996284041 3.35e-09
1744 0.051249218996283923 2.6e-09
1745 0.051249218996284034 3.71e-09
1746 0.051249218996284075 4.09e-09
1747 0.0512492189962842 4.35e-09
1748 0.051249218996283978 3.12e-09
1749 0.051249218996284131 4.55e-09
1750 0.051249218996284075 3.69e-09
1751 0.051249218996283867 2.5e-09
1752 0.051249218996284179 4.81e-09
1753 0.051249218996283978 2.84e-09
1754 0.051249218996284068 3.49e-09
1755 0.17886733742735794 6.47e-09
1756 0.051249218996284027 3.39e-09
1757 0.195652120391477 1.55e-08
1758 0.2340056768529917 1.25e-08
1759 0.0512492189962842 4.57e-09
1760 0.23400567685299334 9.2e-09
1761 0.19565212039147753 9.16e-09
1762 0.19565212039147706 1.08e-08
1763 0.19565212039147811 1.15e-08
1764 0.23400567685299242 1.09e-08
1765 0.23400567685299339 1.57e-08
1766 0.195652120391478 1.16e-08
1767 0.051249218996284145 4.06e-09
1768 0.23400567685299331 9.24e-09
1769 0.19565212039147706 8.49e-09
1770 0.19565212039147867 1.22e-08
1771 0.051249218996284131 7.45e-09
1772 0.051249218996284339 5.19e-09
1773 0.051249218996284096 3.82e-09
1774 0.051249218996284054 3.37e-09
1775 0.29414667819039492 4.03e-08
1776 0.34159213938512395 3.58e-08
1777 0.051249218996284193 6.03e-09
1778 0.051249218996284179 4.45e-09
1779 0.19565212039147756 1.49e-08
1780 0.32558312951158419 1.68e-08
1781 0.26767860546962341 1.11e-08
1782 0.051249218996284124 4.94e-09
1783 0.051249218996284172 4.07e-09
1784 0.051249218996284179 4.14e-09
1785 0.19565212039147728 1.01e-08
1786 0.051249218996284041 3.29e-09
1787 0.29414667819046098 3.29e-08
1788 0.051249218996284096 4.2e-09
1789 0.19565212039147736 8.62e-09
1790 0.051249218996284145 5.06e-09
1791 0.051249218996284138 4.06e-09
1792 0.26194870771428064 1.76e-08
1793 0.051249218996283881 6.12e-09
1794 0.17886733742735864 2.06e-08
1795 0.19565212039147725 8.55e-09
1796 0.051249218996284263 7.34e-09
1797 0.27713209377671177 1.8e-08
1798 0.17886733742735869 8.94e-09
1799 0.051249218996284124 4.46e-09
1800 0.05124921899628429 7.76e-09
1801 0.23400567685299262 6.9e-09
1802 0.051249218996284047 3.27e-09
1803 0.051249218996284089 6.62e-09
1804 0.05124921899628402 3.35e-09
1805 0.17886733742735936 8.95e-09
1806 0.19565212039147706 7.92e-09
1807 0.051249218996283936 2.75e-09
1808 0.2676786054696304 1.18e-08
1809 0.051249218996284152 4.36e-09
1810 0.23400567685299284 1.35e-08
1811 0.051249218996283978 2.84e-09
1812 0.17886733742735883 7.79e-09
1813 0.051249218996284193 6.9e-09
1814 0.23400567685299375 9.62e-09
1815 0.17886733742735905 1.04e-08
1816 0.051249218996284089 3.59e-09
1817 0.23400567685299226 9.11e-09
1818 0.23400567685299289 1.37e-08
1819 0.051249218996283964 3.32e-09
1820 0.23400567685299195 6.51e-09
1821 0.051249218996284006 3.06e-09
1822 0.19565212039147736 1.25e-08
1823 0.051249218996284006 6.68e-09
1824 0.051249218996284054 4.07e-09
1825 0.051249218996284138 8.12e-09
1826 0.051249218996284103 3.68e-09
1827 0.29414667819040846 1.98e-08
1828 0.051249218996284089 4.08e-09
1829 0.051249218996284457 7.38e-09
1830 0.05124921899628429 4.83e-09
1831 0.051249218996283923 3.97e-09
1832 0.051249218996284047 4.43e-09
1833 0.051249218996284089 4.09e-09
1834 0.23400567685299192 5.68e-09
1835 0.051249218996284047 3.39e-09
1836 0.051249218996284159 4.33e-09
1837 0.051249218996284263 5.5e-09
1838 0.051249218996284145 4.29e-09
1839 0.051249218996284346 5.14e-09
1840 0.051249218996284013 3.08e-09
1841 0.051249218996284242 4.51e-09
1842 0.051249218996284193 4.28e-09
1843 0.051249218996283992 4.73e-09
1844 0.23400567685299306 1.05e-08
1845 0.051249218996284165 6.76e-09
1846 0.19565212039147659 6.16e-09
1847 0.051249218996283902 2.54e-09
1848 0.051249218996284006 3.11e-09
1849 0.051249218996284436 1.04e-08
1850 0.051249218996284047 5.25e-09
1851 0.051249218996283902 3.32e-09
1852 0.23400567685299289 8.63e-09
1853 0.051249218996284145 4.02e-09
1854 0.051249218996283957 2.72e-09
1855 0.051249218996284082 5.42e-09
1856 0.051249218996284256 4.62e-09
1857 0.23400567685299453 2.3e-08
1858 0.17886733742735947 1.11e-08
1859 0.051249218996284075 3.52e-09
1860 0.051249218996283957 2.67e-09
1861 0.051249218996284152 5.66e-09
1862 0.051249218996284082 5.92e-09
1863 0.051249218996284145 4.84e-09
1864 0.051249218996284235 6.49e-09
1865 0.051249218996283978 6.11e-09
1866 0.051249218996284027 4.38e-09
1867 0.23400567685299425 1.07e-08
1868 0.051249218996284172 4.82e-09
1869 0.051249218996284193 6.13e-09
1870 0.051249218996284276 5.04e-09
1871 0.051249218996284096 3.7e-09
1872 0.19565212039147636 6.95e-09
1873 0.05124921899628411 3.81e-09
1874 0.19565212039147642 5.4e-09
1875 0.051249218996284041 3.34e-09
1876 0.05124921899628411 3.9e-09
1877 0.051249218996284131 3.86e-09
1878 0.051249218996283992 2.97e-09
1879 0.051249218996284353 9.24e-09
1880 0.051249218996284346 6.24e-09
1881 0.051249218996283985 5.87e-09
1882 0.19565212039147664 9.57e-09
1883 0.051249218996284061 3.98e-09
1884 0.051249218996284013 3.12e-09
1885 0.051249218996284179 4.45e-09
1886 0.051249218996284165 4.5e-09
1887 0.051249218996284047 5.96e-09
1888 0.051249218996284082 5.31e-09
1889 0.19565212039147728 1.22e-08
1890 0.051249218996284034 3.4e-09
1891 0.23400567685299289 8e-09
1892 0.051249218996284235 5.35e-09
1893 0.051249218996284374 5.46e-09
1894 0.051249218996284304 4.98e-09
1895 0.051249218996284145 4.09e-09
1896 0.051249218996284061 3.39e-09
1897 0.26194870771427625 8.2e-09
1898 0.19565212039147625 4.74e-09
1899 0.051249218996284283 4.78e-09
1900 0.23400567685299334 9.26e-09
1901 0.051249218996284054 3.87e-09
1902 0.051249218996284054 3.37e-09
1903 0.051249218996284124 3.95e-09
1904 0.051249218996284027 3.77e-09
1905 0.17886733742736027 1.09e-08
1906 0.051249218996284054 4.47e-09
1907 0.23400567685299231 7.83e-09
1908 0.17886733742735933 1.28e-08
1909 0.051249218996283916 5.78e-09
1910 0.051249218996283964 4.29e-09
1911 0.051249218996283971 3e-09
1912 0.051249218996284152 4.81e-09
1913 0.051249218996284263 6.83e-09
1914 0.2340056768529919 6.3e-09
1915 0.17886733742735941 1.09e-08
1916 0.051249218996284027 3.44e-09
1917 0.051249218996284207 4.49e-09
1918 0.051249218996284186 4.43e-09
1919 0.051249218996284131 4.18e-09
1920 0.23400567685299287 1e-08
1921 0.051249218996284124 6.46e-09
1922 0.2941466781903781 1.85e-08
1923 0.051249218996283943 6.78e-09
1924 0.26194870771428042 1.56e-08
1925 0.17886733742735769 1.01e-08
1926 0.051249218996284339 6.44e-09
1927 0.051249218996284561 1.13e-08
1928 0.23400567685299178 4.38e-09
1929 0.17886733742736327 1.37e-08
1930 0.19565212039147736 9.6e-09
1931 0.23400567685299259 9.47e-09
1932 0.17886733742736322 1.39e-08
1933 0.21223225941084828 2.31e-08
1934 0.051249218996284061 6.16e-09
1935 0.05124921899628411 3.8e-09
1936 0.26194870771428341 1.37e-08
1937 0.19565212039147714 8.01e-09
1938 0.051249218996284082 3.55e-09
1939 0.23400567685299428 1.12e-08
1940 0.05124921899628429 4.79e-09
1941 0.051249218996284089 9.07e-09
1942 0.051249218996284263 6.54e-09
1943 0.051249218996284047 3.39e-09
1944 0.051249218996284186 4.26e-09
1945 0.051249218996284054 3.31e-09
1946 0.051249218996284547 8.25e-09
1947 0.17886733742736236 1.14e-08
1948 0.051249218996283999 2.91e-09
1949 0.0512492189962842 4.59e-09
1950 0.051249218996284117 3.83e-09
1951 0.26767860546962779 2.66e-08
1952 0.2340056768529935 8.86e-09
1953 0.19565212039147692 7.23e-09
1954 0.0512492189962842 5.83e-09
1955 0.051249218996283999 6.51e-09
1956 0.051249218996284103 3.83e-09
1957 0.051249218996283978 3.28e-09
1958 0.234005676852996 1.32e-08
1959 0.051249218996284082 3.96e-09
1960 0.051249218996284054 3.41e-09
1961 0.051249218996284061 3.77e-09
1962 0.051249218996284006 3.24e-09
1963 0.051249218996284117 3.83e-09
1964 0.051249218996284013 3.08e-09
1965 0.17886733742735897 8.66e-09
1966 0.051249218996283909 2.41e-09
1967 0.17886733742735936 1.13e-08
1968 0.0512492189962842 4.34e-09
1969 0.23400567685299373 9.89e-09
1970 0.05124921899628393 2.39e-09
1971 0.051249218996284235 4.79e-09
1972 0.051249218996283999 5.43e-09
1973 0.051249218996284145 5.54e-09
1974 0.051249218996284054 3.52e-09
1975 0.051249218996284145 4.04e-09
1976 0.051249218996284138 5.84e-09
1977 0.051249218996284193 4.49e-09
1978 0.051249218996284096 4.24e-09
1979 0.051249218996284221 4.97e-09
1980 0.051249218996283978 2.85e-09
1981 0.051249218996284006 3.92e-09
1982 0.051249218996284061 3.57e-09
1983 0.051249218996283971 4.25e-09
1984 0.051249218996284006 3.28e-09
1985 0.23400567685299345 1.15e-08
1986 0.051249218996284207 4.62e-09
1987 0.051249218996284068 3.45e-09
1988 0.051249218996284027 3.18e-09
1989 0.051249218996284103 3.73e-09
1990 0.19565212039147795 1.14e-08
1991 0.051249218996284047 4.2e-09
1992 0.051249218996284082 6.93e-09
1993 0.051249218996284027 3.58e-09
1994 0.051249218996284068 6.34e-09
1995 0.19565212039147681 6.98e-09
1996 0.19565212039147653 9.51e-09
1997 0.23400567685299362 1.21e-08
1998 0.21223225941084187 2.39e-08
1999 0.051249218996284193 4.38e-09
2000 0.23400567685299198 8.87e-09
2001 0.051249218996284082 3.59e-09
2002 0.051249218996284096 3.68e-09
2003 0.19565212039147736 8.81e-09
2004 0.051249218996284075 4.08e-09
2005 0.051249218996284082 4.88e-09
2006 0.23400567685299162 4.94e-09
2007 0.051249218996284013 4.56e-09
2008 0.21223225941084051 2.2e-08
2009 0.32558312951140667 1.39e-08
2010 0.051249218996284145 6.38e-09
2011 0.17886733742735828 1.37e-08
2012 0.2619487077142828 1.4e-08
2013 0.05124921899628411 3.87e-09
2014 0.051249218996284408 6.47e-09
2015 0.051249218996284214 4.39e-09
2016 0.051249218996284145 6.71e-09
2017 0.051249218996284096 3.62e-09
2018 0.051249218996283957 2.62e-09
2019 0.051249218996284408 5.71e-09
2020 0.26767860546962075 1.01e-08
2021 0.051249218996284054 8.68e-09
2022 0.23400567685299228 6.39e-09
2023 0.051249218996284124 4.75e-09
2024 0.051249218996284027 3.9e-09
2025 0.051249218996284117 4.7e-09
2026 0.051249218996284131 7.04e-09
2027 0.051249218996284047 3.92e-09
2028 0.17886733742736896 2.71e-08
2029 0.051249218996283902 5.84e-09
2030 0.051249218996284041 3.28e-09
2031 0.051249218996284054 3.54e-09
2032 0.051249218996283943 3.5e-09
2033 0.234005676852994 9.93e-09
2034 0.05124921899628445 5.99e-09
2035 0.051249218996284117 5.42e-09
2036 0.23400567685299528 2.02e-08
2037 0.051249218996284374 5.51e-09
2038 0.051249218996284179 4.14e-09
2039 0.19565212039147725 9.19e-09
2040 0.051249218996284124 3.75e-09
2041 0.051249218996284152 4.27e-09
2042 0.051249218996283964 5.95e-09
2043 0.051249218996283999 3.67e-09
2044 0.051249218996284318 5.35e-09
2045 0.051249218996283923 1.1e-08
2046 0.0512492189962842 9.26e-09
2047 0.1956521203914775 9.44e-09
2048 0.051249218996284179 4.12e-09
2049 0.051249218996283971 2.83e-09
2050 0.051249218996283923 2.57e-09
2051 0.051249218996284207 6.86e-09
2052 0.051249218996284096 6.4e-09
2053 0.051249218996284214 4.71e-09
2054 0.051249218996284145 5.97e-09
2055 0.051249218996284387 7.41e-09
2056 0.051249218996283881 2.37e-09
2057 0.19565212039147792 1.44e-08
2058 0.1956521203914765 9.04e-09
2059 0.051249218996284013 4.72e-09
2060 0.19565212039147703 1.13e-08
2061 0.051249218996283985 2.9e-09
2062 0.17886733742735914 6.93e-09
2063 0.051249218996284013 3.09e-09
2064 0.051249218996284096 4.11e-09
2065 0.051249218996284096 4.47e-09
2066 0.051249218996284124 3.89e-09
2067 0.19565212039147661 7.13e-09
2068 0.051249218996284075 3.53e-09
2069 0.05124921899628402 3.52e-09
2070 0.19565212039147645 5.62e-09
2071 0.051249218996284387 6.98e-09
2072 0.23400567685299412 1.02e-08
2073 0.19565212039147784 1.17e-08
2074 0.19565212039147689 7.25e-09
2075 0.051249218996284429 5.7e-09
2076 0.051249218996284075 3.55e-09
2077 0.051249218996284138 4.05e-09
2078 0.051249218996284034 3.45e-09
2079 0.05124921899628429 4.71e-09
2080 0.05124921899628402 6.42e-09
2081 0.051249218996283978 3.17e-09
2082 0.23400567685299409 9.86e-09
2083 0.051249218996284256 4.59e-09
2084 0.051249218996284041 3.7e-09
2085 0.1788673374273593 8.91e-09
2086 0.19565212039147753 9.74e-09
2087 0.051249218996284034 3.18e-09
2088 0.051249218996284027 3.17e-09
2089 0.051249218996284276 5.95e-09
2090 0.051249218996284075 3.55e-09
2091 0.051249218996284165 4.13e-09
2092 0.051249218996284082 8.84e-09
2093 0.051249218996284256 5.36e-09
2094 0.19565212039147725 9.54e-09
2095 0.19565212039147636 5.12e-09
2096 0.051249218996284179 5.24e-09
2097 0.051249218996284124 4.63e-09
2098 0.1956521203914767 6.51e-09
2099 0.051249218996284145 5.54e-09
2100 0.051249218996284089 4.19e-09
2101 0.17886733742736152 1.19e-08
2102 0.2340056768529919 6.2e-09
2103 0.051249218996284054 3.71e-09
2104 0.051249218996284082 3.84e-09
2105 0.051249218996284179 4.19e-09
2106 0.051249218996284047 3.28e-09
2107 0.051249218996284159 4.79e-09
2108 0.051249218996283964 2.78e-09
2109 0.051249218996284408 6.82e-09
2110 0.051249218996284103 3.74e-09
2111 0.051249218996284103 3.78e-09
2112 0.051249218996284471 5.61e-09
2113 0.051249218996284061 3.43e-09
2114 0.051249218996284027 3.22e-09
2115 0.051249218996284138 5.64e-09
2116 0.05124921899628411 3.82e-09
2117 0.051249218996284159 4.79e-09
2118 0.051249218996284172 4.33e-09
2119 0.051249218996284082 3.67e-09
2120 0.27713209377671016 9.23e-09
2121 0.23400567685299403 1.17e-08
2122 0.051249218996284034 3.23e-09
2123 0.23400567685299264 8.56e-09
2124 0.05124921899628429 5.39e-09
2125 0.051249218996284207 4.69e-09
2126 0.051249218996284242 6.03e-09
2127 0.05124921899628411 3.89e-09
2128 0.051249218996284228 8.76e-09
2129 0.051249218996284297 5.25e-09
2130 0.051249218996284096 3.81e-09
2131 0.19565212039147767 1.02e-08
2132 0.051249218996284041 3.64e-09
2133 0.051249218996284013 3.34e-09
2134 0.051249218996284047 3.32e-09
2135 0.051249218996284138 4.06e-09
2136 0.21223225941083815 1.07e-08
2137 0.051249218996284103 3.87e-09
2138 0.19565212039147661 7.85e-09
2139 0.2122322594108377 1.15e-08
2140 0.051249218996284082 3.58e-09
2141 0.23400567685299309 1.15e-08
2142 0.051249218996283971 3.21e-09
2143 0.051249218996284089 4.61e-09
2144 0.051249218996283936 2.52e-09
2145 0.051249218996284165 4.16e-09
2146 0.29414667819041157 3.04e-08
2147 0.051249218996284311 5.21e-09
2148 0.051249218996283992 3.03e-09
2149 0.0512492189962842 5.69e-09
2150 0.19565212039147689 8.74e-09
2151 0.051249218996284034 3.55e-09
2152 0.26767860546962452 1.2e-08
2153 0.19565212039147692 1.31e-08
2154 0.23400567685299234 7.41e-09
2155 0.051249218996283957 3.38e-09
2156 0.051249218996284082 3.95e-09
2157 0.051249218996284263 4.63e-09
2158 0.051249218996284367 6.02e-09
2159 0.2340056768529932 1.22e-08
2160 0.051249218996283999 7.32e-09
2161 0.051249218996284096 4.99e-09
2162 0.051249218996284103 3.72e-09
2163 0.051249218996283957 5.93e-09
2164 0.051249218996284401 5.88e-09
2165 0.19565212039147695 1.35e-08
2166 0.051249218996284249 4.56e-09
2167 0.051249218996284061 3.9e-09
2168 0.19565212039147711 8.69e-09
2169 0.051249218996284547 6.13e-09
2170 0.19565212039147731 1.08e-08
2171 0.051249218996283881 1.89e-09
2172 0.051249218996284193 4.7e-09
2173 0.051249218996284082 3.78e-09
2174 0.051249218996283971 6.22e-09
2175 0.23400567685299251 1.57e-08
2176 0.051249218996284013 3.29e-09
2177 0.17886733742736011 1.24e-08
2178 0.05124921899628402 3.45e-09
2179 0.19565212039147684 9.96e-09
2180 0.05124921899628445 5.58e-09
2181 0.051249218996284068 3.75e-09
2182 0.19565212039147675 7.93e-09
2183 0.051249218996284159 4.25e-09
2184 0.051249218996284193 4.53e-09
2185 0.19565212039147742 9.02e-09
2186 0.051249218996284041 3.28e-09
2187 0.23400567685299284 9.76e-09
2188 0.051249218996284068 5.09e-09
2189 0.051249218996283985 3.03e-09
2190 0.051249218996284047 5.45e-09
2191 0.1788673374273638 1.42e-08
2192 0.17886733742735914 1.12e-08
2193 0.23400567685299334 1.13e-08
2194 0.051249218996284311 7.08e-09
2195 0.051249218996284117 4.72e-09
2196 0.051249218996284297 4.84e-09
2197 0.051249218996284353 5.29e-09
2198 0.051249218996284075 3.68e-09
2199 0.23400567685299353 1.16e-08
2200 0.051249218996284228 5.15e-09
2201 0.051249218996284041 3.3e-09
2202 0.051249218996284221 6.03e-09
2203 0.051249218996284047 5.43e-09
2204 0.051249218996284068 3.62e-09
2205 0.051249218996284152 4.29e-09
2206 0.051249218996284131 6.12e-09
2207 0.051249218996284041 3.37e-09
2208 0.051249218996283992 2.97e-09
2209 0.21223225941083843 1.1e-08
2210 0.05124921899628411 3.85e-09
2211 0.051249218996284103 3.76e-09
2212 0.051249218996284214 4.45e-09
2213 0.051249218996284138 3.95e-09
2214 0.051249218996284526 5.86e-09
2215 0.05124921899628411 4.07e-09
2216 0.051249218996284138 9.48e-09
2217 0.21223225941083765 2.47e-08
2218 0.051249218996284131 1.03e-08
2219 0.051249218996284082 3.63e-09
2220 0.23400567685299195 6.55e-09
2221 0.051249218996284325 5e-09
2222 0.051249218996283985 3.01e-09
2223 0.23400567685299187 5.37e-09
2224 0.051249218996284138 3.99e-09
2225 0.05124921899628395 2.71e-09
2226 0.23400567685299314 1.05e-08
2227 0.051249218996284325 7.04e-09
2228 0.21223225941084045 1.34e-08
2229 0.051249218996284041 3.32e-09
2230 0.051249218996284394 5.6e-09
2231 0.051249218996284499 6.61e-09
2232 0.051249218996283971 3.59e-09
2233 0.051249218996284297 5.14e-09
2234 0.051249218996284006 3.28e-09
2235 0.23400567685299248 6.81e-09
2236 0.23400567685299395 1.36e-08
2237 0.051249218996283992 3.02e-09
2238 0.051249218996283964 2.92e-09
2239 0.051249218996284193 4.45e-09
2240 0.051249218996284138 5.37e-09
2241 0.051249218996284047 4.81e-09
2242 0.19565212039147648 8.06e-09
2243 0.05124921899628411 3.82e-09
2244 0.051249218996284041 3.29e-09
2245 0.051249218996284179 5.85e-09
2246 0.23400567685299259 7.41e-09
2247 0.23400567685299339 9.48e-09
2248 0.21223225941086254 2.48e-08
2249 0.23400567685299367 1.28e-08
2250 0.051249218996284131 3.85e-09
2251 0.051249218996284172 4.15e-09
2252 0.23400567685299317 8.07e-09
2253 0.051249218996284041 3.95e-09
2254 0.051249218996284047 3.45e-09
2255 0.051249218996284263 5.13e-09
2256 0.051249218996284165 6.61e-09
2257 0.051249218996284054 3.44e-09
2258 0.05124921899628402 3.47e-09
2259 0.051249218996284006 2.99e-09
2260 0.23400567685299312 7.92e-09
2261 0.051249218996284159 1.04e-08
2262 0.051249218996284131 6.99e-09
2263 0.05124921899628445 8.31e-09
2264 0.051249218996284235 1.09e-08
2265 0.051249218996284242 4.5e-09
2266 0.051249218996284256 4.99e-09
2267 0.051249218996284179 4.37e-09
2268 0.19565212039147631 1.2e-08
2269 0.051249218996284256 8.56e-09
2270 0.27713209377670917 8.72e-09
2271 0.27713209377670928 7.98e-09
2272 0.05124921899628402 3.51e-09
2273 0.051249218996284054 7.27e-09
2274 0.051249218996283971 2.83e-09
2275 0.19565212039147764 1.08e-08
2276 0.051249218996284082 3.81e-09
2277 0.23400567685299273 6.89e-09
2278 0.051249218996284276 4.79e-09
2279 0.051249218996284131 4.66e-09
2280 0.051249218996284013 3.62e-09
2281 0.051249218996284013 3.5e-09
2282 0.19565212039147725 9.69e-09
2283 0.051249218996284325 5.85e-09
2284 0.05124921899628445 5.97e-09
2285 0.051249218996284596 7.04e-09
2286 0.051249218996284117 4.09e-09
2287 0.23400567685299228 7.5e-09
2288 0.051249218996284061 3.68e-09
2289 0.051249218996284103 4.01e-09
2290 0.051249218996284172 5.07e-09
2291 0.051249218996284034 4.11e-09
2292 0.051249218996284006 3.21e-09
2293 0.23400567685299237 1.27e-08
2294 0.19565212039147711 9.19e-09
2295 0.21223225941084153 1.51e-08
2296 0.051249218996284103 3.95e-09
2297 0.19565212039147706 7.85e-09
2298 0.051249218996284346 5.29e-09
2299 0.29414667819036067 2.1e-08
2300 0.17886733742735925 8.73e-09
2301 0.051249218996283923 2.76e-09
2302 0.05124921899628402 3.9e-09
2303 0.051249218996284179 4.26e-09
2304 0.19565212039147656 1.19e-08
2305 0.051249218996284006 6.3e-09
2306 0.051249218996284027 4.38e-09
2307 0.17886733742735975 9.85e-09
2308 0.0512492189962847 8.67e-09
2309 0.051249218996284263 5.11e-09
2310 0.26194870771427969 1.06e-08
2311 0.051249218996284117 3.96e-09
2312 0.051249218996284165 4.34e-09
2313 0.051249218996284027 9.69e-09
2314 0.19565212039147784 1.02e-08
2315 0.19565212039147734 8.62e-09
2316 0.051249218996284089 4.19e-09
2317 0.051249218996284179 4.23e-09
2318 0.051249218996284304 4.98e-09
2319 0.051249218996284006 3.41e-09
2320 0.051249218996284068 3.43e-09
2321 0.051249218996283916 3.35e-09
2322 0.051249218996284013 4.5e-09
2323 0.051249218996284034 3.22e-09
2324 0.051249218996284325 5.52e-09
2325 0.051249218996284082 4.12e-09
2326 0.051249218996284089 3.85e-09
2327 0.21223225941084231 2.35e-08
2328 0.051249218996283943 5.33e-09
2329 0.23400567685299234 8.19e-09
2330 0.051249218996284152 4.28e-09
2331 0.051249218996284325 6.74e-09
2332 0.051249218996284318 5.1e-09
2333 0.051249218996284027 4.02e-09
2334 0.2340056768529935 8.83e-09
2335 0.051249218996283971 2.87e-09
2336 0.051249218996284471 6.08e-09
2337 0.19565212039147697 7.81e-09
2338 0.23400567685299375 1.02e-08
2339 0.051249218996284068 3.81e-09
2340 0.23400567685299289 9.86e-09
2341 0.051249218996284235 4.45e-09
2342 0.051249218996283992 7.73e-09
2343 0.19565212039147689 7.08e-09
2344 0.051249218996284138 4.2e-09
2345 0.051249218996284138 5.54e-09
2346 0.051249218996284054 3.72e-09
2347 0.051249218996284054 6.57e-09
2348 0.05124921899628402 5.42e-09
2349 0.051249218996284242 4.61e-09
2350 0.23400567685299314 9.2e-09
2351 0.051249218996283992 2.9e-09
2352 0.19565212039147792 1.06e-08
2353 0.1956521203914765 6.43e-09
2354 0.26194870771427697 1.2e-08
2355 0.051249218996283943 5.99e-09
2356 0.05124921899628402 3.25e-09
2357 0.19565212039147709 1.07e-08
2358 0.1956521203914772 9.13e-09
2359 0.051249218996284186 4.24e-09
2360 0.051249218996284061 3.96e-09
2361 0.051249218996284034 3.33e-09
2362 0.051249218996284381 7.58e-09
2363 0.051249218996284047 3.73e-09
2364 0.051249218996283964 2.84e-09
2365 0.19565212039147695 8.55e-09
2366 0.051249218996284054 4.32e-09
2367 0.051249218996284006 3.1e-09
2368 0.23400567685299373 1.63e-08
2369 0.23400567685299284 1.12e-08
2370 0.19565212039147725 1.01e-08
2371 0.05124921899628436 5.41e-09
2372 0.051249218996284401 7.25e-09
2373 0.23400567685299253 1.83e-08
2374 0.19565212039147753 1.03e-08
2375 0.051249218996284075 3.62e-09
2376 0.051249218996284117 4.26e-09
2377 0.051249218996284152 4.25e-09
2378 0.19565212039147753 9.33e-09
2379 0.19565212039147686 8.15e-09
2380 0.23400567685299234 7.73e-09
2381 0.051249218996283964 5.96e-09
2382 0.178867337427358 6.55e-09
2383 0.051249218996283964 2.69e-09
2384 0.051249218996284096 4.42e-09
2385 0.051249218996284159 4.12e-09
2386 0.051249218996284047 4.58e-09
2387 0.051249218996283978 2.82e-09
2388 0.051249218996284034 3.48e-09
2389 0.051249218996284068 4.56e-09
2390 0.17886733742736094 1.09e-08
2391 0.051249218996284006 3.4e-09
2392 0.23400567685299592 1.33e-08
2393 0.19565212039147656 6.77e-09
2394 0.051249218996284145 5.39e-09
2395 0.1788673374273628 1.31e-08
2396 0.051249218996284131 3.99e-09
2397 0.051249218996284256 6.36e-09
2398 0.23400567685299337 1.66e-08
2399 0.05124921899628402 3.79e-09
2400 0.051249218996284082 3.92e-09
2401 0.17886733742735766 9.36e-09
2402 0.19565212039147742 2.23e-08
2403 0.05124921899628395 3.17e-09
2404 0.051249218996284006 3.25e-09
2405 0.051249218996284165 7.62e-09
2406 0.051249218996284138 4.42e-09
2407 0.19565212039147675 8.19e-09
2408 0.051249218996284054 3.35e-09
2409 0.051249218996284221 7.18e-09
2410 0.051249218996283978 2.95e-09
2411 0.051249218996284318 6.37e-09
2412 0.051249218996284096 3.82e-09
2413 0.051249218996284353 7.77e-09
2414 0.23400567685299201 4.95e-09
2415 0.051249218996284589 6.72e-09
2416 0.26194870771427942 1.82e-08
2417 0.051249218996284297 4.9e-09
2418 0.19565212039147792 2.13e-08
2419 0.051249218996284124 3.84e-09
2420 0.051249218996284172 7.36e-09
2421 0.051249218996284075 3.7e-09
2422 0.051249218996283992 6.52e-09
2423 0.051249218996284124 4.51e-09
2424 0.051249218996284214 4.75e-09
2425 0.23400567685299312 1e-08
2426 0.23400567685299228 7.98e-09
2427 0.051249218996284131 3.96e-09
2428 0.26194870771428125 1.35e-08
2429 0.05124921899628411 3.98e-09
2430 0.27713209377670922 7.35e-09
2431 0.26767860546962308 1.09e-08
2432 0.21223225941084004 2.59e-08
2433 0.051249218996284207 4.43e-09
2434 0.051249218996284193 4.3e-09
2435 0.19565212039147756 1.49e-08
2436 0.051249218996284089 3.8e-09
2437 0.277132093776711 1.91e-08
2438 0.051249218996284054 3.59e-09
2439 0.051249218996284047 3.31e-09
2440 0.1956521203914767 7.68e-09
2441 0.05124921899628402 3.54e-09
2442 0.051249218996284214 4.81e-09
2443 0.051249218996284263 4.67e-09
2444 0.23400567685299387 1.26e-08
2445 0.051249218996283916 2.39e-09
2446 0.051249218996284075 3.84e-09
2447 0.051249218996284041 3.32e-09
2448 0.051249218996284221 1.03e-08
2449 0.051249218996284089 4.32e-09
2450 0.051249218996284339 5.76e-09
2451 0.051249218996283985 3.21e-09
2452 0.1788673374273598 1.38e-08
2453 0.051249218996284041 3.46e-09
2454 0.051249218996284013 5.06e-09
2455 0.051249218996283971 3.38e-09
2456 0.051249218996284124 3.93e-09
2457 0.051249218996284325 9.29e-09
2458 0.051249218996284027 3.75e-09
2459 0.051249218996283999 3.24e-09
2460 0.05124921899628395 7.64e-09
2461 0.051249218996284145 4.97e-09
2462 0.051249218996284186 5.13e-09
2463 0.26194870771427808 1.83e-08
2464 0.23400567685299462 1.11e-08
2465 0.051249218996284159 4.39e-09
2466 0.23400567685299223 6.96e-09
2467 0.19565212039147692 8.55e-09
2468 0.26194870771428524 2.37e-08
2469 0.051249218996284061 3.75e-09
2470 0.051249218996284228 5.11e-09
2471 0.17886733742736027 9.62e-09
2472 0.051249218996284221 4.67e-09
2473 0.051249218996284103 3.97e-09
2474 0.051249218996284054 3.52e-09
2475 0.051249218996283902 2.26e-09
2476 0.051249218996284297 5.83e-09
2477 0.05124921899628393 2.42e-09
2478 0.051249218996284152 4.23e-09
2479 0.051249218996284381 7.04e-09
2480 0.051249218996284283 6.21e-09
2481 0.17886733742735872 6.35e-09
2482 0.051249218996284068 5.17e-09
2483 0.051249218996283909 2.35e-09
2484 0.051249218996284207 4.65e-09
2485 0.051249218996284367 6.83e-09
2486 0.051249218996284027 4.4e-09
2487 0.051249218996283943 2.52e-09
2488 0.051249218996284172 4.79e-09
2489 0.051249218996284082 6.42e-09
2490 0.051249218996283992 5e-09
2491 0.23400567685299298 1.78e-08
2492 0.23400567685299284 1.83e-08
2493 0.051249218996284124 4.18e-09
2494 0.051249218996284054 3.81e-09
2495 0.051249218996284124 4.37e-09
2496 0.051249218996284131 3.96e-09
2497 0.051249218996284311 5.04e-09
2498 0.051249218996284013 3.32e-09
2499 0.17886733742736197 1.09e-08
2500 0.051249218996283957 2.63e-09
2501 0.051249218996283853 1.34e-09
2502 0.051249218996284152 4.38e-09
2503 0.051249218996284068 4.16e-09
2504 0.05124921899628427 4.69e-09
2505 0.051249218996284304 1.07e-08
2506 0.05124921899628402 3.29e-09
2507 0.23400567685299214 6.11e-09
2508 0.051249218996283992 2.89e-09
2509 0.051249218996284214 5.29e-09
2510 0.05124921899628395 8.65e-09
2511 0.051249218996283985 4.57e-09
2512 0.051249218996284089 4.29e-09
2513 0.051249218996283985 3.24e-09
2514 0.051249218996284117 8.27e-09
2515 0.19565212039147661 9.49e-09
2516 0.051249218996284027 5.16e-09
2517 0.051249218996284172 5.33e-09
2518 0.051249218996284068 3.7e-09
2519 0.051249218996284013 3.88e-09
2520 0.051249218996284221 4.59e-09
2521 0.05124921899628395 3.49e-09
2522 0.1956521203914767 8.35e-09
2523 0.051249218996284297 5.21e-09
2524 0.051249218996284193 4.47e-09
2525 0.051249218996283999 3.21e-09
2526 0.051249218996284075 3.58e-09
2527 0.051249218996283957 3.05e-09
2528 0.195652120391477 9.52e-09
2529 0.051249218996284138 3.97e-09
2530 0.05124921899628402 5.14e-09
2531 0.19565212039147772 9.78e-09
2532 0.23400567685299414 1.17e-08
2533 0.051249218996284054 3.52e-09
2534 0.051249218996284027 3.14e-09
2535 0.051249218996284263 4.93e-09
2536 0.17886733742736161 1.14e-08
2537 0.051249218996283923 2.79e-09
2538 0.051249218996284089 3.8e-09
2539 0.051249218996284006 3.24e-09
2540 0.051249218996284145 6.29e-09
2541 0.23400567685299187 5.16e-09
2542 0.23400567685299312 9.1e-09
2543 0.23400567685299239 8.31e-09
2544 0.051249218996284075 4.46e-09
2545 0.051249218996284089 4.02e-09
2546 0.051249218996284152 4.4e-09
2547 0.051249218996283818 2.57e-09
2548 0.051249218996284186 4.2e-09
2549 0.19565212039147645 6.66e-09
2550 0.051249218996284401 6.69e-09
2551 0.051249218996284096 4.74e-09
2552 0.23400567685299203 7.03e-09
2553 0.051249218996284041 3.49e-09
2554 0.17886733742736458 1.39e-08
2555 0.051249218996284041 3.31e-09
2556 0.051249218996284131 3.85e-09
2557 0.23400567685299231 6.24e-09
2558 0.051249218996283916 3.17e-09
2559 0.051249218996284034 3.17e-09
2560 0.23400567685299203 1.19e-08
2561 0.17886733742736252 1.28e-08
2562 0.051249218996284193 4.35e-09
2563 0.1956521203914772 9.1e-09
2564 0.051249218996284041 3.58e-09
2565 0.051249218996284387 5.75e-09
2566 0.051249218996284242 4.63e-09
2567 0.26194870771427781 1.04e-08
2568 0.051249218996284429 6.01e-09
2569 0.051249218996284228 5.08e-09
2570 0.19565212039147814 1.08e-08
2571 0.051249218996284117 3.82e-09
2572 0.17886733742735839 1.03e-08
2573 0.051249218996284103 4.68e-09
2574 0.051249218996284492 9.22e-09
2575 0.21223225941084042 1.55e-08
2576 0.051249218996283971 4.31e-09
2577 0.19565212039147714 9.25e-09
2578 0.051249218996284075 3.88e-09
2579 0.051249218996284249 8.65e-09
2580 0.23400567685299289 9.98e-09
2581 0.051249218996284394 6.23e-09
2582 0.1956521203914775 1.82e-08
2583 0.0512492189962842 5.08e-09
2584 0.23400567685299328 8.34e-09
2585 0.051249218996284159 5.42e-09
2586 0.051249218996284186 4.44e-09
2587 0.051249218996284165 5.2e-09
2588 0.19565212039147672 9.72e-09
2589 0.23400567685299364 1.11e-08
2590 0.051249218996284186 4.92e-09
2591 0.051249218996284089 3.7e-09
2592 0.23400567685299623 1.36e-08
2593 0.051249218996284228 4.86e-09
2594 0.21223225941084059 2.24e-08
2595 0.051249218996284374 6.59e-09
2596 0.23400567685299306 7.92e-09
2597 0.051249218996284117 3.83e-09
2598 0.0512492189962842 4.61e-09
2599 0.051249218996284006 3.15e-09
2600 0.19565212039147731 1.2e-08
2601 0.051249218996284207 4.57e-09
2602 0.23400567685299406 1.01e-08
2603 0.19565212039147692 8.28e-09
2604 0.051249218996284186 4.27e-09
2605 0.051249218996284256 6.21e-09
2606 0.051249218996283916 2.84e-09
2607 0.19565212039147734 8.98e-09
2608 0.051249218996284068 4.76e-09
2609 0.051249218996284096 3.91e-09
2610 0.23400567685299317 8.74e-09
2611 0.051249218996284041 4.38e-09
2612 0.05124921899628411 3.88e-09
2613 0.27713209377670939 8.35e-09
2614 0.19565212039147695 8.35e-09
2615 0.051249218996284221 4.87e-09
2616 0.23400567685299342 8.66e-09
2617 0.051249218996284276 5.63e-09
2618 0.051249218996284256 6.82e-09
2619 0.051249218996284131 4.14e-09
2620 0.05124921899628429 6.06e-09
2621 0.19565212039147772 9.94e-09
2622 0.23400567685299362 9.09e-09
2623 0.051249218996284179 4.2e-09
2624 0.051249218996284256 5.18e-09
2625 0.27713209377670944 9.41e-09
2626 0.051249218996284554 6.39e-09
2627 0.051249218996284068 4.57e-09
2628 0.051249218996284103 3.76e-09
2629 0.19565212039147695 7.51e-09
2630 0.05124921899628402 5.92e-09
2631 0.051249218996284512 6.33e-09
2632 0.051249218996284117 3.83e-09
2633 0.05124921899628454 8.9e-09
2634 0.05124921899628402 3.2e-09
2635 0.051249218996284193 4.23e-09
2636 0.051249218996284082 5.64e-09
2637 0.1788673374273668 2.17e-08
2638 0.23400567685299173 6.34e-09
2639 0.23400567685299231 7.84e-09
2640 0.051249218996284096 3.96e-09
2641 0.051249218996284221 4.37e-09
2642 0.19565212039147706 1.11e-08
2643 0.051249218996283964 3.01e-09
2644 0.051249218996284165 4.09e-09
2645 0.051249218996284332 5.01e-09
2646 0.26194870771428364 2e-08
2647 0.051249218996284138 3.9e-09
2648 0.051249218996284117 4.23e-09
2649 0.23400567685299267 6.89e-09
2650 0.051249218996284131 5.45e-09
2651 0.051249218996284159 4.07e-09
2652 0.051249218996284165 4.08e-09
2653 0.051249218996284186 8.71e-09
2654 0.051249218996284165 4.08e-09
2655 0.051249218996283923 6.34e-09
2656 0.2340056768529919 5.54e-09
2657 0.178867337427361 1.32e-08
2658 0.19565212039147672 8.83e-09
2659 0.05124921899628411 4.06e-09
2660 0.051249218996284124 4.12e-09
2661 0.051249218996283957 5.48e-09
2662 0.051249218996283985 2.88e-09
2663 0.051249218996284027 3.21e-09
2664 0.051249218996284214 5.89e-09
2665 0.26194870771428264 1.27e-08
2666 0.051249218996284089 3.69e-09
2667 0.051249218996283971 3.1e-09
2668 0.051249218996284214 4.36e-09
2669 0.17886733742735988 9.85e-09
2670 0.051249218996284013 3.43e-09
2671 0.051249218996283992 3.12e-09
2672 0.051249218996284061 5.9e-09
2673 0.051249218996284054 3.63e-09
2674 0.051249218996284221 4.41e-09
2675 0.051249218996283992 3.1e-09
2676 0.051249218996284138 4.18e-09
2677 0.21223225941084528 1.77e-08
2678 0.051249218996284145 4.56e-09
2679 0.051249218996284096 3.7e-09
2680 0.051249218996284013 8.21e-09
2681 0.17886733742736013 1.15e-08
2682 0.051249218996284068 4.08e-09
2683 0.051249218996284103 3.94e-09
2684 0.23400567685299312 1.3e-08
2685 0.23400567685299192 7.07e-09
2686 0.051249218996284367 5.51e-09
2687 0.23400567685299281 8.79e-09
2688 0.051249218996284096 5.38e-09
2689 0.05124921899628411 4.16e-09
2690 0.051249218996284082 4e-09
2691 0.051249218996283992 2.98e-09
2692 0.051249218996284138 6.04e-09
2693 0.051249218996284103 3.72e-09
2694 0.051249218996284145 4.13e-09
2695 0.051249218996284089 4.24e-09
2696 0.051249218996283999 3.15e-09
2697 0.051249218996284124 3.93e-09
2698 0.05124921899628402 4.08e-09
2699 0.23400567685299201 7.54e-09
2700 0.051249218996284124 4.09e-09
2701 0.051249218996283957 2.79e-09
2702 0.051249218996284138 4.13e-09
2703 0.19565212039147706 1.27e-08
2704 0.051249218996284047 3.38e-09
2705 0.19565212039147736 1.13e-08
2706 0.051249218996284346 8.69e-09
2707 0.051249218996284283 4.95e-09
2708 0.051249218996284103 3.71e-09
2709 0.051249218996284256 4.78e-09
2710 0.19565212039147745 9.59e-09
2711 0.19565212039147686 1.45e-08
2712 0.051249218996284082 5.74e-09
2713 0.051249218996283992 3.03e-09
2714 0.26194870771427836 1.2e-08
2715 0.051249218996284207 4.88e-09
2716 0.23400567685299234 1.03e-08
2717 0.05124921899628402 3.5e-09
2718 0.23400567685299245 8.94e-09
2719 0.051249218996284159 5.91e-09
2720 0.051249218996284027 4.65e-09
2721 0.051249218996284068 5.67e-09
2722 0.051249218996284047 3.5e-09
2723 0.23400567685299239 6.74e-09
2724 0.051249218996283971 2.89e-09
2725 0.051249218996283992 3.07e-09
2726 0.051249218996283985 2.86e-09
2727 0.051249218996284061 3.44e-09
2728 0.051249218996284186 4.47e-09
2729 0.051249218996283992 3.19e-09
2730 0.051249218996284387 1.07e-08
2731 0.051249218996284027 3.52e-09
2732 0.051249218996284374 9.45e-09
2733 0.26767860546962674 1.38e-08
2734 0.051249218996284061 3.44e-09
2735 0.17886733742735852 1.02e-08
2736 0.051249218996284138 4.02e-09
2737 0.051249218996284131 3.92e-09
2738 0.051249218996284068 3.93e-09
2739 0.051249218996283923 2.44e-09
2740 0.19565212039147717 9.16e-09
2741 0.051249218996284138 4.03e-09
2742 0.051249218996284006 3.06e-09
2743 0.05124921899628395 2.53e-09
2744 0.05124921899628402 6.12e-09
2745 0.0512492189962842 4.32e-09
2746 0.26194870771428336 1.33e-08
2747 0.051249218996284027 3.51e-09
2748 0.051249218996284304 6.58e-09
2749 0.051249218996284013 3.13e-09
2750 0.051249218996284068 3.7e-09
2751 0.19565212039147692 1.27e-08
2752 0.051249218996284145 4.08e-09
2753 0.051249218996284006 5.26e-09
2754 0.26194870771427953 1.24e-08
2755 0.051249218996284165 4.81e-09
2756 0.051249218996283971 5.61e-09
2757 0.051249218996283971 2.74e-09
2758 0.051249218996284131 5.47e-09
2759 0.051249218996284124 3.88e-09
2760 0.19565212039147681 9.27e-09
2761 0.051249218996284145 5.58e-09
2762 0.051249218996284124 5.51e-09
2763 0.051249218996284034 3.36e-09
2764 0.051249218996284006 4.15e-09
2765 0.051249218996284276 7.24e-09
2766 0.17886733742736013 1.15e-08
2767 0.051249218996284096 3.95e-09
2768 0.1788673374273613 1.15e-08
2769 0.21223225941083931 2.82e-08
2770 0.051249218996283978 2.87e-09
2771 0.23400567685299745 1.76e-08
2772 0.051249218996283985 2.86e-09
2773 0.051249218996284186 5.81e-09
2774 0.19565212039147678 1.15e-08
2775 0.051249218996283971 3.48e-09
2776 0.19565212039147725 1.46e-08
2777 0.051249218996284027 3.28e-09
2778 0.23400567685299331 8.56e-09
2779 0.051249218996284013 3.22e-09
2780 0.195652120391477 8.71e-09
2781 0.2619487077142803 1.78e-08
2782 0.27713209377671216 1.68e-08
2783 0.051249218996284152 4.06e-09
2784 0.051249218996284117 5.88e-09
2785 0.19565212039147722 8.58e-09
2786 0.23400567685299253 8.67e-09
2787 0.051249218996283978 2.95e-09
2788 0.051249218996284152 4.58e-09
2789 0.051249218996284061 3.54e-09
2790 0.051249218996284221 8.26e-09
2791 0.051249218996284172 6.45e-09
2792 0.051249218996284034 3.84e-09
2793 0.05124921899628393 5.39e-09
2794 0.051249218996284027 8.9e-09
2795 0.051249218996284068 6.58e-09
2796 0.051249218996284089 3.96e-09
2797 0.051249218996284096 3.92e-09
2798 0.1788673374273583 7.84e-09
2799 0.19565212039147883 1.34e-08
2800 0.0512492189962842 5.38e-09
2801 0.051249218996283902 2.94e-09
2802 0.051249218996284679 6.48e-09
2803 0.05124921899628411 5.05e-09
2804 0.051249218996283971 3.2e-09
2805 0.051249218996284103 3.83e-09
2806 0.05124921899628436 5.14e-09
2807 0.23400567685299326 1.58e-08
2808 0.23400567685299198 5.79e-09
2809 0.051249218996284179 4.56e-09
2810 0.051249218996284207 4.39e-09
2811 0.051249218996284013 3.86e-09
2812 0.051249218996284068 3.54e-09
2813 0.051249218996284034 3.43e-09
2814 0.051249218996284318 4.89e-09
2815 0.051249218996284214 4.45e-09
2816 0.051249218996284159 4.26e-09
2817 0.051249218996284027 3.2e-09
2818 0.051249218996284172 4.08e-09
2819 0.051249218996284068 5.99e-09
2820 0.051249218996284041 3.63e-09
2821 0.23400567685299251 8.56e-09
2822 0.051249218996284152 8.93e-09
2823 0.051249218996284207 6.73e-09
2824 0.05124921899628386 1.96e-09
2825 0.40937858963107449 1.81e-08
2826 0.0512492189962842 4.61e-09
2827 0.051249218996284394 8.22e-09
2828 0.051249218996284297 5.83e-09
2829 0.051249218996284186 4.25e-09
2830 0.051249218996284131 6.92e-09
2831 0.051249218996284179 4.58e-09
2832 0.23400567685299203 8.28e-09
2833 0.051249218996284013 3.24e-09
2834 0.051249218996284124 4.89e-09
2835 0.051249218996284165 4.22e-09
2836 0.26767860546962158 1.02e-08
2837 0.05124921899628393 2.44e-09
2838 0.1788673374273585 7.02e-09
2839 0.051249218996283985 3.04e-09
2840 0.051249218996284054 3.71e-09
2841 0.21223225941084001 1.29e-08
2842 0.051249218996284034 5.96e-09
2843 0.051249218996283957 2.82e-09
2844 0.051249218996284499 6.63e-09
2845 0.051249218996284131 7.79e-09
2846 0.27713209377670972 9.92e-09
2847 0.051249218996284256 5.26e-09
2848 0.051249218996284276 4.92e-09
2849 0.19565212039147692 7.49e-09
2850 0.051249218996284131 7.26e-09
2851 0.051249218996284179 4.73e-09
2852 0.051249218996284034 3.3e-09
2853 0.051249218996284429 6.27e-09
2854 0.051249218996284131 3.96e-09
2855 0.23400567685299267 7.38e-09
2856 0.051249218996284061 3.72e-09
2857 0.051249218996284124 4.72e-09
2858 0.051249218996284075 5.54e-09
2859 0.051249218996284027 3.29e-09
2860 0.051249218996284027 3.84e-09
2861 0.1956521203914767 1.31e-08
2862 0.051249218996284131 4.3e-09
2863 0.051249218996284117 6.65e-09
2864 0.051249218996284429 5.95e-09
2865 0.27713209377670905 6.76e-09
2866 0.19565212039147756 1.23e-08
2867 0.051249218996284096 3.67e-09
2868 0.051249218996284013 3.2e-09
2869 0.051249218996284061 3.84e-09
2870 0.051249218996283999 3.18e-09
2871 0.26194870771427836 9.28e-09
2872 0.051249218996284068 3.63e-09
2873 0.051249218996284186 4.46e-09
2874 0.2941466781905453 2.43e-08
2875 0.21223225941083465 7.98e-09
2876 0.23400567685299364 1.15e-08
2877 0.051249218996284443 6.23e-09
2878 0.23400567685299195 7.05e-09
2879 0.051249218996283964 2.73e-09
2880 0.051249218996284235 6.82e-09
2881 0.051249218996284075 4.64e-09
2882 0.051249218996284214 6.66e-09
2883 0.051249218996283964 2.74e-09
2884 0.051249218996284061 3.48e-09
2885 0.051249218996283936 2.64e-09
2886 0.051249218996284283 5e-09
2887 0.26767860546962879 1.49e-08
2888 0.051249218996284089 6.04e-09
2889 0.05124921899628411 4.36e-09
2890 0.17886733742735816 7.26e-09
2891 0.051249218996283881 5.62e-09
2892 0.051249218996284367 5.43e-09
2893 0.19565212039147656 7.25e-09
2894 0.23400567685299284 9.46e-09
2895 0.051249218996284047 5.26e-09
2896 0.051249218996284159 4.96e-09
2897 0.051249218996284047 1.13e-08
2898 0.051249218996283971 3.17e-09
2899 0.051249218996284242 5.33e-09
2900 0.051249218996283992 3.41e-09
2901 0.17886733742735816 8.75e-09
2902 0.051249218996284103 6.69e-09
2903 0.051249218996284325 5.47e-09
2904 0.051249218996284089 4.13e-09
2905 0.051249218996284041 3.5e-09
2906 0.17886733742735908 8.51e-09
2907 0.051249218996284124 4.46e-09
2908 0.23400567685299184 5.79e-09
2909 0.051249218996283985 2.9e-09
2910 0.051249218996284131 3.89e-09
2911 0.051249218996284145 5.03e-09
2912 0.23400567685299492 1.61e-08
2913 0.26194870771428314 1.33e-08
2914 0.051249218996284159 7.11e-09
2915 0.051249218996284131 4.31e-09
2916 0.051249218996283978 3.01e-09
2917 0.051249218996283992 3.08e-09
2918 0.05124921899628436 5.18e-09
2919 0.051249218996284131 3.85e-09
2920 0.051249218996283978 2.98e-09
2921 0.23400567685299231 7.53e-09
2922 0.2619487077142808 1.15e-08
2923 0.23400567685299284 1.16e-08
2924 0.051249218996284096 4.95e-09
2925 0.051249218996284096 3.71e-09
2926 0.05124921899628411 4.2e-09
2927 0.051249218996283985 6.47e-09
2928 0.051249218996284159 4.13e-09
2929 0.051249218996284061 5.31e-09
2930 0.05124921899628393 2.55e-09
2931 0.051249218996284041 3.29e-09
2932 0.051249218996284242 4.54e-09
2933 0.051249218996284138 4.75e-09
2934 0.051249218996284027 4.87e-09
2935 0.051249218996284027 8.46e-09
2936 0.19565212039147678 6.97e-09
2937 0.051249218996284068 3.83e-09
2938 0.19565212039147684 7.06e-09
2939 0.051249218996284131 8.07e-09
2940 0.051249218996284117 7.8e-09
2941 0.051249218996284152 6.26e-09
2942 0.19565212039147764 1.03e-08
2943 0.051249218996284193 4.85e-09
2944 0.23400567685299209 6.44e-09
2945 0.0512492189962842 4.26e-09
2946 0.051249218996284401 6.47e-09
2947 0.051249218996284117 3.82e-09
2948 0.051249218996284068 6.2e-09
2949 0.21223225941083923 1.27e-08
2950 0.051249218996284179 6.11e-09
2951 0.23400567685299212 6.72e-09
2952 0.051249218996283978 4.41e-09
2953 0.051249218996284165 4.76e-09
2954 0.051249218996284159 4.07e-09
2955 0.1956521203914775 1.06e-08
2956 0.051249218996283971 2.78e-09
2957 0.051249218996284006 4.35e-09
2958 0.051249218996284131 3.96e-09
2959 0.051249218996284145 4.17e-09
2960 0.051249218996284263 4.65e-09
2961 0.051249218996283923 2.41e-09
2962 0.051249218996283923 2.67e-09
2963 0.051249218996283999 4.33e-09
2964 0.17886733742735852 9.4e-09
2965 0.051249218996284276 5.34e-09
2966 0.051249218996284228 4.51e-09
2967 0.051249218996283964 2.89e-09
2968 0.051249218996284013 3.45e-09
2969 0.23400567685299337 1.82e-08
2970 0.051249218996284214 5.04e-09
2971 0.2340056768529927 7.01e-09
2972 0.051249218996284047 3.4e-09
2973 0.23400567685299251 8.94e-09
2974 0.23400567685299253 1.7e-08
2975 0.051249218996284075 3.78e-09
2976 0.19565212039147642 7.2e-09
2977 0.051249218996284131 5.6e-09
2978 0.051249218996284117 6.18e-09
2979 0.17886733742736033 1.35e-08
2980 0.051249218996284061 4.72e-09
2981 0.05124921899628411 6.09e-09
2982 0.19565212039147845 1.27e-08
2983 0.051249218996284145 5.47e-09
2984 0.17886733742735955 9.15e-09
2985 0.051249218996283923 5.55e-09
2986 0.051249218996284089 3.97e-09
2987 0.051249218996284471 5.57e-09
2988 0.051249218996284082 4.2e-09
2989 0.19565212039147703 8.37e-09
2990 0.051249218996284034 3.43e-09
2991 0.29414667819028306 1.89e-08
2992 0.19565212039147689 7.79e-09
2993 0.051249218996284089 4.57e-09
2994 0.051249218996284075 3.58e-09
2995 0.23400567685299309 1.02e-08
2996 0.051249218996284464 7.27e-09
2997 0.051249218996283888 2.26e-09
2998 0.051249218996284082 4.47e-09
2999 0.051249218996284207 5.88e-09
3000 0.051249218996284047 3.48e-09
3001 0.051249218996284061 5.11e-09
3002 0.19565212039147717 1.9e-08
3003 0.29414667819036133 1.84e-08
3004 0.051249218996284478 6.01e-09
3005 0.051249218996283902 2.44e-09
3006 0.1956521203914767 8.33e-09
3007 0.23400567685299448 1.26e-08
3008 0.051249218996284276 6.05e-09
3009 0.051249218996284138 1.02e-08
3010 0.051249218996283936 2.54e-09
3011 0.051249218996284138 4.46e-09
3012 0.23400567685299284 9.67e-09
3013 0.051249218996284214 6.36e-09
3014 0.19565212039147648 1.09e-08
3015 0.21223225941083615 8.83e-09
3016 0.26767860546962413 1.55e-08
3017 0.051249218996284526 8.46e-09
3018 0.051249218996284464 9.04e-09
3019 0.2122322594108427 1.92e-08
3020 0.17886733742736474 1.5e-08
3021 0.27713209377670928 8.76e-09
3022 0.19565212039147681 7e-09
3023 0.051249218996284152 8.6e-09
3024 0.05124921899628429 1.02e-08
3025 0.051249218996284297 6.85e-09
3026 0.051249218996284263 4.68e-09
3027 0.051249218996284186 6.13e-09
3028 0.051249218996284075 5.69e-09
3029 0.2771320937767095 7.46e-09
3030 0.051249218996283964 4.91e-09
3031 0.051249218996284235 4.46e-09
3032 0.051249218996284193 4.59e-09
3033 0.051249218996284082 4.43e-09
3034 0.051249218996284082 4.04e-09
3035 0.051249218996284082 3.78e-09
3036 0.051249218996284103 3.76e-09
3037 0.0512492189962842 4.45e-09
3038 0.051249218996283999 2.96e-09
3039 0.051249218996284256 4.87e-09
3040 0.051249218996284047 7.65e-09
3041 0.051249218996284145 4.33e-09
3042 0.051249218996283957 3.7e-09
3043 0.051249218996284047 3.35e-09
3044 0.19565212039147784 1.03e-08
3045 0.051249218996284186 5.16e-09
3046 0.051249218996284207 4.35e-09
3047 0.051249218996284027 3.2e-09
3048 0.21223225941083981 1.2e-08
3049 0.051249218996283978 2.81e-09
3050 0.051249218996283964 2.89e-09
3051 0.19565212039147675 7.37e-09
3052 0.19565212039147639 8.49e-09
3053 0.051249218996284047 4.74e-09
3054 0.051249218996283985 2.88e-09
3055 0.051249218996284325 6.86e-09
3056 0.051249218996284054 4.79e-09
3057 0.19565212039147786 1.2e-08
3058 0.051249218996284186 4.27e-09
3059 0.051249218996284117 4.07e-09
3060 0.051249218996284117 3.74e-09
3061 0.19565212039147667 7.37e-09
3062 0.051249218996284131 3.97e-09
3063 0.051249218996284124 6.86e-09
3064 0.051249218996284145 5.57e-09
3065 0.051249218996284186 5.01e-09
3066 0.051249218996284339 7.68e-09
3067 0.051249218996284152 4.01e-09
3068 0.23400567685299203 6.81e-09
3069 0.051249218996284276 7.34e-09
3070 0.05124921899628393 4.98e-09
3071 0.051249218996284047 3.33e-09
3072 0.051249218996284159 4.24e-09
3073 0.051249218996284027 3.19e-09
3074 0.051249218996284193 6.01e-09
3075 0.051249218996284082 3.55e-09
3076 0.19565212039147711 9.52e-09
3077 0.19565212039147697 1.27e-08
3078 0.051249218996284131 4.22e-09
3079 0.23400567685299289 9.69e-09
3080 0.051249218996284186 4.54e-09
3081 0.2122322594108465 1.77e-08
3082 0.26767860546962696 1.3e-08
3083 0.051249218996283943 3.75e-09
3084 0.19565212039147653 8.86e-09
3085 0.05124921899628402 3.15e-09
3086 0.051249218996284096 7.69e-09
3087 0.29414667819028523 1.79e-08
3088 0.051249218996284103 4.32e-09
3089 0.05124921899628393 2.52e-09
3090 0.051249218996284047 3.39e-09
3091 0.277132093776713 1.75e-08
3092 0.19565212039147664 6.21e-09
3093 0.051249218996284221 4.7e-09
3094 0.05124921899628395 3.57e-09
3095 0.051249218996284103 9.22e-09
3096 0.051249218996283992 3.36e-09
3097 0.051249218996284186 4.78e-09
3098 0.21223225941083487 8.24e-09
3099 0.1956521203914777 9.71e-09
3100 0.23400567685299237 7.55e-09
3101 0.051249218996284221 5.1e-09
3102 0.051249218996284103 3.91e-09
3103 0.051249218996284047 3.4e-09
3104 0.051249218996283936 2.55e-09
3105 0.19565212039147736 8.81e-09
3106 0.23400567685299326 1.27e-08
3107 0.051249218996284006 3.01e-09
3108 0.051249218996284061 3.58e-09
3109 0.051249218996284207 5.73e-09
3110 0.23400567685299287 1.31e-08
3111 0.23400567685299228 7.49e-09
3112 0.051249218996283902 8.5e-09
3113 0.23400567685299195 8.75e-09
3114 0.23400567685299267 1.05e-08
3115 0.23400567685299264 1.07e-08
3116 0.23400567685299209 6.92e-09
3117 0.051249218996284276 4.72e-09
3118 0.051249218996284117 3.92e-09
3119 0.051249218996283978 3.04e-09
3120 0.05124921899628429 8.08e-09
3121 0.23400567685299331 8.61e-09
3122 0.051249218996283985 3.89e-09
3123 0.17886733742736161 1.41e-08
3124 0.051249218996284172 4.88e-09
3125 0.051249218996284089 3.93e-09
3126 0.051249218996284304 4.89e-09
3127 0.051249218996284054 3.46e-09
3128 0.051249218996284228 4.51e-09
3129 0.051249218996283867 3.53e-09
3130 0.051249218996284034 4.63e-09
3131 0.17886733742735927 8.78e-09
3132 0.051249218996284131 4.43e-09
3133 0.051249218996284047 3.31e-09
3134 0.051249218996284061 1.13e-08
3135 0.26194870771428785 1.64e-08
3136 0.19565212039147736 1.19e-08
3137 0.051249218996284152 4.76e-09
3138 0.19565212039147703 1.14e-08
3139 0.051249218996284006 3.31e-09
3140 0.051249218996284131 6.29e-09
3141 0.051249218996284172 6.95e-09
3142 0.19565212039147623 5.95e-09
3143 0.23400567685299278 9.45e-09
3144 0.051249218996284138 7.53e-09
3145 0.051249218996284159 4.09e-09
3146 0.23400567685299206 6.63e-09
3147 0.051249218996284172 8.56e-09
3148 0.051249218996283985 4.43e-09
3149 0.23400567685299381 1.04e-08
3150 0.051249218996283943 2.76e-09
3151 0.2340056768529922 1.05e-08
3152 0.05124921899628427 7.11e-09
3153 0.23400567685299223 1.29e-08
3154 0.23400567685299303 1.64e-08
3155 0.051249218996284054 3.5e-09
3156 0.05124921899628411 3.83e-09
3157 0.051249218996284027 3.45e-09
3158 0.21223225941083845 3.11e-08
3159 0.17886733742735897 8.36e-09
3160 0.19565212039147703 9.2e-09
3161 0.051249218996284068 6.31e-09
3162 0.051249218996284283 7.1e-09
3163 0.051249218996284159 5.38e-09
3164 0.051249218996284075 3.67e-09
3165 0.051249218996284041 3.29e-09
3166 0.051249218996284207 8.59e-09
3167 0.051249218996284117 4.59e-09
3168 0.23400567685299309 1.04e-08
3169 0.178867337427361 1.09e-08
3170 0.051249218996283985 2.92e-09
3171 0.051249218996284228 4.45e-09
3172 0.19565212039147664 6.73e-09
3173 0.051249218996283985 2.93e-09
3174 0.051249218996284159 4.34e-09
3175 0.051249218996284242 5.26e-09
3176 0.051249218996284103 3.76e-09
3177 0.051249218996284145 4.05e-09
3178 0.051249218996284089 3.55e-09
3179 0.051249218996284207 7.57e-09
3180 0.051249218996284068 3.84e-09
3181 0.051249218996284006 3.08e-09
3182 0.23400567685299317 1.24e-08
3183 0.19565212039147667 7.15e-09
3184 0.23400567685299237 7.9e-09
3185 0.051249218996284152 3.98e-09
3186 0.29414667819043799 2.09e-08
3187 0.17886733742735836 8.7e-09
3188 0.23400567685299273 9.1e-09
3189 0.051249218996284727 6.64e-09
3190 0.051249218996284249 8.31e-09
3191 0.051249218996284041 5.2e-09
3192 0.23400567685299392 9.97e-09
3193 0.051249218996284082 3.74e-09
3194 0.051249218996284304 7e-09
3195 0.051249218996284061 7.07e-09
3196 0.051249218996284235 4.51e-09
3197 0.051249218996284013 3.56e-09
3198 0.051249218996284172 6.33e-09
3199 0.051249218996284054 3.6e-09
3200 0.051249218996283916 5.18e-09
3201 0.29414667819025969 1.65e-08
3202 0.19565212039147625 6.13e-09
3203 0.23400567685299342 9.41e-09
3204 0.051249218996283971 2.97e-09
3205 0.051249218996284075 3.78e-09
3206 0.051249218996283971 2.67e-09
3207 0.051249218996284159 5.42e-09
3208 0.051249218996284103 3.74e-09
3209 0.051249218996283909 2.16e-09
3210 0.05124921899628427 7.58e-09
3211 0.23400567685299517 1.23e-08
3212 0.051249218996284034 8.23e-09
3213 0.051249218996284054 3.85e-09
3214 0.051249218996284311 5.27e-09
3215 0.05124921899628429 5.05e-09
3216 0.26767860546962741 1.38e-08
3217 0.21223225941083534 8.35e-09
3218 0.051249218996284332 4.95e-09
3219 0.051249218996284179 4.58e-09
3220 0.051249218996283978 4.14e-09
3221 0.051249218996284006 3.03e-09
3222 0.051249218996284047 3.5e-09
3223 0.051249218996284186 4.23e-09
3224 0.051249218996284138 4.01e-09
3225 0.051249218996284103 3.96e-09
3226 0.23400567685299217 1.13e-08
3227 0.051249218996284041 3.3e-09
3228 0.23400567685299228 8.51e-09
3229 0.26194870771428475 1.51e-08
3230 0.051249218996283971 3.71e-09
3231 0.19565212039147678 8.12e-09
3232 0.051249218996283943 2.63e-09
3233 0.051249218996284075 3.67e-09
3234 0.19565212039147672 1.09e-08
3235 0.05124921899628411 5.14e-09
3236 0.21223225941084142 1.39e-08
3237 0.051249218996284193 5.71e-09
3238 0.051249218996284138 5.08e-09
3239 0.17886733742735977 1.06e-08
3240 0.051249218996283936 2.43e-09
3241 0.051249218996284013 2.98e-09
3242 0.051249218996284061 3.45e-09
3243 0.051249218996284013 3.73e-09
3244 0.19565212039147731 9.02e-09
3245 0.05124921899628436 6.31e-09
3246 0.0512492189962842 5.6e-09
3247 0.23400567685299259 7.2e-09
3248 0.051249218996284117 7.16e-09
3249 0.19565212039147706 1.39e-08
3250 0.051249218996284054 4.29e-09
3251 0.17886733742735858 8.62e-09
3252 0.051249218996284027 3.29e-09
3253 0.051249218996284179 4.18e-09
3254 0.051249218996284041 3.32e-09
3255 0.051249218996284165 4.12e-09
3256 0.051249218996284186 4.25e-09
3257 0.051249218996284082 4.3e-09
3258 0.051249218996284145 4.01e-09
3259 0.051249218996284172 4.19e-09
3260 0.051249218996283999 3.01e-09
3261 0.051249218996284152 4.37e-09
3262 0.051249218996283992 4.97e-09
3263 0.051249218996284159 4.09e-09
3264 0.051249218996284457 5.52e-09
3265 0.32558312951141033 1.55e-08
3266 0.19565212039147639 5.84e-09
3267 0.051249218996284027 3.07e-09
3268 0.23400567685299348 1.39e-08
3269 0.051249218996284117 4.04e-09
3270 0.051249218996284214 4.35e-09
3271 0.0512492189962842 4.55e-09
3272 0.17886733742735919 1.32e-08
3273 0.29414667819029544 3.5e-08
3274 0.051249218996283978 4.64e-09
3275 0.051249218996283999 4.22e-09
3276 0.23400567685299317 8.66e-09
3277 0.051249218996284145 4.03e-09
3278 0.051249218996284131 4.06e-09
3279 0.05124921899628393 3.49e-09
3280 0.051249218996283971 2.85e-09
3281 0.051249218996284054 4.01e-09
3282 0.051249218996284054 3.49e-09
3283 0.17886733742736791 2.77e-08
3284 0.051249218996284214 4.7e-09
3285 0.051249218996284117 4.19e-09
3286 0.051249218996284422 6.21e-09
3287 0.29414667819032037 2.05e-08
3288 0.051249218996284034 3.33e-09
3289 0.23400567685299375 1.6e-08
3290 0.051249218996284096 3.77e-09
3291 0.051249218996284159 4.38e-09
3292 0.051249218996284304 4.91e-09
3293 0.051249218996284027 3.17e-09
3294 0.051249218996284214 4.35e-09
3295 0.051249218996284145 4.07e-09
3296 0.051249218996284117 3.86e-09
3297 0.051249218996284221 4.8e-09
3298 0.051249218996284152 6.26e-09
3299 0.051249218996283936 3.92e-09
3300 0.17886733742736993 1.97e-08
3301 0.051249218996284117 3.9e-09
3302 0.051249218996284228 4.49e-09
3303 0.051249218996284207 4.29e-09
3304 0.19565212039147648 1.05e-08
3305 0.051249218996284061 3.65e-09
3306 0.051249218996284103 3.95e-09
3307 0.051249218996284013 4.05e-09
3308 0.23400567685299223 7.32e-09
3309 0.051249218996284235 5e-09
3310 0.051249218996284013 3.05e-09
3311 0.051249218996284159 4.17e-09
3312 0.051249218996284054 3.32e-09
3313 0.051249218996284013 3.1e-09
3314 0.051249218996284172 7.07e-09
3315 0.19565212039147725 8.3e-09
3316 0.23400567685299367 9.33e-09
3317 0.051249218996284013 3.21e-09
3318 0.0512492189962842 4.33e-09
3319 0.19565212039147695 7.55e-09
3320 0.051249218996284082 3.67e-09
3321 0.051249218996284061 5.52e-09
3322 0.19565212039147703 1.22e-08
3323 0.19565212039147678 7.67e-09
3324 0.051249218996284165 4.36e-09
3325 0.23400567685299217 8.68e-09
3326 0.23400567685299373 9.21e-09
3327 0.051249218996284394 5.27e-09
3328 0.23400567685299309 8.34e-09
3329 0.19565212039147709 1.12e-08
3330 0.17886733742735883 7.88e-09
3331 0.17886733742735944 8.97e-09
3332 0.29414667819038415 1.9e-08
3333 0.051249218996284103 8.71e-09
3334 0.051249218996284214 6.51e-09
3335 0.051249218996284061 4.29e-09
3336 0.051249218996284228 4.47e-09
3337 0.051249218996284103 3.72e-09
3338 0.051249218996284152 5.99e-09
3339 0.051249218996283936 2.43e-09
3340 0.051249218996284179 7.52e-09
3341 0.051249218996284235 5.22e-09
3342 0.23400567685299328 1.2e-08
3343 0.051249218996284249 4.66e-09
3344 0.051249218996284242 7.32e-09
3345 0.05124921899628402 6.82e-09
3346 0.05124921899628436 7.63e-09
3347 0.17886733742735922 1.21e-08
3348 0.19565212039147772 9.93e-09
3349 0.051249218996284138 3.87e-09
3350 0.051249218996284006 3.14e-09
3351 0.051249218996284082 4.35e-09
3352 0.05124921899628411 4.65e-09
3353 0.23400567685299511 1.17e-08
3354 0.051249218996284034 3.21e-09
3355 0.23400567685299317 8.52e-09
3356 0.051249218996284096 3.89e-09
3357 0.23400567685299231 8.08e-09
3358 0.051249218996283971 2.97e-09
3359 0.051249218996284179 4.39e-09
3360 0.051249218996284061 3.55e-09
3361 0.051249218996284027 3.54e-09
3362 0.19565212039147625 8.09e-09
3363 0.051249218996284082 3.51e-09
3364 0.051249218996284263 6.19e-09
3365 0.051249218996284034 3.61e-09
3366 0.051249218996284193 4.43e-09
3367 0.051249218996284346 5.53e-09
3368 0.05124921899628411 4.14e-09
3369 0.23400567685299289 8.06e-09
3370 0.051249218996283992 2.93e-09
3371 0.1956521203914767 7.88e-09
3372 0.051249218996284061 4.35e-09
3373 0.051249218996284047 5.46e-09
3374 0.23400567685299187 5.1e-09
3375 0.051249218996284075 5.18e-09
3376 0.051249218996284117 3.95e-09
3377 0.051249218996284082 5.13e-09
3378 0.23400567685299381 1.06e-08
3379 0.051249218996284152 4.72e-09
3380 0.051249218996284054 3.38e-09
3381 0.051249218996284082 3.59e-09
3382 0.19565212039147664 1.44e-08
3383 0.051249218996284006 4.44e-09
3384 0.2340056768529922 6.73e-09
3385 0.23400567685299303 1.03e-08
3386 0.051249218996284041 3.32e-09
3387 0.23400567685299312 8.93e-09
3388 0.051249218996283985 2.94e-09
3389 0.051249218996284089 3.73e-09
3390 0.19565212039147628 6.25e-09
3391 0.051249218996284027 3.33e-09
3392 0.051249218996283992 3.06e-09
3393 0.17886733742736588 2.15e-08
3394 0.051249218996284047 3.73e-09
3395 0.051249218996284214 5.29e-09
3396 0.051249218996284207 4.7e-09
3397 0.051249218996283971 2.82e-09
3398 0.051249218996284228 4.66e-09
3399 0.051249218996284075 3.76e-09
3400 0.051249218996284207 7.36e-09
3401 0.051249218996284249 4.53e-09
3402 0.35952804468560595 2e-08
3403 0.234005676852994 1.01e-08
3404 0.051249218996284034 4.55e-09
3405 0.19565212039147667 1.61e-08
3406 0.26194870771427842 1.03e-08
3407 0.19565212039147648 8.73e-09
3408 0.23400567685299364 9.8e-09
3409 0.17886733742736358 1.28e-08
3410 0.19565212039147797 1.2e-08
3411 0.051249218996283999 3.03e-09
3412 0.051249218996284103 3.98e-09
3413 0.051249218996283957 3.37e-09
3414 0.19565212039147697 7.56e-09
3415 0.051249218996284047 4.92e-09
3416 0.23400567685299287 1.26e-08
3417 0.051249218996284027 3.3e-09
3418 0.19565212039147664 7.07e-09
3419 0.051249218996284047 4.91e-09
3420 0.051249218996284041 3.34e-09
3421 0.051249218996284235 4.83e-09
3422 0.051249218996284054 3.45e-09
3423 0.051249218996284096 6.34e-09
3424 0.051249218996284172 4.12e-09
3425 0.051249218996284006 3.63e-09
3426 0.051249218996284242 4.78e-09
3427 0.19565212039147692 1.1e-08
3428 0.1956521203914775 9.5e-09
3429 0.051249218996284172 4.3e-09
3430 0.051249218996283957 2.75e-09
3431 0.051249218996284047 5.92e-09
3432 0.051249218996284034 3.43e-09
3433 0.051249218996284256 4.59e-09
3434 0.051249218996284089 3.62e-09
3435 0.051249218996284138 5.92e-09
3436 0.05124921899628393 2.69e-09
3437 0.051249218996284228 4.49e-09
3438 0.051249218996284152 5.65e-09
3439 0.051249218996284152 4.03e-09
3440 0.051249218996284068 6.81e-09
3441 0.051249218996284665 1.02e-08
3442 0.19565212039147795 1.1e-08
3443 0.051249218996284047 3.47e-09
3444 0.17886733742735955 9.15e-09
3445 0.051249218996283999 3.04e-09
3446 0.17886733742736172 1.09e-08
3447 0.051249218996284124 4.08e-09
3448 0.051249218996284082 4.87e-09
3449 0.051249218996283846 4.95e-09
3450 0.051249218996284006 4.52e-09
3451 0.2340056768529922 7.04e-09
3452 0.19565212039147695 9.39e-09
3453 0.051249218996284256 7.57e-09
3454 0.051249218996284145 7.09e-09
3455 0.051249218996284013 5.44e-09
3456 0.051249218996284034 5.17e-09
3457 0.23400567685299242 6.55e-09
3458 0.051249218996284027 3.42e-09
3459 0.051249218996284165 6.01e-09
3460 0.32558312951140433 1.6e-08
3461 0.051249218996283978 3.48e-09
3462 0.051249218996283992 3.06e-09
3463 0.051249218996284117 3.76e-09
3464 0.1956521203914777 1.83e-08
3465 0.051249218996284061 3.45e-09
3466 0.051249218996284082 4.39e-09
3467 0.051249218996284214 4.95e-09
3468 0.051249218996284061 5.48e-09
3469 0.17886733742736124 1.94e-08
3470 0.051249218996283999 3.06e-09
3471 0.051249218996284263 4.89e-09
3472 0.051249218996284013 7.19e-09
3473 0.2122322594108359 1.02e-08
3474 0.051249218996284131 6.28e-09
3475 0.05124921899628429 4.85e-09
3476 0.051249218996284374 8e-09
3477 0.051249218996283992 2.91e-09
3478 0.051249218996284089 3.65e-09
3479 0.178867337427361 1.36e-08
3480 0.19565212039147675 1.09e-08
3481 0.05124921899628402 3.12e-09
3482 0.051249218996284138 4.14e-09
3483 0.195652120391477 1.07e-08
3484 0.19565212039147761 9.76e-09
3485 0.051249218996284138 4.31e-09
3486 0.26194870771428064 1.15e-08
3487 0.051249218996284103 1.02e-08
3488 0.051249218996284041 3.44e-09
3489 0.051249218996284159 4.15e-09
3490 0.051249218996283971 3.06e-09
3491 0.05124921899628402 4.7e-09
3492 0.23400567685299167 1.38e-08
3493 0.23400567685299389 1.06e-08
3494 0.051249218996284228 4.52e-09
3495 0.051249218996284089 3.89e-09
3496 0.23400567685299453 1.12e-08
3497 0.051249218996284235 4.48e-09
3498 0.29414667819041551 2.02e-08
3499 0.051249218996284054 5.5e-09
3500 0.23400567685299481 1.31e-08
3501 0.23400567685299353 1.24e-08
3502 0.051249218996283881 3.36e-09
3503 0.051249218996284075 4.24e-09
3504 0.051249218996284034 5.25e-09
3505 0.19565212039147739 1.69e-08
3506 0.19565212039147806 1.14e-08
3507 0.26194870771427858 1.43e-08
3508 0.051249218996284193 6.39e-09
3509 0.051249218996283971 2.8e-09
3510 0.051249218996284297 5.59e-09
3511 0.17886733742736063 1.14e-08
3512 0.051249218996284047 4.19e-09
3513 0.17886733742736152 1.53e-08
3514 0.051249218996284193 4.8e-09
3515 0.051249218996284138 6.1e-09
3516 0.23400567685299273 9.43e-09
3517 0.051249218996284221 4.62e-09
3518 0.051249218996284006 3.12e-09
3519 0.051249218996284311 5.28e-09
3520 0.26767860546962713 1.36e-08
3521 0.051249218996284214 5.31e-09
3522 0.051249218996284061 3.45e-09
3523 0.05124921899628395 2.61e-09
3524 0.051249218996284103 3.74e-09
3525 0.19565212039147847 1.18e-08
3526 0.051249218996284103 3.77e-09
3527 0.051249218996284068 3.43e-09
3528 0.05124921899628402 5.77e-09
3529 0.051249218996284034 3.79e-09
3530 0.051249218996284214 4.68e-09
3531 0.23400567685299375 9.59e-09
3532 0.051249218996283999 4.13e-09
3533 0.051249218996284096 4.01e-09
3534 0.1956521203914777 1.17e-08
3535 0.051249218996284346 6.71e-09
3536 0.051249218996284304 4.98e-09
3537 0.051249218996284041 4.4e-09
3538 0.051249218996283957 3.38e-09
3539 0.051249218996283936 4.48e-09
3540 0.17886733742736288 1.56e-08
3541 0.051249218996284082 5.61e-09
3542 0.051249218996284276 4.74e-09
3543 0.051249218996283971 2.98e-09
3544 0.051249218996283985 3.01e-09
3545 0.051249218996284041 3.59e-09
3546 0.051249218996283992 4.7e-09
3547 0.051249218996284235 4.5e-09
3548 0.051249218996284075 3.61e-09
3549 0.23400567685299267 9.01e-09
3550 0.051249218996284207 4.35e-09
3551 0.19565212039147756 9.57e-09
3552 0.051249218996284193 4.26e-09
3553 0.051249218996284318 9.17e-09
3554 0.23400567685299212 6.82e-09
3555 0.26767860546962596 1.23e-08
3556 0.23400567685299245 9.23e-09
3557 0.17886733742735986 1.02e-08
3558 0.051249218996284096 3.87e-09
3559 0.051249218996283881 1.82e-09
3560 0.19565212039147686 6.93e-09
3561 0.23400567685299245 8.85e-09
3562 0.19565212039147759 1.06e-08
3563 0.051249218996284256 4.61e-09
3564 0.051249218996284124 3.87e-09
3565 0.26194870771427964 1.05e-08
3566 0.051249218996284138 4.14e-09
3567 0.051249218996284006 4.01e-09
3568 0.051249218996284047 3.62e-09
3569 0.23400567685299301 7.94e-09
3570 0.051249218996284159 4.46e-09
3571 0.051249218996284283 6.2e-09
3572 0.051249218996284401 6.14e-09
3573 0.051249218996284068 4.82e-09
3574 0.19565212039147678 6.73e-09
3575 0.051249218996284159 8.19e-09
3576 0.051249218996284519 8.88e-09
3577 0.051249218996284339 6.96e-09
3578 0.051249218996284304 6.58e-09
3579 0.17886733742735794 6.83e-09
3580 0.051249218996284401 5.87e-09
3581 0.051249218996284152 4.91e-09
3582 0.1956521203914765 8.44e-09
3583 0.23400567685299292 1.49e-08
3584 0.1956521203914782 1.36e-08
3585 0.05124921899628427 5.77e-09
3586 0.051249218996284082 3.89e-09
3587 0.23400567685299298 1.06e-08
3588 0.051249218996284096 3.78e-09
3589 0.051249218996283964 2.8e-09
3590 0.051249218996284082 3.96e-09
3591 0.051249218996284075 3.95e-09
3592 0.05124921899628411 6.33e-09
3593 0.051249218996284138 4.3e-09
3594 0.23400567685299195 7.86e-09
3595 0.051249218996284304 9.42e-09
3596 0.19565212039147636 1.13e-08
3597 0.17886733742735803 6.84e-09
3598 0.051249218996284027 3.53e-09
3599 0.051249218996284006 3.14e-09
3600 0.17886733742735944 7.83e-09
3601 0.23400567685299176 4.33e-09
3602 0.051249218996284068 3.55e-09
3603 0.051249218996284117 4.63e-09
3604 0.051249218996284145 5.04e-09
3605 0.29414667819035578 1.75e-08
3606 0.051249218996284145 4.04e-09
3607 0.051249218996283999 2.91e-09
3608 0.051249218996283943 3.21e-09
3609 0.051249218996284464 5.65e-09
3610 0.051249218996284013 3.78e-09
3611 0.0512492189962842 5.19e-09
3612 0.051249218996283971 2.79e-09
3613 0.19565212039147717 9.85e-09
3614 0.051249218996284041 3.46e-09
3615 0.051249218996284346 6.78e-09
3616 0.051249218996284242 4.68e-09
3617 0.05124921899628402 3.38e-09
3618 0.051249218996284013 5.68e-09
3619 0.05124921899628411 6.13e-09
3620 0.05124921899628427 4.7e-09
3621 0.051249218996284117 3.99e-09
3622 0.051249218996284186 4.48e-09
3623 0.051249218996284089 3.78e-09
3624 0.051249218996284318 7.37e-09
3625 0.17886733742736102 1.89e-08
3626 0.051249218996284013 8.22e-09
3627 0.051249218996284124 5.41e-09
3628 0.051249218996284013 3.29e-09
3629 0.051249218996284047 3.28e-09
3630 0.17886733742735883 1.41e-08
3631 0.051249218996284165 5.15e-09
3632 0.051249218996283902 3.87e-09
3633 0.051249218996284013 3.11e-09
3634 0.051249218996283923 3.59e-09
3635 0.05124921899628436 5.45e-09
3636 0.19565212039147659 7.01e-09
3637 0.2340056768529942 1.28e-08
3638 0.051249218996284235 4.79e-09
3639 0.23400567685299217 9.3e-09
3640 0.19565212039147609 6.76e-09
3641 0.05124921899628395 3.63e-09
3642 0.051249218996284159 4.77e-09
3643 0.19565212039147714 9.26e-09
3644 0.051249218996284075 4.07e-09
3645 0.051249218996284006 3.08e-09
3646 0.051249218996284027 5.87e-09
3647 0.19565212039147642 5.6e-09
3648 0.051249218996284214 4.55e-09
3649 0.051249218996284193 4.27e-09
3650 0.051249218996283964 5.7e-09
3651 0.17886733742736471 2.16e-08
3652 0.23400567685299403 1.11e-08
3653 0.051249218996284429 5.7e-09
3654 0.051249218996283964 4.31e-09
3655 0.19565212039147684 7.81e-09
3656 0.051249218996283971 3.69e-09
3657 0.051249218996284214 4.79e-09
3658 0.051249218996284179 6.24e-09
3659 0.23400567685299237 7.51e-09
3660 0.051249218996284089 4.54e-09
3661 0.051249218996284339 5.08e-09
3662 0.1956521203914772 8.36e-09
3663 0.051249218996284089 4.53e-09
3664 0.23400567685299326 8.96e-09
3665 0.17886733742736202 1.71e-08
3666 0.19565212039147689 1.04e-08
3667 0.23400567685299312 1.57e-08
3668 0.051249218996284152 5.05e-09
3669 0.051249218996284068 3.7e-09
3670 0.19565212039147684 9.01e-09
3671 0.051249218996283999 4.2e-09
3672 0.051249218996284096 3.74e-09
3673 0.05124921899628402 3.91e-09
3674 0.23400567685299414 1.13e-08
3675 0.051249218996284054 4.07e-09
3676 0.051249218996284367 6.53e-09
3677 0.19565212039147831 1.25e-08
3678 0.19565212039147717 8.51e-09
3679 0.19565212039147648 1.03e-08
3680 0.051249218996284214 4.49e-09
3681 0.051249218996284165 9.11e-09
3682 0.051249218996284304 5.51e-09
3683 0.051249218996284117 6.43e-09
3684 0.17886733742735964 1.69e-08
3685 0.17886733742736152 1.25e-08
3686 0.26194870771428075 1.14e-08
3687 0.051249218996284054 3.88e-09
3688 0.051249218996283978 2.89e-09
3689 0.26194870771428069 1.14e-08
3690 0.17886733742736011 8.44e-09
3691 0.051249218996284103 3.7e-09
3692 0.051249218996284339 6.17e-09
3693 0.051249218996284027 3.59e-09
3694 0.17886733742736124 1.24e-08
3695 0.051249218996284027 5.57e-09
3696 0.051249218996284103 4.14e-09
3697 0.051249218996284353 5.56e-09
3698 0.051249218996284283 6.48e-09
3699 0.051249218996284089 3.74e-09
3700 0.051249218996283909 2.79e-09
3701 0.05124921899628445 6.7e-09
3702 0.19565212039147689 7.3e-09
3703 0.05124921899628411 3.98e-09
3704 0.17886733742735852 9.58e-09
3705 0.051249218996283964 3.25e-09
3706 0.051249218996284464 6.34e-09
3707 0.212232259410852 2.17e-08
3708 0.21223225941084087 2.31e-08
3709 0.051249218996284082 3.62e-09
3710 0.2340056768529922 7.07e-09
3711 0.05124921899628429 4.8e-09
3712 0.051249218996284117 4.66e-09
3713 0.17886733742735794 9.4e-09
3714 0.051249218996283964 2.86e-09
3715 0.051249218996284068 3.65e-09
3716 0.051249218996284152 4.06e-09
3717 0.051249218996284034 3.31e-09
3718 0.051249218996284047 3.53e-09
3719 0.051249218996284165 4.12e-09
3720 0.05124921899628429 5.37e-09
3721 0.051249218996284124 3.88e-09
3722 0.051249218996284408 5.31e-09
3723 0.19565212039147722 1.17e-08
3724 0.051249218996283971 4.37e-09
3725 0.051249218996284034 7.34e-09
3726 0.19565212039147747 2.33e-08
3727 0.051249218996284075 3.74e-09
3728 0.051249218996284159 5.28e-09
3729 0.051249218996284089 5.75e-09
3730 0.051249218996284172 4.29e-09
3731 0.051249218996284075 5.81e-09
3732 0.051249218996284068 4.24e-09
3733 0.051249218996283936 4.99e-09
3734 0.051249218996284006 3.25e-09
3735 0.051249218996284103 4.44e-09
3736 0.051249218996284429 5.76e-09
3737 0.051249218996284131 4.79e-09
3738 0.051249218996284665 1.01e-08
3739 0.23400567685299356 9.71e-09
3740 0.051249218996284179 4.15e-09
3741 0.051249218996283999 3.08e-09
3742 0.051249218996284145 4.06e-09
3743 0.051249218996284006 3.17e-09
3744 0.051249218996284138 3.97e-09
3745 0.051249218996283985 4.27e-09
3746 0.21223225941084159 2.48e-08
3747 0.051249218996284131 3.95e-09
3748 0.051249218996284179 4.34e-09
3749 0.051249218996284138 3.96e-09
3750 0.051249218996284075 5.1e-09
3751 0.051249218996284034 3.31e-09
3752 0.051249218996284214 9.16e-09
3753 0.051249218996283992 3.13e-09
3754 0.051249218996284096 3.94e-09
3755 0.051249218996284054 3.65e-09
3756 0.051249218996284068 4.67e-09
3757 0.051249218996284145 3.92e-09
3758 0.051249218996284041 4.25e-09
3759 0.17886733742736063 1.38e-08
3760 0.051249218996284082 3.69e-09
3761 0.19565212039147681 9.06e-09
3762 0.1788673374273648 2.84e-08
3763 0.23400567685299259 2.35e-08
3764 0.19565212039147711 1.77e-08
3765 0.051249218996284332 8.02e-09
3766 0.051249218996284041 3.98e-09
3767 0.051249218996283957 2.69e-09
3768 0.051249218996284027 3.3e-09
3769 0.05124921899628429 7.19e-09
3770 0.19565212039147692 7.75e-09
3771 0.051249218996284124 6.9e-09
3772 0.19565212039147672 7.5e-09
3773 0.051249218996284353 9.89e-09
3774 0.051249218996284027 3.35e-09
3775 0.23400567685299267 9.06e-09
3776 0.051249218996284117 4.54e-09
3777 0.05124921899628411 3.75e-09
3778 0.23400567685299256 9.09e-09
3779 0.051249218996284353 6.72e-09
3780 0.051249218996283888 1.98e-09
3781 0.23400567685299298 8.76e-09
3782 0.23400567685299267 1.63e-08
3783 0.051249218996284471 1.19e-08
3784 0.051249218996283992 3.13e-09
3785 0.26194870771427797 8.83e-09
3786 0.19565212039147736 1.11e-08
3787 0.051249218996283867 2.23e-09
3788 0.051249218996283999 3.13e-09
3789 0.051249218996284047 3.5e-09
3790 0.051249218996284117 4.01e-09
3791 0.051249218996284041 3.66e-09
3792 0.051249218996284117 6.23e-09
3793 0.23400567685299339 8.64e-09
3794 0.051249218996283881 3.77e-09
3795 0.051249218996284131 3.98e-09
3796 0.051249218996283943 3.1e-09
3797 0.26767860546962491 1.06e-08
3798 0.17886733742736052 1.81e-08
3799 0.051249218996284297 5.22e-09
3800 0.051249218996284214 5.11e-09
3801 0.23400567685299214 6.07e-09
3802 0.051249218996284006 3.09e-09
3803 0.051249218996284034 5.26e-09
3804 0.2340056768529932 8.71e-09
3805 0.051249218996284117 4.11e-09
3806 0.051249218996284047 3.46e-09
3807 0.23400567685299234 1.05e-08
3808 0.051249218996284325 5.35e-09
3809 0.051249218996284103 3.91e-09
3810 0.051249218996283992 3.1e-09
3811 0.051249218996284096 4e-09
3812 0.051249218996284145 3.97e-09
3813 0.051249218996284186 4.25e-09
3814 0.051249218996284096 3.76e-09
3815 0.051249218996284485 6.65e-09
3816 0.051249218996284006 6.63e-09
3817 0.051249218996283992 2.98e-09
3818 0.23400567685299242 7.83e-09
3819 0.19565212039147656 6.69e-09
3820 0.17886733742735803 6.52e-09
3821 0.23400567685299192 7.65e-09
3822 0.05124921899628411 8.13e-09
3823 0.051249218996284006 3.06e-09
3824 0.051249218996284006 3.18e-09
3825 0.37005911453513279 1.2e-08
3826 0.051249218996283985 3.02e-09
3827 0.051249218996284304 4.92e-09
3828 0.051249218996284068 3.82e-09
3829 0.051249218996284124 3.9e-09
3830 0.051249218996284249 5.01e-09
3831 0.23400567685299231 7.81e-09
3832 0.051249218996283916 3.53e-09
3833 0.05124921899628402 3.18e-09
3834 0.051249218996284214 6.9e-09
3835 0.051249218996284263 4.85e-09
3836 0.051249218996284512 5.78e-09
3837 0.051249218996284332 6.71e-09
3838 0.051249218996283943 3.38e-09
3839 0.051249218996284512 7.08e-09
3840 0.051249218996284131 4.36e-09
3841 0.17886733742735819 1.73e-08
3842 0.051249218996284131 4.02e-09
3843 0.051249218996284318 7.99e-09
3844 0.051249218996284221 6.55e-09
3845 0.178867337427361 1.14e-08
3846 0.26767860546962818 1.85e-08
3847 0.05124921899628402 3.34e-09
3848 0.051249218996284221 7.83e-09
3849 0.26194870771428852 1.67e-08
3850 0.051249218996284103 3.8e-09
3851 0.23400567685299328 1.02e-08
3852 0.051249218996284242 5.04e-09
3853 0.051249218996284117 4.36e-09
3854 0.19565212039147686 7.29e-09
3855 0.051249218996284131 4.12e-09
3856 0.051249218996283964 4.64e-09
3857 0.051249218996283999 6.26e-09
3858 0.051249218996284228 5.16e-09
3859 0.051249218996284387 5.27e-09
3860 0.051249218996284027 4.15e-09
3861 0.051249218996284054 4.09e-09
3862 0.051249218996284408 7.84e-09
3863 0.26767860546963257 1.24e-08
3864 0.27713209377670933 8.54e-09
3865 0.051249218996284041 3.33e-09
3866 0.051249218996284186 4.21e-09
3867 0.051249218996284145 5.02e-09
3868 0.19565212039147639 6.22e-09
3869 0.051249218996283985 2.86e-09
3870 0.05124921899628395 3.09e-09
3871 0.051249218996284041 4.66e-09
3872 0.051249218996284117 3.84e-09
3873 0.17886733742736433 1.49e-08
3874 0.23400567685299198 6.51e-09
3875 0.051249218996284228 4.96e-09
3876 0.051249218996284075 4.95e-09
3877 0.051249218996284013 3.33e-09
3878 0.1956521203914767 1e-08
3879 0.051249218996284054 3.37e-09
3880 0.051249218996284193 4.46e-09
3881 0.051249218996284006 3.17e-09
3882 0.051249218996284096 4.22e-09
3883 0.051249218996284165 6.69e-09
3884 0.051249218996284054 4.69e-09
3885 0.05124921899628411 3.83e-09
3886 0.051249218996284623 7.37e-09
3887 0.051249218996284013 3.13e-09
3888 0.17886733742736111 9.94e-09
3889 0.051249218996284242 4.85e-09
3890 0.051249218996284221 4.84e-09
3891 0.051249218996284096 3.91e-09
3892 0.051249218996283978 3.41e-09
3893 0.051249218996284006 3.07e-09
3894 0.23400567685299417 1.38e-08
3895 0.05124921899628386 4.2e-09
3896 0.051249218996284159 6.82e-09
3897 0.051249218996284165 6.46e-09
3898 0.23400567685299251 8.37e-09
3899 0.23400567685299234 6.32e-09
3900 0.195652120391477 8.02e-09
3901 0.051249218996284457 8.86e-09
3902 0.051249218996284124 4.24e-09
3903 0.051249218996284131 3.93e-09
3904 0.051249218996284103 3.77e-09
3905 0.05124921899628402 4.55e-09
3906 0.051249218996284034 3.33e-09
3907 0.17886733742735969 1.06e-08
3908 0.23400567685299323 8.53e-09
3909 0.051249218996284117 3.75e-09
3910 0.051249218996284034 3.57e-09
3911 0.23400567685299201 1.13e-08
3912 0.051249218996284124 4.14e-09
3913 0.051249218996284374 5.79e-09
3914 0.051249218996284228 5.56e-09
3915 0.051249218996284082 3.6e-09
3916 0.051249218996283999 3.3e-09
3917 0.051249218996284047 6.61e-09
3918 0.17886733742735897 8.52e-09
3919 0.05124921899628436 7.24e-09
3920 0.05124921899628402 3.33e-09
3921 0.051249218996284075 6.03e-09
3922 0.051249218996284103 3.92e-09
3923 0.051249218996284089 4.83e-09
3924 0.051249218996284082 3.78e-09
3925 0.051249218996284013 5.18e-09
3926 0.195652120391477 7.81e-09
3927 0.19565212039147697 7.84e-09
3928 0.051249218996283999 5e-09
3929 0.051249218996284013 3.06e-09
3930 0.051249218996283895 2.41e-09
3931 0.051249218996284339 6.24e-09
3932 0.051249218996284117 3.79e-09
3933 0.051249218996283992 3.06e-09
3934 0.23400567685299276 1.27e-08
3935 0.23400567685299298 8.53e-09
3936 0.051249218996284124 7.28e-09
3937 0.051249218996284179 4.15e-09
3938 0.051249218996283985 2.96e-09
3939 0.051249218996284207 4.84e-09
3940 0.1956521203914772 8.29e-09
3941 0.19565212039147736 1.37e-08
3942 0.051249218996284047 4.67e-09
3943 0.051249218996284034 5.8e-09
3944 0.051249218996283923 2.34e-09
3945 0.051249218996284311 5.8e-09
3946 0.051249218996283943 2.63e-09
3947 0.051249218996284089 4.34e-09
3948 0.27713209377670966 1.08e-08
3949 0.05124921899628436 5.18e-09
3950 0.051249218996284054 3.38e-09
3951 0.051249218996284041 3.3e-09
3952 0.19565212039147678 6.69e-09
3953 0.051249218996284027 4.99e-09
3954 0.051249218996284165 7.67e-09
3955 0.27713209377670994 1.48e-08
3956 0.051249218996284394 8.43e-09
3957 0.051249218996284068 3.5e-09
3958 0.051249218996284436 5.51e-09
3959 0.051249218996283936 2.52e-09
3960 0.051249218996284221 6.29e-09
3961 0.051249218996284214 4.49e-09
3962 0.05124921899628402 3.4e-09
3963 0.051249218996284047 3.37e-09
3964 0.051249218996283943 2.77e-09
3965 0.19565212039147636 5.52e-09
3966 0.051249218996283916 2.33e-09
3967 0.23400567685299323 8.86e-09
3968 0.051249218996284311 5.67e-09
3969 0.051249218996284436 8.6e-09
3970 0.051249218996284214 5.54e-09
3971 0.27713209377670933 8.33e-09
3972 0.051249218996284089 3.69e-09
3973 0.051249218996284589 6.28e-09
3974 0.19565212039147714 1.1e-08
3975 0.05124921899628395 6.32e-09
3976 0.19565212039147761 1.03e-08
3977 0.27713209377671072 1.12e-08
3978 0.21223225941083779 1.02e-08
3979 0.26767860546963657 1.74e-08
3980 0.051249218996284082 3.82e-09
3981 0.23400567685299198 6.94e-09
3982 0.05124921899628393 3.19e-09
3983 0.051249218996284415 5.53e-09
3984 0.051249218996283999 3.1e-09
3985 0.051249218996284152 4.05e-09
3986 0.21223225941083584 9.55e-09
3987 0.051249218996284325 4.92e-09
3988 0.051249218996283999 3.33e-09
3989 0.23400567685299187 6.42e-09
3990 0.051249218996284145 3.98e-09
3991 0.051249218996284013 3.45e-09
3992 0.051249218996284131 4.3e-09
3993 0.051249218996284006 3.02e-09
3994 0.051249218996284193 8.41e-09
3995 0.051249218996284089 4.04e-09
3996 0.051249218996284124 5.38e-09
3997 0.05124921899628395 2.59e-09
3998 0.26194870771428524 1.46e-08
3999 0.051249218996284061 3.41e-09
4000 0.19565212039147686 7.48e-09
4001 0.23400567685299492 1.16e-08
4002 0.051249218996284082 3.94e-09
4003 0.051249218996284263 4.91e-09
4004 0.23400567685299328 8.37e-09
4005 0.05124921899628393 2.52e-09
4006 0.051249218996284179 4.87e-09
4007 0.23400567685299314 9.14e-09
4008 0.051249218996284089 3.65e-09
4009 0.051249218996283999 3.04e-09
4010 0.051249218996284138 4.09e-09
4011 0.051249218996284054 3.4e-09
4012 0.23400567685299226 7.54e-09
4013 0.051249218996284061 5.35e-09
4014 0.051249218996283978 2.97e-09
4015 0.051249218996284242 5.92e-09
4016 0.051249218996284068 3.6e-09
4017 0.051249218996284041 3.66e-09
4018 0.051249218996284054 4.14e-09
4019 0.19565212039147659 6.74e-09
4020 0.17886733742736302 2.51e-08
4021 0.17886733742735922 1.16e-08
4022 0.19565212039147731 1.66e-08
4023 0.2340056768529927 9.21e-09
4024 0.051249218996284047 3.61e-09
4025 0.051249218996284256 6.05e-09
4026 0.05124921899628402 3.08e-09
4027 0.17886733742735955 1.09e-08
4028 0.051249218996283957 2.89e-09
4029 0.17886733742736097 1.18e-08
4030 0.051249218996284027 3.33e-09
4031 0.23400567685299198 6.1e-09
4032 0.051249218996284034 3.22e-09
4033 0.23400567685299198 5.84e-09
4034 0.051249218996284006 3.62e-09
4035 0.051249218996284103 3.83e-09
4036 0.17886733742735977 9.19e-09
4037 0.051249218996284054 3.38e-09
4038 0.051249218996284221 6.5e-09
4039 0.27713209377671028 1.02e-08
4040 0.051249218996284152 4.05e-09
4041 0.051249218996284103 3.74e-09
4042 0.051249218996284186 4.23e-09
4043 0.051249218996284075 3.62e-09
4044 0.051249218996284061 3.39e-09
4045 0.051249218996284152 9.86e-09
4046 0.051249218996284221 4.45e-09
4047 0.17886733742735836 6.74e-09
4048 0.051249218996284034 4.27e-09
4049 0.051249218996284346 5.26e-09
4050 0.051249218996284006 3.08e-09
4051 0.051249218996284103 7.8e-09
4052 0.051249218996284082 4.7e-09
4053 0.23400567685299403 1.14e-08
4054 0.051249218996284054 9.7e-09
4055 0.051249218996284061 5.06e-09
4056 0.051249218996284034 3.21e-09
4057 0.051249218996283867 2.65e-09
4058 0.051249218996284165 5.44e-09
4059 0.051249218996284075 3.64e-09
4060 0.17886733742736416 1.48e-08
4061 0.051249218996283978 3.34e-09
4062 0.051249218996283943 2.55e-09
4063 0.19565212039147711 1.61e-08
4064 0.051249218996284193 4.73e-09
4065 0.051249218996284013 3.38e-09
4066 0.23400567685299242 1.41e-08
4067 0.051249218996284318 8.68e-09
4068 0.051249218996283978 3.2e-09
4069 0.051249218996283978 2.9e-09
4070 0.051249218996284124 3.84e-09
4071 0.051249218996284034 3.2e-09
4072 0.19565212039147695 7.89e-09
4073 0.051249218996284165 4.19e-09
4074 0.051249218996284103 3.87e-09
4075 0.051249218996283936 2.77e-09
4076 0.051249218996283985 4.38e-09
4077 0.051249218996284214 7.18e-09
4078 0.051249218996284159 5.9e-09
4079 0.051249218996284124 9.8e-09
4080 0.2619487077142818 1.52e-08
4081 0.19565212039147634 1.1e-08
4082 0.051249218996284131 3.96e-09
4083 0.23400567685299367 1.5e-08
4084 0.051249218996284124 3.95e-09
4085 0.23400567685299395 9.77e-09
4086 0.051249218996283936 2.72e-09
4087 0.19565212039147745 1.1e-08
4088 0.051249218996284179 4.85e-09
4089 0.23400567685299223 6.97e-09
4090 0.051249218996284061 7.16e-09
4091 0.051249218996284096 3.59e-09
4092 0.051249218996284256 5.21e-09
4093 0.051249218996284117 4.19e-09
4094 0.23400567685299217 7.96e-09
4095 0.29414667819025858 1.57e-08
4096 0.23400567685299295 1.13e-08
4097 0.2619487077142823 1.27e-08
4098 0.051249218996284006 3.01e-09
4099 0.27713209377670928 1.23e-08
4100 0.05124921899628427 7.5e-09
4101 0.051249218996284485 5.7e-09
4102 0.23400567685299278 1.48e-08
4103 0.051249218996284207 4.81e-09
4104 0.23400567685299276 1.4e-08
4105 0.051249218996284311 6.56e-09
4106 0.051249218996284381 6.06e-09
4107 0.051249218996284013 3.17e-09
4108 0.051249218996283923 2.56e-09
4109 0.23400567685299217 6.92e-09
4110 0.051249218996284152 4e-09
4111 0.051249218996283971 2.71e-09
4112 0.05124921899628411 3.8e-09
4113 0.23400567685299312 8.58e-09
4114 0.051249218996284013 4.08e-09
4115 0.23400567685299212 9.58e-09
4116 0.051249218996284034 4.68e-09
4117 0.051249218996284089 3.56e-09
4118 0.051249218996284152 4.29e-09
4119 0.05124921899628402 3.3e-09
4120 0.19565212039147609 9.85e-09
4121 0.051249218996283957 3.95e-09
4122 0.051249218996284263 4.99e-09
4123 0.051249218996284089 3.98e-09
4124 0.23400567685299245 8.35e-09
4125 0.051249218996284193 6.58e-09
4126 0.23400567685299339 1.11e-08
4127 0.051249218996284152 4.68e-09
4128 0.051249218996284207 5.1e-09
4129 0.051249218996284159 4.89e-09
4130 0.051249218996284096 4.44e-09
4131 0.1956521203914775 9.25e-09
4132 0.051249218996284394 5.36e-09
4133 0.051249218996283978 5.75e-09
4134 0.21223225941083995 1.58e-08
4135 0.19565212039147664 6.24e-09
4136 0.051249218996284047 7.77e-09
4137 0.051249218996283999 3.2e-09
4138 0.29414667819032086 1.53e-08
4139 0.19565212039147753 1.05e-08
4140 0.051249218996284492 1.12e-08
4141 0.19565212039147734 8.44e-09
4142 0.051249218996283916 3.14e-09
4143 0.19565212039147634 6.33e-09
4144 0.23400567685299192 6.55e-09
4145 0.23400567685299398 9.86e-09
4146 0.23400567685299378 1.09e-08
4147 0.051249218996284041 3.24e-09
4148 0.05124921899628402 6.06e-09
4149 0.26767860546962163 1.06e-08
4150 0.051249218996284089 3.67e-09
4151 0.051249218996284089 7.89e-09
4152 0.21223225941084051 1.78e-08
4153 0.051249218996284082 3.67e-09
4154 0.051249218996283999 3.17e-09
4155 0.19565212039147825 1.2e-08
4156 0.23400567685299206 9.76e-09
4157 0.19565212039147731 9.69e-09
4158 0.051249218996283964 5.34e-09
4159 0.051249218996284089 3.7e-09
4160 0.05124921899628411 6.84e-09
4161 0.05124921899628395 2.66e-09
4162 0.051249218996284068 7.28e-09
4163 0.051249218996283978 2.77e-09
4164 0.23400567685299242 1.46e-08
4165 0.051249218996284075 3.53e-09
4166 0.21223225941083992 2.9e-08
4167 0.051249218996284082 4e-09
4168 0.051249218996284068 3.99e-09
4169 0.051249218996284179 6.48e-09
4170 0.051249218996284117 4.02e-09
4171 0.17886733742736274 1.41e-08
4172 0.051249218996283964 5.04e-09
4173 0.051249218996284061 3.4e-09
4174 0.051249218996284159 4.4e-09
4175 0.051249218996284152 4.46e-09
4176 0.051249218996284179 4.3e-09
4177 0.23400567685299217 8.31e-09
4178 0.051249218996284325 4.93e-09
4179 0.05124921899628402 3.83e-09
4180 0.051249218996284006 4.79e-09
4181 0.05124921899628395 3.12e-09
4182 0.051249218996284172 6.5e-09
4183 0.17886733742735852 9.46e-09
4184 0.23400567685299195 5.76e-09
4185 0.23400567685299412 1.02e-08
4186 0.0512492189962842 6.31e-09
4187 0.19565212039147617 4.84e-09
4188 0.051249218996283943 2.76e-09
4189 0.051249218996284089 3.71e-09
4190 0.051249218996283978 4.92e-09
4191 0.051249218996284214 4.42e-09
4192 0.051249218996283964 2.59e-09
4193 0.051249218996284318 5.95e-09
4194 0.26194870771427936 1.02e-08
4195 0.05124921899628402 3.23e-09
4196 0.051249218996283943 2.47e-09
4197 0.051249218996283964 6.22e-09
4198 0.051249218996284034 3.2e-09
4199 0.051249218996284096 6.65e-09
4200 0.051249218996284082 7.45e-09
4201 0.051249218996284034 3.61e-09
4202 0.26767860546963262 1.25e-08
4203 0.05124921899628411 4.12e-09
4204 0.051249218996284075 3.58e-09
4205 0.23400567685299212 6.71e-09
4206 0.17886733742735791 7.62e-09
4207 0.051249218996284013 3.29e-09
4208 0.23400567685299223 6.46e-09
4209 0.051249218996283971 3.02e-09
4210 0.05124921899628393 5.33e-09
4211 0.27713209377670922 8.12e-09
4212 0.051249218996284006 3.08e-09
4213 0.051249218996284027 3.36e-09
4214 0.051249218996284165 7.24e-09
4215 0.051249218996284172 4.14e-09
4216 0.051249218996284034 3.3e-09
4217 0.17886733742736247 1.78e-08
4218 0.19565212039147731 1.03e-08
4219 0.051249218996284054 3.59e-09
4220 0.051249218996284034 3.56e-09
4221 0.051249218996284061 3.58e-09
4222 0.051249218996284061 4.24e-09
4223 0.051249218996284283 5.3e-09
4224 0.1956521203914767 1.55e-08
4225 0.23400567685299326 8.63e-09
4226 0.051249218996284075 3.66e-09
4227 0.051249218996284276 4.75e-09
4228 0.051249218996284179 5.8e-09
4229 0.051249218996284068 3.54e-09
4230 0.17886733742735933 1.7e-08
4231 0.051249218996284034 3.45e-09
4232 0.051249218996284117 6.05e-09
4233 0.051249218996284054 3.45e-09
4234 0.051249218996284075 3.59e-09
4235 0.051249218996284047 3.44e-09
4236 0.19565212039147678 8.68e-09
4237 0.051249218996284193 4.29e-09
4238 0.17886733742735916 1.1e-08
4239 0.1956521203914762 4.83e-09
4240 0.051249218996284096 6.06e-09
4241 0.051249218996284138 4.96e-09
4242 0.051249218996284131 8.71e-09
4243 0.051249218996283909 3.57e-09
4244 0.051249218996284172 4.08e-09
4245 0.051249218996284214 5.92e-09
4246 0.051249218996284027 4.03e-09
4247 0.051249218996284221 8.52e-09
4248 0.40937858963104917 1.36e-08
4249 0.051249218996283999 3.79e-09
4250 0.051249218996284242 6.21e-09
4251 0.051249218996284353 1.06e-08
4252 0.05124921899628395 6.97e-09
4253 0.19565212039147734 1.34e-08
4254 0.23400567685299259 8.27e-09
4255 0.051249218996283943 2.42e-09
4256 0.051249218996284075 9.22e-09
4257 0.051249218996284006 3e-09
4258 0.051249218996284304 4.96e-09
4259 0.23400567685299442 1.06e-08
4260 0.051249218996283985 3.48e-09
4261 0.0512492189962842 4.74e-09
4262 0.05124921899628411 3.94e-09
4263 0.051249218996284061 3.53e-09
4264 0.051249218996284047 3.39e-09
4265 0.051249218996284207 4.33e-09
4266 0.051249218996284214 5.33e-09
4267 0.051249218996284193 4.39e-09
4268 0.051249218996284089 4.01e-09
4269 0.051249218996284131 3.9e-09
4270 0.051249218996283985 4.88e-09
4271 0.051249218996284228 4.52e-09
4272 0.17886733742736668 2.49e-08
4273 0.23400567685299331 8.47e-09
4274 0.051249218996284006 6.34e-09
4275 0.051249218996284082 4.21e-09
4276 0.051249218996283888 3.9e-09
4277 0.051249218996284165 8.6e-09
4278 0.05124921899628454 7.89e-09
4279 0.051249218996283971 2.76e-09
4280 0.26767860546962652 1.54e-08
4281 0.051249218996283909 2.74e-09
4282 0.05124921899628411 4.19e-09
4283 0.051249218996284214 4.48e-09
4284 0.27713209377670939 8.91e-09
4285 0.051249218996284047 3.53e-09
4286 0.23400567685299273 7.59e-09
4287 0.1956521203914772 8.76e-09
4288 0.051249218996284159 4.02e-09
4289 0.051249218996284082 4.26e-09
4290 0.051249218996284103 3.88e-09
4291 0.051249218996283957 5.53e-09
4292 0.051249218996284145 4.02e-09
4293 0.23400567685299209 1.04e-08
4294 0.051249218996284568 9.6e-09
4295 0.051249218996284131 7.86e-09
4296 0.051249218996284013 5.81e-09
4297 0.051249218996284152 6.07e-09
4298 0.051249218996284172 8.93e-09
4299 0.051249218996284061 4.86e-09
4300 0.051249218996284027 3.52e-09
4301 0.051249218996284103 3.69e-09
4302 0.40361731995194688 1.31e-08
4303 0.051249218996284047 3.4e-09
4304 0.051249218996284034 3.33e-09
4305 0.051249218996284068 3.42e-09
4306 0.051249218996283957 2.9e-09
4307 0.23400567685299226 7.31e-09
4308 0.051249218996284096 3.92e-09
4309 0.051249218996284013 3.83e-09
4310 0.051249218996284054 3.31e-09
4311 0.26194870771428297 1.43e-08
4312 0.21223225941083826 1.15e-08
4313 0.051249218996284353 7.26e-09
4314 0.05124921899628402 3.44e-09
4315 0.23400567685299398 1.04e-08
4316 0.26194870771428314 1.44e-08
4317 0.05124921899628402 5.82e-09
4318 0.051249218996284061 3.3e-09
4319 0.051249218996284276 5.14e-09
4320 0.23400567685299378 1.15e-08
4321 0.051249218996284027 3.29e-09
4322 0.051249218996284263 5.3e-09
4323 0.051249218996284034 4.22e-09
4324 0.051249218996284096 8.19e-09
4325 0.19565212039147684 8.41e-09
4326 0.051249218996283992 6.54e-09
4327 0.051249218996284283 6.3e-09
4328 0.051249218996284082 4.77e-09
4329 0.1956521203914775 1.84e-08
4330 0.051249218996284013 3.31e-09
4331 0.23400567685299295 9.66e-09
4332 0.19565212039147648 7.18e-09
4333 0.17886733742736285 1.26e-08
4334 0.23400567685299434 1.3e-08
4335 0.051249218996284061 3.45e-09
4336 0.2340056768529935 1.08e-08
4337 0.051249218996283992 2.81e-09
4338 0.23400567685299176 5.2e-09
4339 0.17886733742736011 9.97e-09
4340 0.051249218996284034 3.6e-09
4341 0.29414667819032142 3.25e-08
4342 0.051249218996284422 5.74e-09
4343 0.19565212039147722 8.74e-09
4344 0.051249218996283999 3.07e-09
4345 0.051249218996284034 4.75e-09
4346 0.27713209377670966 1.5e-08
4347 0.051249218996284165 4.13e-09
4348 0.051249218996284221 4.92e-09
4349 0.051249218996283825 1.9e-09
4350 0.051249218996284096 8.71e-09
4351 0.051249218996284041 5.02e-09
4352 0.051249218996284159 4.33e-09
4353 0.051249218996283964 2.97e-09
4354 0.23400567685299184 5.21e-09
4355 0.05124921899628402 3.24e-09
4356 0.05124921899628427 6.54e-09
4357 0.051249218996283909 2.89e-09
4358 0.27713209377670961 1.02e-08
4359 0.17886733742735983 1.59e-08
4360 0.051249218996283902 2.03e-09
4361 0.051249218996283943 2.93e-09
4362 0.05124921899628393 2.46e-09
4363 0.051249218996284186 4.63e-09
4364 0.21223225941083879 1.41e-08
4365 0.277132093776709 6.8e-09
4366 0.051249218996283957 4.9e-09
4367 0.051249218996284159 6.23e-09
4368 0.23400567685299217 6.83e-09
4369 0.19565212039147761 1.25e-08
4370 0.051249218996284034 3.45e-09
4371 0.051249218996283971 3.45e-09
4372 0.051249218996283992 2.96e-09
4373 0.051249218996284013 3.06e-09
4374 0.051249218996283985 5.22e-09
4375 0.051249218996284068 4.23e-09
4376 0.19565212039147678 6.68e-09
4377 0.051249218996284034 3.45e-09
4378 0.051249218996284145 4.03e-09
4379 0.05124921899628411 5.05e-09
4380 0.23400567685299231 7.64e-09
4381 0.051249218996284041 3.24e-09
4382 0.051249218996283957 2.74e-09
4383 0.23400567685299395 1.08e-08
4384 0.051249218996284054 3.36e-09
4385 0.17886733742735997 8.77e-09
4386 0.051249218996284179 5.18e-09
4387 0.17886733742735986 1.01e-08
4388 0.23400567685299431 1.15e-08
4389 0.051249218996283985 2.83e-09
4390 0.21223225941084078 2.12e-08
4391 0.051249218996284152 4.65e-09
4392 0.1956521203914772 9.27e-09
4393 0.051249218996284061 4.93e-09
4394 0.051249218996284047 3.47e-09
4395 0.051249218996284047 3.41e-09
4396 0.29414667819027357 2.21e-08
4397 0.051249218996284047 3.83e-09
4398 0.178867337427361 9.7e-09
4399 0.17886733742736127 1.17e-08
4400 0.05124921899628395 3.71e-09
4401 0.051249218996284283 1.03e-08
4402 0.051249218996284103 4.98e-09
4403 0.17886733742736019 1.34e-08
4404 0.051249218996284193 4.18e-09
4405 0.05124921899628402 3.29e-09
4406 0.051249218996284422 5.3e-09
4407 0.051249218996284256 5.91e-09
4408 0.05124921899628402 3.14e-09
4409 0.051249218996284492 6.33e-09
4410 0.19565212039147709 9.07e-09
4411 0.23400567685299234 7.86e-09
4412 0.19565212039147761 1e-08
4413 0.23400567685299339 1.26e-08
4414 0.051249218996284721 6.97e-09
4415 0.051249218996284041 3.86e-09
4416 0.051249218996283895 2.27e-09
4417 0.19565212039147689 1.13e-08
4418 0.051249218996284207 4.78e-09
4419 0.051249218996284006 3.08e-09
4420 0.051249218996284207 6.4e-09
4421 0.051249218996284145 4e-09
4422 0.051249218996284235 4.59e-09
4423 0.051249218996284068 3.51e-09
4424 0.051249218996284047 3.37e-09
4425 0.051249218996284089 6.52e-09
4426 0.051249218996284346 7.06e-09
4427 0.19565212039147631 5.46e-09
4428 0.23400567685299403 1.07e-08
4429 0.051249218996284276 9.73e-09
4430 0.051249218996284221 4.43e-09
4431 0.23400567685299253 9.15e-09
4432 0.19565212039147692 7.47e-09
4433 0.051249218996284325 7.16e-09
4434 0.0512492189962842 6.2e-09
4435 0.051249218996283992 3.4e-09
4436 0.051249218996284235 5.2e-09
4437 0.051249218996284145 4.32e-09
4438 0.19565212039147664 7.74e-09
4439 0.051249218996283895 2.36e-09
4440 0.23400567685299292 9.75e-09
4441 0.051249218996284068 3.47e-09
4442 0.29414667819034168 1.68e-08
4443 0.27713209377671227 1.52e-08
4444 0.17886733742735858 1.1e-08
4445 0.051249218996284061 3.51e-09
4446 0.19565212039147706 9.03e-09
4447 0.051249218996284124 4.13e-09
4448 0.05124921899628402 4.21e-09
4449 0.051249218996284096 4.04e-09
4450 0.051249218996284131 7.34e-09
4451 0.051249218996284159 4.11e-09
4452 0.23400567685299212 1.5e-08
4453 0.051249218996283999 3.01e-09
4454 0.23400567685299267 1.33e-08
4455 0.051249218996284242 5.18e-09
4456 0.051249218996284242 5.05e-09
4457 0.19565212039147739 8.99e-09
4458 0.051249218996284075 4.06e-09
4459 0.051249218996284027 4.49e-09
4460 0.23400567685299412 1.1e-08
4461 0.29414667819030643 1.99e-08
4462 0.051249218996283978 3.24e-09
4463 0.051249218996284096 8.91e-09
4464 0.051249218996284117 4.24e-09
4465 0.051249218996283971 5.09e-09
4466 0.19565212039147781 1.1e-08
4467 0.051249218996284061 6.99e-09
4468 0.29414667819028684 1.86e-08
4469 0.051249218996284047 3.49e-09
4470 0.051249218996284131 4.91e-09
4471 0.2340056768529935 9.62e-09
4472 0.23400567685299195 5.58e-09
4473 0.19565212039147753 1.76e-08
4474 0.051249218996284096 7.51e-09
4475 0.051249218996284103 6.85e-09
4476 0.051249218996284054 5.92e-09
4477 0.17886733742735822 6.34e-09
4478 0.051249218996284186 4.31e-09
4479 0.2619487077142823 1.36e-08
4480 0.23400567685299262 7.43e-09
4481 0.19565212039147675 7.01e-09
4482 0.051249218996284145 5.25e-09
4483 0.23400567685299301 7.71e-09
4484 0.051249218996283999 2.98e-09
4485 0.051249218996284103 3.95e-09
4486 0.051249218996284089 3.96e-09
4487 0.051249218996283909 2.01e-09
4488 0.05124921899628429 5.6e-09
4489 0.051249218996284041 5.22e-09
4490 0.21223225941083501 1.07e-08
4491 0.051249218996284068 3.94e-09
4492 0.051249218996284075 6.31e-09
4493 0.051249218996284131 3.92e-09
4494 0.26194870771427725 8.03e-09
4495 0.1956521203914775 1.01e-08
4496 0.27713209377671055 1.05e-08
4497 0.23400567685299295 9.58e-09
4498 0.19565212039147886 1.47e-08
4499 0.051249218996283999 3.17e-09
4500 0.051249218996284138 5.33e-09
4501 0.051249218996284492 5.71e-09
4502 0.051249218996284325 5.31e-09
4503 0.17886733742735805 7.63e-09
4504 0.05124921899628402 3.3e-09
4505 0.051249218996284054 3.46e-09
4506 0.051249218996284068 3.47e-09
4507 0.17886733742735914 1.54e-08
4508 0.051249218996284353 5.21e-09
4509 0.23400567685299389 1.2e-08
4510 0.19565212039147653 8.68e-09
4511 0.23400567685299273 9.37e-09
4512 0.051249218996284054 3.76e-09
4513 0.051249218996283999 3.1e-09
4514 0.051249218996284047 3.48e-09
4515 0.051249218996284082 3.8e-09
4516 0.051249218996284041 3.72e-09
4517 0.051249218996284172 6.07e-09
4518 0.051249218996284381 5.86e-09
4519 0.051249218996284047 3.33e-09
4520 0.051249218996284054 3.65e-09
4521 0.051249218996283992 2.95e-09
4522 0.19565212039147692 7.64e-09
4523 0.051249218996283992 2.94e-09
4524 0.051249218996284082 3.58e-09
4525 0.051249218996283902 3.42e-09
4526 0.23400567685299226 9.87e-09
4527 0.23400567685299256 9.41e-09
4528 0.17886733742735994 1.13e-08
4529 0.051249218996284082 4.99e-09
4530 0.051249218996284068 3.48e-09
4531 0.05124921899628411 3.89e-09
4532 0.19565212039147711 1.1e-08
4533 0.051249218996283992 3.22e-09
4534 0.051249218996284082 3.79e-09
4535 0.051249218996284367 5.17e-09
4536 0.051249218996284256 4.65e-09
4537 0.051249218996284089 3.97e-09
4538 0.178867337427359 9.02e-09
4539 0.19565212039147639 6.01e-09
4540 0.23400567685299287 2.65e-08
4541 0.051249218996283999 3.11e-09
4542 0.195652120391477 8.16e-09
4543 0.051249218996284006 3.18e-09
4544 0.051249218996284464 5.55e-09
4545 0.051249218996284249 5.16e-09
4546 0.051249218996283964 2.8e-09
4547 0.19565212039147667 7.04e-09
4548 0.21223225941083615 2.21e-08
4549 0.051249218996284152 7.26e-09
4550 0.19565212039147786 1.64e-08
4551 0.23400567685299239 8.3e-09
4552 0.23400567685299237 6.5e-09
4553 0.051249218996284061 4.11e-09
4554 0.051249218996284082 3.83e-09
4555 0.26767860546962075 1e-08
4556 0.051249218996284526 9.42e-09
4557 0.26194870771427642 8.58e-09
4558 0.051249218996284311 5.19e-09
4559 0.051249218996284103 3.72e-09
4560 0.051249218996284256 4.58e-09
4561 0.23400567685299267 1.27e-08
4562 0.051249218996284186 4.43e-09
4563 0.051249218996284089 3.73e-09
4564 0.1788673374273638 1.43e-08
4565 0.051249218996283957 2.69e-09
4566 0.051249218996284117 3.76e-09
4567 0.051249218996283957 2.7e-09
4568 0.05124921899628411 6.02e-09
4569 0.05124921899628393 2.43e-09
4570 0.051249218996284152 6.71e-09
4571 0.26767860546963851 2.22e-08
4572 0.051249218996284047 4.89e-09
4573 0.051249218996283916 5.91e-09
4574 0.051249218996284207 6.55e-09
4575 0.051249218996284027 3.23e-09
4576 0.051249218996284367 8.74e-09
4577 0.051249218996284006 5.92e-09
4578 0.26767860546962435 1.36e-08
4579 0.051249218996284228 4.58e-09
4580 0.05124921899628395 2.67e-09
4581 0.051249218996283964 2.82e-09
4582 0.23400567685299253 1.15e-08
4583 0.051249218996284159 7.43e-09
4584 0.19565212039147681 8.11e-09
4585 0.051249218996284311 9.36e-09
4586 0.05124921899628411 5.82e-09
4587 0.051249218996284047 3.37e-09
4588 0.051249218996284068 4e-09
4589 0.19565212039147695 7.61e-09
4590 0.051249218996284047 4.23e-09
4591 0.051249218996284068 3.52e-09
4592 0.051249218996284006 3.66e-09
4593 0.051249218996284047 3.46e-09
4594 0.051249218996284263 4.79e-09
4595 0.17886733742736072 1.41e-08
4596 0.19565212039147645 5.86e-09
4597 0.051249218996284006 2.99e-09
4598 0.17886733742735775 8.5e-09
4599 0.19565212039147833 1.63e-08
4600 0.26194870771428003 1.41e-08
4601 0.05124921899628429 4.98e-09
4602 0.051249218996284138 5.27e-09
4603 0.051249218996284047 3.75e-09
4604 0.17886733742736252 1.22e-08
4605 0.19565212039147684 2.49e-08
4606 0.051249218996284311 5.85e-09
4607 0.05124921899628411 3.9e-09
4608 0.051249218996283936 3.02e-09
4609 0.051249218996284034 3.13e-09
4610 0.35952804468565219 2.13e-08
4611 0.051249218996284159 5.6e-09
4612 0.051249218996284061 3.66e-09
4613 0.051249218996284276 4.76e-09
4614 0.051249218996283923 2.33e-09
4615 0.051249218996284235 5.34e-09
4616 0.051249218996284325 6.25e-09
4617 0.051249218996284152 4.34e-09
4618 0.23400567685299548 1.82e-08
4619 0.0512492189962842 6.22e-09
4620 0.23400567685299223 7.4e-09
4621 0.051249218996284068 3.81e-09
4622 0.051249218996284041 3.69e-09
4623 0.19565212039147661 6.99e-09
4624 0.051249218996284367 7.3e-09
4625 0.051249218996284159 7.47e-09
4626 0.051249218996284027 5.27e-09
4627 0.051249218996284228 6.07e-09
4628 0.051249218996284186 4.24e-09
4629 0.051249218996284117 3.95e-09
4630 0.051249218996284054 3.5e-09
4631 0.19565212039147747 1e-08
4632 0.051249218996283888 2.27e-09
4633 0.0512492189962842 4.43e-09
4634 0.051249218996283923 3.89e-09
4635 0.051249218996283895 3.64e-09
4636 0.051249218996283978 7.53e-09
4637 0.051249218996284117 8.13e-09
4638 0.23400567685299178 5.02e-09
4639 0.17886733742735864 8.13e-09
4640 0.26767860546962763 1.55e-08
4641 0.051249218996284054 1.09e-08
4642 0.051249218996284103 4.62e-09
4643 0.26194870771428053 1.12e-08
4644 0.19565212039147736 8.99e-09
4645 0.19565212039147697 1.09e-08
4646 0.051249218996283971 2.7e-09
4647 0.051249218996284131 3.96e-09
4648 0.17886733742736161 1.08e-08
4649 0.051249218996283978 2.88e-09
4650 0.23400567685299425 1.26e-08
4651 0.23400567685299209 1.47e-08
4652 0.051249218996283916 2.39e-09
4653 0.1956521203914772 9.65e-09
4654 0.051249218996283964 2.97e-09
4655 0.051249218996284075 3.72e-09
4656 0.051249218996284138 4.98e-09
4657 0.23400567685299303 1.23e-08
4658 0.05124921899628411 3.82e-09
4659 0.051249218996284054 3.41e-09
4660 0.051249218996284131 4e-09
4661 0.051249218996284242 4.73e-09
4662 0.19565212039147689 1.64e-08
4663 0.0512492189962842 5.34e-09
4664 0.1788673374273603 1.94e-08
4665 0.19565212039147686 1.61e-08
4666 0.051249218996284318 8.48e-09
4667 0.17886733742736055 1.04e-08
4668 0.051249218996284186 5.38e-09
4669 0.051249218996284131 4.39e-09
4670 0.051249218996284027 3.68e-09
4671 0.05124921899628411 3.87e-09
4672 0.23400567685299378 1.26e-08
4673 0.05124921899628395 2.62e-09
4674 0.26194870771428014 1.32e-08
4675 0.05124921899628411 3.84e-09
4676 0.23400567685299334 8.49e-09
4677 0.05124921899628411 4.06e-09
4678 0.2340056768529932 8.95e-09
4679 0.27713209377670961 1.02e-08
4680 0.23400567685299267 7.96e-09
4681 0.19565212039147742 1.59e-08
4682 0.051249218996283985 5.52e-09
4683 0.051249218996284068 3.52e-09
4684 0.051249218996284159 4.88e-09
4685 0.051249218996284637 9.35e-09
4686 0.051249218996284013 3.21e-09
4687 0.051249218996283943 2.76e-09
4688 0.051249218996283985 3.84e-09
4689 0.051249218996284027 3.34e-09
4690 0.05124921899628395 2.62e-09
4691 0.051249218996284159 4.14e-09
4692 0.051249218996284193 7.04e-09
4693 0.05124921899628461 9.32e-09
4694 0.23400567685299248 9.31e-09
4695 0.051249218996283916 2.36e-09
4696 0.051249218996284082 4.59e-09
4697 0.051249218996284061 6.03e-09
4698 0.2619487077142828 1.37e-08
4699 0.051249218996283943 2.76e-09
4700 0.051249218996284075 3.68e-09
4701 0.051249218996284249 4.63e-09
4702 0.27713209377670966 2.25e-08
4703 0.051249218996284061 3.46e-09
4704 0.19565212039147767 9.74e-09
4705 0.051249218996284228 4.59e-09
4706 0.051249218996284179 4.3e-09
4707 0.23400567685299378 9.78e-09
4708 0.17886733742735872 9.9e-09
4709 0.051249218996284082 3.72e-09
4710 0.23400567685299445 1.07e-08
4711 0.23400567685299326 1.39e-08
4712 0.26767860546963113 1.22e-08
4713 0.23400567685299198 5.8e-09
4714 0.051249218996284034 3.3e-09
4715 0.051249218996284172 4.19e-09
4716 0.051249218996284047 3.52e-09
4717 0.051249218996284339 5.28e-09
4718 0.051249218996284124 4.06e-09
4719 0.051249218996284117 4.85e-09
4720 0.17886733742736308 1.23e-08
4721 0.19565212039147847 1.17e-08
4722 0.051249218996283943 3.06e-09
4723 0.051249218996284235 5.85e-09
4724 0.05124921899628402 3.35e-09
4725 0.051249218996284089 6.83e-09
4726 0.17886733742736066 1.06e-08
4727 0.051249218996284047 3.42e-09
4728 0.051249218996284096 3.93e-09
4729 0.051249218996283978 3e-09
4730 0.17886733742735908 8.28e-09
4731 0.27713209377671011 1.81e-08
4732 0.051249218996284415 7.2e-09
4733 0.23400567685299176 9.29e-09
4734 0.051249218996284041 3.89e-09
4735 0.051249218996283888 2.24e-09
4736 0.051249218996283971 2.77e-09
4737 0.051249218996283992 6.91e-09
4738 0.27713209377671011 1.09e-08
4739 0.051249218996284152 4.06e-09
4740 0.051249218996284242 7.58e-09
4741 0.051249218996283985 3.52e-09
4742 0.051249218996284068 3.44e-09
4743 0.051249218996284242 4.49e-09
4744 0.26767860546961775 8.27e-09
4745 0.17886733742735789 7.45e-09
4746 0.051249218996284047 4.43e-09
4747 0.051249218996284145 3.96e-09
4748 0.051249218996284186 7.04e-09
4749 0.051249218996284034 3.32e-09
4750 0.19565212039147784 1.08e-08
4751 0.17886733742736058 1.1e-08
4752 0.05124921899628411 1.06e-08
4753 0.26194870771427964 1.19e-08
4754 0.19565212039147745 8.75e-09
4755 0.1956521203914767 1.38e-08
4756 0.051249218996284346 5.06e-09
4757 0.051249218996284145 4.14e-09
4758 0.051249218996284186 4.9e-09
4759 0.19565212039147656 6.88e-09
4760 0.051249218996284172 4.3e-09
4761 0.051249218996284256 4.63e-09
4762 0.05124921899628411 4.67e-09
4763 0.23400567685299264 9.2e-09
4764 0.051249218996284054 3.52e-09
4765 0.051249218996284138 4.25e-09
4766 0.05124921899628411 3.81e-09
4767 0.051249218996284082 3.6e-09
4768 0.051249218996284089 3.81e-09
4769 0.051249218996284145 4.11e-09
4770 0.051249218996284117 3.93e-09
4771 0.051249218996283999 2.98e-09
4772 0.051249218996284228 4.74e-09
4773 0.051249218996284179 4.3e-09
4774 0.26194870771427697 7.75e-09
4775 0.051249218996284318 5.58e-09
4776 0.051249218996284068 3.47e-09
4777 0.051249218996284124 5.26e-09
4778 0.051249218996284054 6.34e-09
4779 0.27713209377670933 8.67e-09
4780 0.051249218996283964 2.65e-09
4781 0.051249218996284082 3.63e-09
4782 0.051249218996284249 7.06e-09
4783 0.051249218996284047 3.45e-09
4784 0.051249218996284047 4.63e-09
4785 0.051249218996284096 4.38e-09
4786 0.051249218996284103 4.23e-09
4787 0.051249218996284172 9.32e-09
4788 0.051249218996284089 3.6e-09
4789 0.051249218996284124 4.4e-09
4790 0.19565212039147675 1.2e-08
4791 0.051249218996284207 4.87e-09
4792 0.051249218996284082 3.93e-09
4793 0.051249218996284089 3.89e-09
4794 0.051249218996284041 5.15e-09
4795 0.051249218996284027 3.25e-09
4796 0.051249218996284054 3.71e-09
4797 0.23400567685299234 6.84e-09
4798 0.051249218996284297 6.39e-09
4799 0.051249218996284242 5.79e-09
4800 0.051249218996284165 6.55e-09
4801 0.051249218996284124 3.86e-09
4802 0.051249218996284117 4.01e-09
4803 0.1956521203914772 9.32e-09
4804 0.051249218996284068 4.2e-09
4805 0.051249218996283957 3.21e-09
4806 0.051249218996284117 3.91e-09
4807 0.05124921899628436 6.33e-09
4808 0.051249218996284214 5.27e-09
4809 0.23400567685299248 7.17e-09
4810 0.17886733742735947 9.02e-09
4811 0.23400567685299417 1.09e-08
4812 0.051249218996284082 4.58e-09
4813 0.051249218996284179 4.15e-09
4814 0.051249218996284138 5.24e-09
4815 0.051249218996284103 3.63e-09
4816 0.051249218996284124 3.9e-09
4817 0.051249218996284367 6.17e-09
4818 0.051249218996284304 5.79e-09
4819 0.05124921899628393 2.59e-09
4820 0.051249218996284165 5.92e-09
4821 0.23400567685299231 7.2e-09
4822 0.051249218996284054 3.7e-09
4823 0.051249218996284304 4.83e-09
4824 0.051249218996284165 4.67e-09
4825 0.051249218996284117 3.89e-09
4826 0.051249218996283992 3.03e-09
4827 0.23400567685299248 9.59e-09
4828 0.051249218996284068 4.67e-09
4829 0.051249218996284047 3.6e-09
4830 0.051249218996284013 3.4e-09
4831 0.19565212039147697 9.51e-09
4832 0.051249218996284034 3.9e-09
4833 0.051249218996283957 2.71e-09
4834 0.23400567685299353 1.16e-08
4835 0.051249218996284207 4.4e-09
4836 0.27713209377670922 8e-09
4837 0.051249218996284082 4.17e-09
4838 0.051249218996284138 4.33e-09
4839 0.051249218996284006 3.27e-09
4840 0.051249218996284124 3.87e-09
4841 0.051249218996284054 4.16e-09
4842 0.19565212039147681 7.04e-09
4843 0.051249218996284082 3.52e-09
4844 0.23400567685299201 7.23e-09
4845 0.051249218996283971 2.84e-09
4846 0.051249218996284172 4.67e-09
4847 0.23400567685299242 8.26e-09
4848 0.051249218996283957 6.27e-09
4849 0.19565212039147667 6.79e-09
4850 0.05124921899628429 7.55e-09
4851 0.051249218996284165 4.13e-09
4852 0.051249218996284061 3.47e-09
4853 0.051249218996283985 3.45e-09
4854 0.051249218996284047 3.33e-09
4855 0.051249218996284061 4.65e-09
4856 0.051249218996284165 4.33e-09
4857 0.051249218996284235 4.56e-09
4858 0.05124921899628427 4.69e-09
4859 0.05124921899628402 4.18e-09
4860 0.23400567685299339 1.23e-08
4861 0.051249218996284256 4.51e-09
4862 0.051249218996284304 4.97e-09
4863 0.051249218996284047 6.31e-09
4864 0.051249218996284138 8.19e-09
4865 0.195652120391477 1.05e-08
4866 0.051249218996284242 6.07e-09
4867 0.051249218996284013 4.42e-09
4868 0.051249218996283992 2.84e-09
4869 0.051249218996284013 3.18e-09
4870 0.051249218996284041 3.5e-09
4871 0.05124921899628411 4.87e-09
4872 0.051249218996284159 4.15e-09
4873 0.051249218996284145 4.61e-09
4874 0.17886733742735886 9.66e-09
4875 0.19565212039147689 8.46e-09
4876 0.051249218996284075 3.73e-09
4877 0.2340056768529917 6.29e-09
4878 0.051249218996284075 3.95e-09
4879 0.051249218996283964 2.94e-09
4880 0.051249218996284047 3.35e-09
4881 0.23400567685299412 1.12e-08
4882 0.051249218996284013 3.22e-09
4883 0.05124921899628411 6.68e-09
4884 0.051249218996284054 5.02e-09
4885 0.051249218996284089 3.55e-09
4886 0.051249218996283978 5.98e-09
4887 0.051249218996284152 5.68e-09
4888 0.19565212039147659 6.16e-09
4889 0.051249218996284207 4.73e-09
4890 0.23400567685299292 8.98e-09
4891 0.051249218996284047 3.37e-09
4892 0.19565212039147609 1.11e-08
4893 0.051249218996284061 3.47e-09
4894 0.051249218996284172 5.05e-09
4895 0.051249218996284041 3.82e-09
4896 0.051249218996284138 5.21e-09
4897 0.051249218996284117 3.83e-09
4898 0.051249218996284228 4.45e-09
4899 0.19565212039147686 7.33e-09
4900 0.051249218996283957 3.1e-09
4901 0.051249218996284353 6.57e-09
4902 0.19565212039147739 1.02e-08
4903 0.051249218996283957 6.93e-09
4904 0.19565212039147778 2.31e-08
4905 0.051249218996284061 7e-09
4906 0.05124921899628411 4.21e-09
4907 0.051249218996284124 4.42e-09
4908 0.051249218996284082 3.88e-09
4909 0.051249218996284152 9.09e-09
4910 0.051249218996283902 2.38e-09
4911 0.051249218996284172 5.21e-09
4912 0.051249218996284193 4.29e-09
4913 0.23400567685299295 9.84e-09
4914 0.051249218996283992 3.19e-09
4915 0.051249218996283936 2.72e-09
4916 0.051249218996284082 3.8e-09
4917 0.19565212039147717 9.75e-09
4918 0.051249218996283985 2.83e-09
4919 0.051249218996284221 4.88e-09
4920 0.051249218996283992 5.27e-09
4921 0.05124921899628395 3.83e-09
4922 0.051249218996284249 4.62e-09
4923 0.27713209377671033 1.19e-08
4924 0.051249218996284124 3.9e-09
4925 0.051249218996284138 4.26e-09
4926 0.051249218996284103 3.76e-09
4927 0.17886733742735941 9.06e-09
4928 0.23400567685299217 1.66e-08
4929 0.051249218996283985 3.4e-09
4930 0.051249218996283971 3.13e-09
4931 0.19565212039147695 1.8e-08
4932 0.051249218996283964 3.76e-09
4933 0.051249218996284228 5.07e-09
4934 0.19565212039147706 9.42e-09
4935 0.051249218996283978 2.87e-09
4936 0.1956521203914767 6.69e-09
4937 0.051249218996283985 3.06e-09
4938 0.051249218996284207 4.58e-09
4939 0.051249218996284145 4.23e-09
4940 0.051249218996283999 3.03e-09
4941 0.051249218996284242 5.19e-09
4942 0.05124921899628402 3.4e-09
4943 0.051249218996284186 4.28e-09
4944 0.23400567685299284 1.23e-08
4945 0.051249218996284096 4.46e-09
4946 0.051249218996284089 3.64e-09
4947 0.17886733742736013 9.57e-09
4948 0.051249218996284165 4.2e-09
4949 0.051249218996284096 3.69e-09
4950 0.051249218996284436 6.01e-09
4951 0.23400567685299511 1.74e-08
4952 0.051249218996284068 3.51e-09
4953 0.17886733742735805 9.09e-09
4954 0.23400567685299378 9.98e-09
4955 0.05124921899628402 3.86e-09
4956 0.051249218996284159 5.46e-09
4957 0.051249218996284124 8.05e-09
4958 0.051249218996284054 7.86e-09
4959 0.051249218996283992 3.14e-09
4960 0.051249218996283999 3e-09
4961 0.051249218996284075 4.96e-09
4962 0.23400567685299206 6.77e-09
4963 0.051249218996284075 7.8e-09
4964 0.23400567685299167 1.31e-08
4965 0.051249218996284145 4.78e-09
4966 0.19565212039147706 8.76e-09
4967 0.32558312951143675 1.78e-08
4968 0.051249218996284041 3.95e-09
4969 0.051249218996284027 4.33e-09
4970 0.051249218996284075 3.9e-09
4971 0.051249218996284387 5.19e-09
4972 0.051249218996283909 5.17e-09
4973 0.23400567685299242 8.23e-09
4974 0.051249218996284103 4.11e-09
4975 0.051249218996284089 7e-09
4976 0.19565212039147681 6.81e-09
4977 0.051249218996284006 3.05e-09
4978 0.051249218996284103 4.7e-09
4979 0.051249218996284165 4.31e-09
4980 0.21223225941084076 2.23e-08
4981 0.27713209377670928 8.29e-09
4982 0.051249218996283999 4.54e-09
4983 0.051249218996283943 2.88e-09
4984 0.051249218996284138 7.72e-09
4985 0.051249218996284075 4.23e-09
4986 0.051249218996284242 1.08e-08
4987 0.17886733742736144 1.65e-08
4988 0.40937858963106077 1.68e-08
4989 0.23400567685299198 5.35e-09
4990 0.0512492189962842 4.3e-09
4991 0.051249218996284152 5.27e-09
4992 0.051249218996284263 7.33e-09
4993 0.051249218996284006 3.57e-09
4994 0.23400567685299453 1.92e-08
4995 0.051249218996284075 4.3e-09
4996 0.051249218996283992 2.99e-09
4997 0.051249218996284124 3.9e-09
4998 0.051249218996284367 5.25e-09
4999 0.051249218996284179 4.39e-09
5000 0.23400567685299276 9.45e-09
5001 0.051249218996284041 3.31e-09
5002 0.051249218996284263 5.25e-09
5003 0.051249218996284041 4.86e-09
5004 0.051249218996284006 3.51e-09
5005 0.17886733742735894 7.85e-09
5006 0.051249218996284172 4.45e-09
5007 0.051249218996284228 4.78e-09
5008 0.051249218996284054 3.52e-09
5009 0.23400567685299323 9.65e-09
5010 0.19565212039147667 7.72e-09
5011 0.05124921899628402 3.12e-09
5012 0.051249218996284124 3.92e-09
5013 0.051249218996284068 4.05e-09
5014 0.051249218996284138 4.21e-09
5015 0.051249218996284034 8.96e-09
5016 0.23400567685299284 9.66e-09
5017 0.051249218996284138 4.54e-09
5018 0.051249218996284068 4.38e-09
5019 0.051249218996284297 5.45e-09
5020 0.051249218996283985 3.04e-09
5021 0.05124921899628427 7.73e-09
5022 0.051249218996283985 3.23e-09
5023 0.051249218996283957 5.51e-09
5024 0.051249218996284387 5.69e-09
5025 0.051249218996283985 2.91e-09
5026 0.051249218996284054 3.38e-09
5027 0.051249218996284075 3.49e-09
5028 0.051249218996284075 3.59e-09
5029 0.051249218996284054 3.4e-09
5030 0.19565212039147756 9.55e-09
5031 0.051249218996284068 3.53e-09
5032 0.05124921899628463 6.33e-09
5033 0.051249218996284041 4.34e-09
5034 0.26194870771427992 1.06e-08
5035 0.051249218996284047 3.44e-09
5036 0.051249218996284117 3.71e-09
5037 0.051249218996284297 4.78e-09
5038 0.051249218996284172 4.38e-09
5039 0.23400567685299375 1.12e-08
5040 0.23400567685299278 1.03e-08
5041 0.23400567685299328 1.11e-08
5042 0.051249218996283985 3.36e-09
5043 0.051249218996284103 4.09e-09
5044 0.051249218996284658 7.74e-09
5045 0.17886733742735905 1.08e-08
5046 0.051249218996283971 3.11e-09
5047 0.051249218996283902 2.27e-09
5048 0.05124921899628429 4.77e-09
5049 0.051249218996284138 8.86e-09
5050 0.051249218996284068 4.09e-09
5051 0.19565212039147678 8.62e-09
5052 0.051249218996283943 2.55e-09
5053 0.051249218996284034 8.08e-09
5054 0.19565212039147639 6.18e-09
5055 0.051249218996284061 3.42e-09
5056 0.051249218996284387 5.35e-09
5057 0.051249218996284207 5.01e-09
5058 0.05124921899628429 7.22e-09
5059 0.17886733742736208 2.35e-08
5060 0.051249218996284193 5.61e-09
5061 0.19565212039147709 7.92e-09
5062 0.051249218996283964 2.71e-09
5063 0.051249218996284054 3.29e-09
5064 0.051249218996284006 3.44e-09
5065 0.051249218996284061 3.94e-09
5066 0.051249218996284138 4.08e-09
5067 0.051249218996284172 5.04e-09
5068 0.23400567685300011 2.61e-08
5069 0.051249218996284138 6.9e-09
5070 0.051249218996284186 4.63e-09
5071 0.23400567685299306 1.06e-08
5072 0.051249218996283985 2.84e-09
5073 0.051249218996284068 3.64e-09
5074 0.051249218996284138 4.7e-09
5075 0.05124921899628436 5.11e-09
5076 0.051249218996283999 2.94e-09
5077 0.051249218996284131 4.08e-09
5078 0.051249218996284346 9.22e-09
5079 0.051249218996284415 7.47e-09
5080 0.17886733742735972 9.89e-09
5081 0.051249218996284089 5.3e-09
5082 0.19565212039147631 4.91e-09
5083 0.051249218996284089 4.08e-09
5084 0.19565212039147675 7.55e-09
5085 0.23400567685299337 9.13e-09
5086 0.051249218996284193 4.51e-09
5087 0.19565212039147664 7.63e-09
5088 0.051249218996284061 6.91e-09
5089 0.051249218996283985 3.04e-09
5090 0.05124921899628411 3.92e-09
5091 0.051249218996284193 4.65e-09
5092 0.051249218996284034 3.22e-09
5093 0.19565212039147714 1.3e-08
5094 0.051249218996284047 3.98e-09
5095 0.051249218996284027 3.23e-09
5096 0.051249218996283971 2.89e-09
5097 0.051249218996284027 3.16e-09
5098 0.051249218996284263 4.78e-09
5099 0.051249218996283992 3.71e-09
5100 0.051249218996284006 8.78e-09
5101 0.051249218996283992 2.86e-09
5102 0.051249218996284075 4.79e-09
5103 0.17886733742735952 1.15e-08
5104 0.051249218996283943 2.63e-09
5105 0.051249218996284041 5.7e-09
5106 0.19565212039147623 8.83e-09
5107 0.051249218996284276 4.71e-09
5108 0.051249218996284041 3.51e-09
5109 0.05124921899628393 2.83e-09
5110 0.05124921899628411 9.03e-09
5111 0.051249218996284179 6.84e-09
5112 0.051249218996284117 3.8e-09
5113 0.051249218996283916 2.49e-09
5114 0.051249218996284172 4.16e-09
5115 0.05124921899628463 6.9e-09
5116 0.051249218996284041 3.44e-09
5117 0.051249218996284214 4.78e-09
5118 0.23400567685299417 1.3e-08
5119 0.051249218996284221 4.59e-09
5120 0.051249218996284089 5.24e-09
5121 0.051249218996283957 2.78e-09
5122 0.1788673374273641 1.58e-08
5123 0.051249218996284034 4.07e-09
5124 0.051249218996284089 3.68e-09
5125 0.051249218996284249 5.12e-09
5126 0.05124921899628402 3.21e-09
5127 0.051249218996284304 6.16e-09
5128 0.051249218996284117 5.53e-09
5129 0.051249218996284061 3.7e-09
5130 0.05124921899628395 5.01e-09
5131 0.051249218996284027 5.5e-09
5132 0.051249218996284159 4.45e-09
5133 0.051249218996284013 4.03e-09
5134 0.051249218996284089 6.36e-09
5135 0.17886733742735988 1.77e-08
5136 0.051249218996284027 3.41e-09
5137 0.051249218996284082 3.62e-09
5138 0.051249218996284034 3.33e-09
5139 0.19565212039147709 9.1e-09
5140 0.051249218996284138 5e-09
5141 0.23400567685299281 9.75e-09
5142 0.051249218996283999 3.21e-09
5143 0.23400567685299301 8.48e-09
5144 0.26194870771427997 1.5e-08
5145 0.26194870771428147 1.25e-08
5146 0.051249218996284068 4.02e-09
5147 0.19565212039147792 1.02e-08
5148 0.21223225941085225 1.98e-08
5149 0.23400567685299253 7.85e-09
5150 0.051249218996284256 4.66e-09
5151 0.051249218996284145 3.96e-09
5152 0.051249218996284061 3.56e-09
5153 0.051249218996284387 5.31e-09
5154 0.051249218996284235 5.29e-09
5155 0.051249218996285088 8.44e-09
5156 0.19565212039147761 9.67e-09
5157 0.051249218996284089 5.31e-09
5158 0.19565212039147636 5.8e-09
5159 0.051249218996284283 5.07e-09
5160 0.29414667819034496 2.2e-08
5161 0.051249218996284013 3.18e-09
5162 0.051249218996284075 4.55e-09
5163 0.051249218996284131 4.21e-09
5164 0.051249218996283985 8.34e-09
5165 0.23400567685299237 8.26e-09
5166 0.051249218996284318 6.92e-09
5167 0.27713209377670922 9.25e-09
5168 0.051249218996284027 3.65e-09
5169 0.051249218996284061 3.89e-09
5170 0.051249218996284138 4.29e-09
5171 0.051249218996284041 3.36e-09
5172 0.051249218996284165 4.31e-09
5173 0.051249218996284325 8.68e-09
5174 0.051249218996284138 8.86e-09
5175 0.051249218996284117 4.63e-09
5176 0.051249218996283902 2.21e-09
5177 0.19565212039147711 7.96e-09
5178 0.19565212039147689 8.34e-09
5179 0.051249218996284152 4.37e-09
5180 0.051249218996284068 3.82e-09
5181 0.051249218996284179 4.23e-09
5182 0.05124921899628411 4.15e-09
5183 0.051249218996284235 4.68e-09
5184 0.051249218996284047 5.5e-09
5185 0.051249218996284242 5.5e-09
5186 0.26194870771428425 1.4e-08
5187 0.051249218996283916 2.54e-09
5188 0.051249218996284006 3.44e-09
5189 0.051249218996284179 1.19e-08
5190 0.2676786054696248 1.17e-08
5191 0.051249218996284193 5.82e-09
5192 0.051249218996284082 5.59e-09
5193 0.19565212039147792 1.69e-08
5194 0.19565212039147731 9.52e-09
5195 0.051249218996284068 4.16e-09
5196 0.051249218996284006 5.38e-09
5197 0.051249218996284242 4.7e-09
5198 0.17886733742735786 6.53e-09
5199 0.051249218996284082 6.03e-09
5200 0.17886733742736696 2.29e-08
5201 0.051249218996284027 5.19e-09
5202 0.051249218996284283 4.96e-09
5203 0.23400567685299306 1.23e-08
5204 0.051249218996283978 2.99e-09
5205 0.051249218996283978 2.88e-09
5206 0.051249218996284221 4.77e-09
5207 0.051249218996284526 5.84e-09
5208 0.051249218996283978 2.92e-09
5209 0.051249218996284068 3.59e-09
5210 0.051249218996283923 5.47e-09
5211 0.051249218996284006 3.29e-09
5212 0.051249218996284027 3.31e-09
5213 0.051249218996284616 9.66e-09
5214 0.26194870771427675 7.55e-09
5215 0.051249218996284242 4.83e-09
5216 0.05124921899628411 4.81e-09
5217 0.05124921899628402 5.15e-09
5218 0.051249218996284179 4.27e-09
5219 0.051249218996284283 4.92e-09
5220 0.051249218996284034 3.22e-09
5221 0.051249218996284041 3.47e-09
5222 0.051249218996284006 3.19e-09
5223 0.051249218996283923 7.07e-09
5224 0.23400567685299264 1.1e-08
5225 0.051249218996284089 1.01e-08
5226 0.17886733742735991 1.11e-08
5227 0.051249218996284041 3.41e-09
5228 0.23400567685299492 1.37e-08
5229 0.051249218996284207 4.33e-09
5230 0.05124921899628427 5.11e-09
5231 0.051249218996283867 1.46e-09
5232 0.051249218996284054 3.91e-09
5233 0.051249218996284582 7.5e-09
5234 0.23400567685299486 1.52e-08
5235 0.42600224759535749 1.58e-08
5236 0.051249218996284159 5.67e-09
5237 0.051249218996284034 3.2e-09
5238 0.051249218996284041 3.94e-09
5239 0.21223225941083776 1.15e-08
5240 0.05124921899628429 4.79e-09
5241 0.051249218996284152 5.1e-09
5242 0.21223225941084087 1.88e-08
5243 0.051249218996284096 4.36e-09
5244 0.17886733742736005 1.01e-08
5245 0.1956521203914767 7.74e-09
5246 0.051249218996284054 3.4e-09
5247 0.051249218996284082 3.59e-09
5248 0.19565212039147697 7.98e-09
5249 0.05124921899628402 4.52e-09
5250 0.23400567685299276 1.07e-08
5251 0.051249218996284159 4.17e-09
5252 0.051249218996284082 3.55e-09
5253 0.051249218996284145 4.23e-09
5254 0.051249218996284346 5.66e-09
5255 0.051249218996284041 3.28e-09
5256 0.051249218996284353 5.73e-09
5257 0.19565212039147689 1.24e-08
5258 0.051249218996284179 5.11e-09
5259 0.23400567685299273 9.29e-09
5260 0.23400567685299248 1.27e-08
5261 0.051249218996284159 4.14e-09
5262 0.051249218996284138 4.76e-09
5263 0.05124921899628395 2.78e-09
5264 0.2340056768529919 5.4e-09
5265 0.19565212039147692 1.02e-08
5266 0.051249218996283985 3.61e-09
5267 0.051249218996284353 8.97e-09
5268 0.1788673374273613 1.27e-08
5269 0.19565212039147645 7.25e-09
5270 0.051249218996284263 5.3e-09
5271 0.051249218996283874 3.22e-09
5272 0.1788673374273699 2.22e-08
5273 0.051249218996284054 3.7e-09
5274 0.051249218996284138 5.34e-09
5275 0.051249218996284429 5.78e-09
5276 0.23400567685299203 6.4e-09
5277 0.051249218996284089 4.01e-09
5278 0.051249218996284013 3.48e-09
5279 0.26767860546962657 1.35e-08
5280 0.051249218996284006 3.06e-09
5281 0.21223225941084212 1.75e-08
5282 0.23400567685299187 5.54e-09
5283 0.051249218996284117 3.83e-09
5284 0.051249218996284159 4.15e-09
5285 0.19565212039147845 1.2e-08
5286 0.051249218996284138 3.91e-09
5287 0.19565212039147767 1.1e-08
5288 0.051249218996283999 2.97e-09
5289 0.051249218996284082 4.69e-09
5290 0.19565212039147836 1.54e-08
5291 0.051249218996283978 4.72e-09
5292 0.19565212039147667 7.09e-09
5293 0.19565212039147725 9.22e-09
5294 0.19565212039147706 8.06e-09
5295 0.19565212039147739 9.73e-09
5296 0.051249218996284013 3.11e-09
5297 0.051249218996284075 6.09e-09
5298 0.051249218996284131 3.97e-09
5299 0.051249218996284159 4.35e-09
5300 0.051249218996284408 7.47e-09
5301 0.19565212039147642 5.54e-09
5302 0.051249218996284041 3.52e-09
5303 0.40937858963106144 1.47e-08
5304 0.051249218996284186 4.38e-09
5305 0.051249218996284006 2.94e-09
5306 0.19565212039147648 6.3e-09
5307 0.051249218996284027 3.24e-09
5308 0.051249218996284152 4.72e-09
5309 0.051249218996284034 5.77e-09
5310 0.051249218996284027 3.47e-09
5311 0.051249218996283943 2.49e-09
5312 0.19565212039147661 7.07e-09
5313 0.051249218996284082 3.66e-09
5314 0.2619487077142798 1.07e-08
5315 0.051249218996284131 6.18e-09
5316 0.05124921899628436 7.19e-09
5317 0.27713209377671078 1.93e-08
5318 0.051249218996284117 3.99e-09
5319 0.051249218996283992 3.08e-09
5320 0.26194870771428236 1.81e-08
5321 0.051249218996284103 3.74e-09
5322 0.051249218996284145 4.01e-09
5323 0.051249218996284047 3.47e-09
5324 0.051249218996284082 3.98e-09
5325 0.051249218996284034 3.25e-09
5326 0.051249218996284276 5.07e-09
5327 0.23400567685299217 7.01e-09
5328 0.26194870771428136 1.62e-08
5329 0.051249218996283964 4.02e-09
5330 0.051249218996283992 2.95e-09
5331 0.051249218996284179 4.98e-09
5332 0.051249218996284041 3.35e-09
5333 0.05124921899628429 5.89e-09
5334 0.051249218996283985 3.27e-09
5335 0.051249218996284034 3.32e-09
5336 0.051249218996284054 5.77e-09
5337 0.051249218996284047 3.63e-09
5338 0.051249218996284054 3.56e-09
5339 0.05124921899628393 2.81e-09
5340 0.051249218996284117 6.49e-09
5341 0.051249218996283999 3.19e-09
5342 0.23400567685299287 8.28e-09
5343 0.051249218996283936 2.59e-09
5344 0.19565212039147728 9.27e-09
5345 0.29414667819034945 3.76e-08
5346 0.19565212039147653 6.08e-09
5347 0.05124921899628411 7.15e-09
5348 0.051249218996284047 3.47e-09
5349 0.051249218996284124 3.99e-09
5350 0.05124921899628411 3.81e-09
5351 0.051249218996283985 2.95e-09
5352 0.051249218996284013 3.43e-09
5353 0.23400567685299192 6.79e-09
5354 0.051249218996284096 8.6e-09
5355 0.051249218996283992 5.63e-09
5356 0.051249218996284047 3.37e-09
5357 0.051249218996284103 3.69e-09
5358 0.051249218996284061 4.04e-09
5359 0.051249218996284117 4.07e-09
5360 0.195652120391478 1.09e-08
5361 0.051249218996284103 4.84e-09
5362 0.051249218996284041 3.24e-09
5363 0.051249218996284061 3.74e-09
5364 0.051249218996284124 4.12e-09
5365 0.051249218996284068 3.65e-09
5366 0.051249218996284207 4.32e-09
5367 0.29414667819027862 1.8e-08
5368 0.23400567685299281 1.04e-08
5369 0.051249218996284041 3.46e-09
5370 0.051249218996284075 3.59e-09
5371 0.19565212039147628 7.31e-09
5372 0.051249218996284304 6.12e-09
5373 0.051249218996284221 6.08e-09
5374 0.051249218996284165 6.34e-09
5375 0.051249218996284394 8.88e-09
5376 0.051249218996283985 2.88e-09
5377 0.19565212039147692 1.11e-08
5378 0.17886733742735916 1.7e-08
5379 0.051249218996283999 4.8e-09
5380 0.051249218996284471 7.8e-09
5381 0.051249218996284172 4.11e-09
5382 0.051249218996284075 3.79e-09
5383 0.19565212039147634 7.82e-09
5384 0.27713209377670933 8.25e-09
5385 0.051249218996284117 4.12e-09
5386 0.23400567685299223 8.51e-09
5387 0.051249218996284186 5.13e-09
5388 0.051249218996284235 4.65e-09
5389 0.05124921899628411 4.16e-09
5390 0.051249218996284207 5.63e-09
5391 0.23400567685299362 9.61e-09
5392 0.051249218996283936 3.44e-09
5393 0.051249218996284214 4.34e-09
5394 0.051249218996283916 2.79e-09
5395 0.051249218996284138 5.7e-09
5396 0.051249218996284082 3.71e-09
5397 0.051249218996284096 6.63e-09
5398 0.051249218996284221 6.37e-09
5399 0.051249218996284075 6.9e-09
5400 0.19565212039147653 6.03e-09
5401 0.051249218996284297 5.07e-09
5402 0.051249218996284089 4.4e-09
5403 0.19565212039147659 1.41e-08
5404 0.051249218996284034 7.38e-09
5405 0.051249218996283936 2.49e-09
5406 0.19565212039147756 9.57e-09
5407 0.051249218996284242 5.67e-09
5408 0.23400567685299256 6.99e-09
5409 0.051249218996284193 4.31e-09
5410 0.17886733742735819 1.03e-08
5411 0.051249218996283957 6.61e-09
5412 0.23400567685299303 7.97e-09
5413 0.051249218996284068 3.65e-09
5414 0.23400567685299314 1.06e-08
5415 0.051249218996284068 3.48e-09
5416 0.051249218996284179 5.81e-09
5417 0.23400567685299248 8.24e-09
5418 0.051249218996284214 5.06e-09
5419 0.051249218996284124 3.9e-09
5420 0.051249218996284172 5.14e-09
5421 0.051249218996284034 3.63e-09
5422 0.23400567685299345 8.76e-09
5423 0.051249218996284117 1e-08
5424 0.051249218996283978 3.09e-09
5425 0.195652120391477 8.57e-09
5426 0.051249218996284047 3.44e-09
5427 0.051249218996284679 7.65e-09
5428 0.051249218996284415 5.72e-09
5429 0.051249218996283943 2.63e-09
5430 0.051249218996283985 6.02e-09
5431 0.051249218996284061 3.91e-09
5432 0.051249218996284297 5.21e-09
5433 0.23400567685299217 7.42e-09
5434 0.19565212039147831 1.26e-08
5435 0.051249218996283992 2.98e-09
5436 0.19565212039147703 8.74e-09
5437 0.23400567685299248 7.95e-09
5438 0.051249218996283971 3.24e-09
5439 0.21223225941083482 8.03e-09
5440 0.051249218996284054 3.44e-09
5441 0.05124921899628411 7.48e-09
5442 0.051249218996283992 3.05e-09
5443 0.051249218996284068 3.69e-09
5444 0.19565212039147764 9.49e-09
5445 0.21223225941084192 1.6e-08
5446 0.051249218996284228 4.57e-09
5447 0.051249218996284082 3.63e-09
5448 0.051249218996284172 5.66e-09
5449 0.051249218996284152 5.02e-09
5450 0.051249218996283999 3.25e-09
5451 0.051249218996284089 5.89e-09
5452 0.051249218996284242 9.59e-09
5453 0.051249218996284006 4.55e-09
5454 0.051249218996284027 3.67e-09
5455 0.051249218996284478 8.54e-09
5456 0.051249218996284138 3.93e-09
5457 0.05124921899628395 2.61e-09
5458 0.051249218996284131 6.91e-09
5459 0.051249218996284082 3.77e-09
5460 0.051249218996284041 3.52e-09
5461 0.051249218996284131 6.75e-09
5462 0.23400567685299342 8.75e-09
5463 0.051249218996284457 5.97e-09
5464 0.051249218996284082 3.56e-09
5465 0.23400567685299212 6.29e-09
5466 0.2340056768529942 1.21e-08
5467 0.23400567685299345 9.01e-09
5468 0.051249218996284478 9.04e-09
5469 0.051249218996284047 3.37e-09
5470 0.051249218996284047 4.17e-09
5471 0.051249218996284825 9.21e-09
5472 0.051249218996284249 7.03e-09
5473 0.051249218996284374 9.4e-09
5474 0.051249218996284047 6.57e-09
5475 0.277132093776709 6.62e-09
5476 0.051249218996284068 3.79e-09
5477 0.051249218996284283 4.82e-09
5478 0.051249218996284117 4e-09
5479 0.05124921899628402 3.78e-09
5480 0.051249218996283874 6e-09
5481 0.051249218996284165 4.71e-09
5482 0.051249218996284041 3.36e-09
5483 0.051249218996284117 4.59e-09
5484 0.051249218996283943 2.42e-09
5485 0.051249218996284492 6.12e-09
5486 0.051249218996284041 3.54e-09
5487 0.23400567685299203 7.51e-09
5488 0.33888848476464978 1.56e-08
5489 0.051249218996284138 4.15e-09
5490 0.051249218996284318 6.42e-09
5491 0.051249218996283964 2.81e-09
5492 0.051249218996284117 3.84e-09
5493 0.051249218996284186 7.09e-09
5494 0.051249218996284075 3.58e-09
5495 0.051249218996284242 7.57e-09
5496 0.051249218996284061 3.82e-09
5497 0.051249218996284179 5.09e-09
5498 0.051249218996284103 6.32e-09
5499 0.051249218996284422 5.39e-09
5500 0.051249218996284228 4.48e-09
5501 0.19565212039147636 5.23e-09
5502 0.051249218996284047 4.29e-09
5503 0.23400567685299276 1.61e-08
5504 0.2771320937767095 1.25e-08
5505 0.051249218996284096 6.18e-09
5506 0.051249218996284034 4.1e-09
5507 0.19565212039147672 9.94e-09
5508 0.051249218996284047 4.17e-09
5509 0.051249218996283985 2.92e-09
5510 0.17886733742736341 1.25e-08
5511 0.051249218996284159 5.86e-09
5512 0.23400567685299295 8.97e-09
5513 0.33888848476464828 2.32e-08
5514 0.051249218996284186 7.42e-09
5515 0.051249218996284464 6.12e-09
5516 0.051249218996284172 5.83e-09
5517 0.051249218996283985 3.06e-09
5518 0.051249218996284311 6.31e-09
5519 0.051249218996284145 6.71e-09
5520 0.05124921899628402 3.33e-09
5521 0.051249218996284096 3.75e-09
5522 0.051249218996284068 3.78e-09
5523 0.05124921899628395 3.09e-09
5524 0.2676786054696208 1.01e-08
5525 0.051249218996284353 8.5e-09
5526 0.051249218996283902 1.99e-09
5527 0.051249218996284193 4.92e-09
5528 0.051249218996284061 3.62e-09
5529 0.051249218996283881 1.9e-09
5530 0.19565212039147828 1.27e-08
5531 0.051249218996284075 5.27e-09
5532 0.051249218996284027 5.1e-09
5533 0.17886733742736147 1.06e-08
5534 0.051249218996284096 4.36e-09
5535 0.051249218996284117 3.85e-09
5536 0.051249218996284124 5.51e-09
5537 0.051249218996284159 4.66e-09
5538 0.051249218996284068 5.53e-09
5539 0.051249218996284027 3.95e-09
5540 0.19565212039147692 1.14e-08
5541 0.23400567685299198 6.19e-09
5542 0.051249218996284047 3.86e-09
5543 0.23400567685299223 8.31e-09
5544 0.0512492189962842 4.35e-09
5545 0.051249218996284131 3.93e-09
5546 0.051249218996284089 3.71e-09
5547 0.051249218996284103 4.09e-09
5548 0.05124921899628427 5.56e-09
5549 0.051249218996284117 3.81e-09
5550 0.26194870771427681 1.5e-08
5551 0.19565212039147709 1.42e-08
5552 0.17886733742736111 1.02e-08
5553 0.051249218996284256 5.34e-09
5554 0.23400567685299409 1.15e-08
5555 0.051249218996284096 4.11e-09
5556 0.19565212039147817 1.34e-08
5557 0.1956521203914767 7.76e-09
5558 0.05124921899628427 5.54e-09
5559 0.051249218996284054 3.98e-09
5560 0.051249218996284006 4.41e-09
5561 0.2122322594108414 1.48e-08
5562 0.051249218996284242 4.69e-09
5563 0.1956521203914767 6.85e-09
5564 0.051249218996284047 3.94e-09
5565 0.051249218996284193 5.7e-09
5566 0.21223225941084226 1.4e-08
5567 0.26194870771427897 1.23e-08
5568 0.051249218996283936 5.6e-09
5569 0.051249218996283957 5.14e-09
5570 0.051249218996284006 3.23e-09
5571 0.27713209377670928 8.68e-09
5572 0.051249218996284249 4.56e-09
5573 0.23400567685299206 6.1e-09
5574 0.051249218996284075 3.69e-09
5575 0.051249218996284242 4.84e-09
5576 0.051249218996283957 2.85e-09
5577 0.23400567685299298 1.34e-08
5578 0.051249218996284228 4.56e-09
5579 0.1956521203914767 6.74e-09
5580 0.1956521203914765 6.87e-09
5581 0.051249218996283936 2.43e-09
5582 0.23400567685299378 1.27e-08
5583 0.051249218996284145 4.03e-09
5584 0.23400567685299273 9.41e-09
5585 0.051249218996284089 3.93e-09
5586 0.23400567685299301 1.46e-08
5587 0.051249218996283943 4.06e-09
5588 0.051249218996284242 5.23e-09
5589 0.26194870771428408 1.6e-08
5590 0.051249218996284214 4.75e-09
5591 0.051249218996284228 5.44e-09
5592 0.051249218996283964 2.7e-09
5593 0.051249218996284457 6.58e-09
5594 0.051249218996283957 3.58e-09
5595 0.23400567685299337 9.39e-09
5596 0.051249218996284082 4.46e-09
5597 0.051249218996283999 3.02e-09
5598 0.051249218996284034 5.87e-09
5599 0.051249218996284193 4.98e-09
5600 0.21223225941084053 1.9e-08
5601 0.051249218996284131 4.48e-09
5602 0.27713209377670922 1.12e-08
5603 0.051249218996284068 3.47e-09
5604 0.0512492189962842 4.35e-09
5605 0.051249218996284152 4.1e-09
5606 0.051249218996283964 2.79e-09
5607 0.19565212039147717 8.32e-09
5608 0.35952804468561983 2.34e-08
5609 0.051249218996283985 4.28e-09
5610 0.05124921899628436 6.18e-09
5611 0.051249218996284131 5.41e-09
5612 0.051249218996284221 4.39e-09
5613 0.051249218996284221 4.57e-09
5614 0.051249218996284124 3.88e-09
5615 0.051249218996283971 3.58e-09
5616 0.23400567685299339 9.27e-09
5617 0.051249218996283957 2.93e-09
5618 0.19565212039147778 1.03e-08
5619 0.051249218996284103 3.79e-09
5620 0.17886733742736283 1.19e-08
5621 0.051249218996283936 3.37e-09
5622 0.051249218996284027 3.76e-09
5623 0.051249218996283985 3.16e-09
5624 0.051249218996284304 5.04e-09
5625 0.051249218996283999 2.84e-09
5626 0.051249218996284228 5.51e-09
5627 0.051249218996284089 3.94e-09
5628 0.23400567685299387 9.56e-09
5629 0.051249218996284825 1.13e-08
5630 0.19565212039147659 6.08e-09
5631 0.051249218996284263 1.01e-08
5632 0.23400567685299234 1.11e-08
5633 0.051249218996283943 2.58e-09
5634 0.051249218996284041 3.31e-09
5635 0.23400567685299187 5.63e-09
5636 0.051249218996283999 3.3e-09
5637 0.051249218996284145 7.71e-09
5638 0.17886733742736086 9.76e-09
5639 0.051249218996284041 3.24e-09
5640 0.2340056768529932 1.11e-08
5641 0.051249218996284027 3.66e-09
5642 0.051249218996283895 3.58e-09
5643 0.23400567685299259 1.25e-08
5644 0.051249218996284304 4.85e-09
5645 0.051249218996283971 2.83e-09
5646 0.051249218996284276 4.69e-09
5647 0.27713209377671344 1.92e-08
5648 0.051249218996284054 3.76e-09
5649 0.19565212039147828 1.77e-08
5650 0.1956521203914775 1.32e-08
5651 0.26767860546964672 2.06e-08
5652 0.051249218996284526 6.05e-09
5653 0.19565212039147817 1.2e-08
5654 0.051249218996284165 4.1e-09
5655 0.05124921899628411 5.99e-09
5656 0.051249218996284054 3.39e-09
5657 0.051249218996283999 4.61e-09
5658 0.23400567685299284 9.31e-09
5659 0.051249218996283985 3.55e-09
5660 0.05124921899628402 5.99e-09
5661 0.051249218996284235 7.06e-09
5662 0.051249218996284054 3.69e-09
5663 0.051249218996284235 4.96e-09
5664 0.051249218996283985 2.9e-09
5665 0.0512492189962842 4.87e-09
5666 0.19565212039147711 8.67e-09
5667 0.2340056768529932 9.22e-09
5668 0.19565212039147728 8.41e-09
5669 0.17886733742736122 1.18e-08
5670 0.051249218996284006 3.53e-09
5671 0.051249218996283964 2.78e-09
5672 0.051249218996284117 5.77e-09
5673 0.051249218996284061 3.47e-09
5674 0.051249218996284013 3.24e-09
5675 0.051249218996284075 3.55e-09
5676 0.051249218996284096 4.19e-09
5677 0.23400567685299326 8.73e-09
5678 0.051249218996284152 8.19e-09
5679 0.051249218996284103 3.97e-09
5680 0.051249218996284214 4.39e-09
5681 0.19565212039147645 6.89e-09
5682 0.19565212039147864 1.19e-08
5683 0.051249218996284159 5.23e-09
5684 0.051249218996284221 5.15e-09
5685 0.17886733742736571 1.89e-08
5686 0.051249218996284235 4.77e-09
5687 0.051249218996284443 5.6e-09
5688 0.051249218996284263 4.67e-09
5689 0.051249218996284117 3.8e-09
5690 0.23400567685299414 1.74e-08
5691 0.051249218996284013 8.48e-09
5692 0.051249218996284249 4.55e-09
5693 0.17886733742736224 1.21e-08
5694 0.051249218996284249 5.1e-09
5695 0.33074167787591902 1.41e-08
5696 0.051249218996284179 5.78e-09
5697 0.051249218996283978 2.98e-09
5698 0.23400567685299217 1.61e-08
5699 0.051249218996284207 5.16e-09
5700 0.23400567685299362 9.33e-09
5701 0.051249218996284249 6.94e-09
5702 0.17886733742735986 9.82e-09
5703 0.051249218996284096 3.95e-09
5704 0.051249218996284068 3.53e-09
5705 0.051249218996283943 2.99e-09
5706 0.19565212039147695 1.04e-08
5707 0.19565212039147717 1.04e-08
5708 0.051249218996284145 3.95e-09
5709 0.051249218996284346 7.4e-09
5710 0.051249218996284089 4.03e-09
5711 0.051249218996284152 4.09e-09
5712 0.19565212039147667 1.2e-08
5713 0.051249218996284408 8.89e-09
5714 0.051249218996283999 2.99e-09
5715 0.051249218996284075 4.22e-09
5716 0.051249218996284054 5.27e-09
5717 0.05124921899628411 5.84e-09
5718 0.051249218996284179 5.21e-09
5719 0.051249218996284235 4.65e-09
5720 0.17886733742736133 1.02e-08
5721 0.051249218996284082 3.45e-09
5722 0.051249218996284061 3.53e-09
5723 0.051249218996283992 4.41e-09
5724 0.19565212039147734 9.69e-09
5725 0.051249218996284159 4.76e-09
5726 0.051249218996284082 3.62e-09
5727 0.051249218996284068 3.49e-09
5728 0.051249218996284186 4.96e-09
5729 0.051249218996284006 3.17e-09
5730 0.051249218996283943 3.25e-09
5731 0.19565212039147684 1.47e-08
5732 0.051249218996284443 7.8e-09
5733 0.051249218996284568 1.25e-08
5734 0.051249218996283916 2.23e-09
5735 0.051249218996284068 3.5e-09
5736 0.051249218996284041 3.58e-09
5737 0.05124921899628445 5.84e-09
5738 0.051249218996283909 4.17e-09
5739 0.051249218996284353 5.8e-09
5740 0.29414667819038565 1.88e-08
5741 0.1788673374273651 1.94e-08
5742 0.051249218996284054 3.39e-09
5743 0.051249218996284165 4.16e-09
5744 0.051249218996284061 8.16e-09
5745 0.051249218996284374 5.66e-09
5746 0.051249218996283992 3.43e-09
5747 0.051249218996284054 3.57e-09
5748 0.21223225941084206 1.69e-08
5749 0.051249218996284117 3.8e-09
5750 0.051249218996283923 2.39e-09
5751 0.23400567685299209 6.57e-09
5752 0.051249218996284117 3.78e-09
5753 0.051249218996284075 5.89e-09
5754 0.23400567685299284 7.98e-09
5755 0.05124921899628411 5.55e-09
5756 0.051249218996283978 6.07e-09
5757 0.051249218996284179 5.09e-09
5758 0.234005676852994 9.83e-09
5759 0.051249218996284235 1.13e-08
5760 0.051249218996284325 5.31e-09
5761 0.23400567685299223 8.8e-09
5762 0.23400567685299281 8.02e-09
5763 0.23400567685299217 6.68e-09
5764 0.051249218996284145 4.01e-09
5765 0.23400567685299281 1.4e-08
5766 0.19565212039147736 9.57e-09
5767 0.051249218996283923 2.39e-09
5768 0.051249218996284207 4.42e-09
5769 0.051249218996283992 3.93e-09
5770 0.17886733742736055 9.22e-09
5771 0.051249218996284089 3.84e-09
5772 0.051249218996283971 3e-09
5773 0.051249218996284124 4.19e-09
5774 0.051249218996284283 5.01e-09
5775 0.05124921899628427 4.99e-09
5776 0.051249218996284186 5.66e-09
5777 0.051249218996284089 3.8e-09
5778 0.051249218996284256 7.51e-09
5779 0.051249218996284124 4.65e-09
5780 0.051249218996283957 2.73e-09
5781 0.051249218996284054 4.23e-09
5782 0.051249218996284034 3.66e-09
5783 0.051249218996284075 3.71e-09
5784 0.19565212039147845 1.97e-08
5785 0.23400567685299331 1.27e-08
5786 0.26767860546962308 1.1e-08
5787 0.051249218996284124 3.85e-09
5788 0.051249218996283936 2.51e-09
5789 0.19565212039147847 1.43e-08
5790 0.051249218996284068 4.5e-09
5791 0.051249218996284041 3.12e-09
5792 0.051249218996284249 7.7e-09
5793 0.19565212039147734 8.58e-09
5794 0.23400567685299287 7.53e-09
5795 0.051249218996283999 3.24e-09
5796 0.051249218996284374 6.14e-09
5797 0.19565212039147628 9.08e-09
5798 0.23400567685299334 1.2e-08
5799 0.05124921899628411 3.74e-09
5800 0.051249218996284054 3.41e-09
5801 0.051249218996283978 2.84e-09
5802 0.051249218996283985 3.66e-09
5803 0.051249218996284061 3.45e-09
5804 0.051249218996284041 5.19e-09
5805 0.051249218996284145 6.72e-09
5806 0.05124921899628411 4.59e-09
5807 0.21223225941083765 1.07e-08
5808 0.23400567685299317 9.14e-09
5809 0.051249218996284068 4.14e-09
5810 0.1956521203914777 9.59e-09
5811 0.05124921899628402 3.06e-09
5812 0.051249218996284152 4.84e-09
5813 0.051249218996284131 4.1e-09
5814 0.23400567685299239 7.85e-09
5815 0.051249218996284249 7.62e-09
5816 0.051249218996284471 1.39e-08
5817 0.051249218996284041 4.61e-09
5818 0.1788673374273663 1.69e-08
5819 0.17886733742736424 1.63e-08
5820 0.051249218996284034 3.33e-09
5821 0.051249218996283978 5.62e-09
5822 0.051249218996284276 4.76e-09
5823 0.051249218996284242 4.57e-09
5824 0.051249218996284103 5.99e-09
5825 0.23400567685299248 8.53e-09
5826 0.051249218996284165 4.54e-09
5827 0.26194870771428075 1.17e-08
5828 0.051249218996284165 4.85e-09
5829 0.051249218996284276 5.99e-09
5830 0.2340056768529945 1.08e-08
5831 0.051249218996284221 4.49e-09
5832 0.051249218996284013 3.4e-09
5833 0.1788673374273598 1.15e-08
5834 0.19565212039147648 6.24e-09
5835 0.19565212039147689 9.49e-09
5836 0.23400567685299323 9.35e-09
5837 0.051249218996284159 4.43e-09
5838 0.051249218996284034 3.27e-09
5839 0.051249218996283971 4.25e-09
5840 0.051249218996284152 4.49e-09
5841 0.051249218996284242 8.82e-09
5842 0.1956521203914772 8.29e-09
5843 0.23400567685299428 1.1e-08
5844 0.051249218996284242 8.96e-09
5845 0.23400567685299342 8.8e-09
5846 0.051249218996284249 5.09e-09
5847 0.051249218996284346 7.46e-09
5848 0.19565212039147686 7.59e-09
5849 0.05124921899628411 4.7e-09
5850 0.05124921899628402 3.2e-09
5851 0.051249218996284075 3.71e-09
5852 0.23400567685299289 9.99e-09
5853 0.051249218996284318 4.95e-09
5854 0.051249218996284068 7.13e-09
5855 0.051249218996284034 3.51e-09
5856 0.051249218996284054 3.6e-09
5857 0.19565212039147745 1.11e-08
5858 0.051249218996283992 2.92e-09
5859 0.051249218996284193 4.18e-09
5860 0.051249218996284068 3.48e-09
5861 0.19565212039147681 7.19e-09
5862 0.19565212039147714 8.84e-09
5863 0.19565212039147684 6.79e-09
5864 0.19565212039147778 9.79e-09
5865 0.051249218996284075 3.55e-09
5866 0.051249218996284145 4.22e-09
5867 0.051249218996283888 4.28e-09
5868 0.23400567685299178 5.3e-09
5869 0.051249218996284047 3.45e-09
5870 0.17886733742736061 9.17e-09
5871 0.19565212039147864 1.21e-08
5872 0.23400567685299203 6.6e-09
5873 0.051249218996284159 6.42e-09
5874 0.051249218996284034 3.3e-09
5875 0.17886733742735786 1.38e-08
5876 0.19565212039147753 9.86e-09
5877 0.23400567685299417 1.32e-08
5878 0.051249218996284179 4.5e-09
5879 0.051249218996284124 4.39e-09
5880 0.051249218996283978 2.86e-09
5881 0.23400567685299303 7.94e-09
5882 0.0512492189962842 4.26e-09
5883 0.051249218996284131 3.83e-09
5884 0.21223225941085377 2.28e-08
5885 0.051249218996284145 4.3e-09
5886 0.051249218996284242 4.55e-09
5887 0.19565212039147625 5.31e-09
5888 0.23400567685299553 1.25e-08
5889 0.0512492189962842 5.17e-09
5890 0.17886733742735939 7.46e-09
5891 0.051249218996284075 3.75e-09
5892 0.051249218996283936 2.56e-09
5893 0.051249218996284145 3.95e-09
5894 0.051249218996284152 5.87e-09
5895 0.23400567685299317 1.64e-08
5896 0.19565212039147903 1.26e-08
5897 0.051249218996284054 3.43e-09
5898 0.051249218996283978 2.89e-09
5899 0.1956521203914772 8.39e-09
5900 0.05124921899628402 3.29e-09
5901 0.23400567685299281 1.21e-08
5902 0.051249218996283957 6.25e-09
5903 0.051249218996284103 3.73e-09
5904 0.17886733742735869 7.46e-09
5905 0.23400567685299326 1e-08
5906 0.26194870771428208 1.25e-08
5907 0.19565212039147636 1.23e-08
5908 0.051249218996284006 3.89e-09
5909 0.051249218996284207 4.45e-09
5910 0.051249218996284159 4.3e-09
5911 0.0512492189962842 4.36e-09
5912 0.051249218996284179 6.86e-09
5913 0.051249218996284311 4.88e-09
5914 0.051249218996284096 6.44e-09
5915 0.23400567685299298 1.46e-08
5916 0.19565212039147648 6.43e-09
5917 0.051249218996284221 5.97e-09
5918 0.17886733742735877 1.3e-08
5919 0.051249218996283985 2.87e-09
5920 0.23400567685299209 6.64e-09
5921 0.29414667819039314 2.28e-08
5922 0.051249218996284145 4.03e-09
5923 0.051249218996284193 4.52e-09
5924 0.17886733742736252 1.43e-08
5925 0.23400567685299348 1.39e-08
5926 0.051249218996283992 3.22e-09
5927 0.051249218996284075 5.75e-09
5928 0.21223225941084614 1.8e-08
5929 0.051249218996283999 4.73e-09
5930 0.05124921899628411 5.43e-09
5931 0.19565212039147672 8.73e-09
5932 0.051249218996283846 1.27e-09
5933 0.051249218996283978 6.42e-09
5934 0.051249218996284006 3.27e-09
5935 0.051249218996284068 3.55e-09
5936 0.051249218996284228 6.75e-09
5937 0.051249218996284221 5.11e-09
5938 0.051249218996284034 4.36e-09
5939 0.051249218996284145 3.96e-09
5940 0.051249218996284145 4.94e-09
5941 0.051249218996284124 4.93e-09
5942 0.051249218996284263 4.65e-09
5943 0.19565212039147686 8.24e-09
5944 0.19565212039147656 6.96e-09
5945 0.051249218996284124 3.77e-09
5946 0.05124921899628395 2.73e-09
5947 0.051249218996284089 4.44e-09
5948 0.23400567685299331 1.51e-08
5949 0.051249218996284075 3.68e-09
5950 0.051249218996284096 3.73e-09
5951 0.051249218996284117 4.68e-09
5952 0.051249218996284027 4.94e-09
5953 0.051249218996284068 3.52e-09
5954 0.05124921899628454 5.98e-09
5955 0.23400567685299239 6.64e-09
5956 0.051249218996284068 3.66e-09
5957 0.23400567685299245 6.51e-09
5958 0.051249218996284318 4.88e-09
5959 0.19565212039147856 1.19e-08
5960 0.1956521203914772 9.46e-09
5961 0.23400567685299309 1.8e-08
5962 0.051249218996284041 3.58e-09
5963 0.051249218996284179 6.91e-09
5964 0.051249218996284207 4.65e-09
5965 0.19565212039147697 7.57e-09
5966 0.23400567685299226 8.06e-09
5967 0.23400567685299206 5.95e-09
5968 0.051249218996283992 2.92e-09
5969 0.051249218996283971 3.41e-09
5970 0.051249218996284138 5.21e-09
5971 0.05124921899628411 5.88e-09
5972 0.17886733742735972 8.85e-09
5973 0.23400567685299228 6.45e-09
5974 0.051249218996283978 2.83e-09
5975 0.051249218996284061 4.01e-09
5976 0.05124921899628402 7.58e-09
5977 0.051249218996284353 5.15e-09
5978 0.051249218996284186 1.01e-08
5979 0.19565212039147689 7.71e-09
5980 0.23400567685299334 1.33e-08
5981 0.17886733742735816 6.46e-09
5982 0.19565212039147684 1.29e-08
5983 0.05124921899628402 3.15e-09
5984 0.051249218996284179 4.19e-09
5985 0.19565212039147753 1.04e-08
5986 0.051249218996283957 2.66e-09
5987 0.19565212039147697 7.31e-09
5988 0.051249218996284013 3.09e-09
5989 0.051249218996284193 4.29e-09
5990 0.051249218996284401 5.31e-09
5991 0.051249218996284075 3.83e-09
5992 0.051249218996284283 4.71e-09
5993 0.051249218996284152 4.18e-09
5994 0.051249218996284013 6.13e-09
5995 0.051249218996284374 5.15e-09
5996 0.05124921899628427 5.58e-09
5997 0.19565212039147722 8.6e-09
5998 0.051249218996284054 3.67e-09
5999 0.23400567685299259 9.6e-09
6000 0.051249218996283964 3.29e-09
6001 0.051249218996284041 3.25e-09
6002 0.051249218996284256 5.47e-09
6003 0.051249218996283957 2.83e-09
6004 0.19565212039147659 7.26e-09
6005 0.051249218996284124 3.88e-09
6006 0.051249218996284013 5.32e-09
6007 0.051249218996284207 4.33e-09
6008 0.23400567685299342 8.65e-09
6009 0.05124921899628393 3.28e-09
6010 0.051249218996284276 4.7e-09
6011 0.29414667819038937 1.89e-08
6012 0.23400567685299314 8.18e-09
6013 0.051249218996284034 5.74e-09
6014 0.051249218996284027 3.57e-09
6015 0.051249218996284075 6.62e-09
6016 0.051249218996284457 7.3e-09
6017 0.19565212039147695 7.99e-09
6018 0.051249218996284103 3.9e-09
6019 0.051249218996284034 3.32e-09
6020 0.051249218996284013 3.45e-09
6021 0.051249218996284165 5.79e-09
6022 0.051249218996284068 3.77e-09
6023 0.051249218996283992 2.96e-09
6024 0.051249218996283846 4.85e-09
6025 0.051249218996284013 5.21e-09
6026 0.05124921899628411 3.9e-09
6027 0.051249218996284172 4.36e-09
6028 0.23400567685299284 1.05e-08
6029 0.051249218996284172 6.56e-09
6030 0.051249218996284103 3.79e-09
6031 0.051249218996284013 5.57e-09
6032 0.19565212039147636 6.54e-09
6033 0.19565212039147681 1.78e-08
6034 0.051249218996284186 4.58e-09
6035 0.051249218996283936 4.23e-09
6036 0.051249218996283985 2.79e-09
6037 0.051249218996284138 4.34e-09
6038 0.05124921899628411 6.55e-09
6039 0.051249218996283971 3.28e-09
6040 0.051249218996284172 7.37e-09
6041 0.051249218996284006 2.99e-09
6042 0.05124921899628402 3.11e-09
6043 0.051249218996284068 3.61e-09
6044 0.051249218996284172 4.13e-09
6045 0.051249218996284152 4.37e-09
6046 0.051249218996284013 3.04e-09
6047 0.05124921899628402 3.76e-09
6048 0.05124921899628402 3.28e-09
6049 0.23400567685299242 1.17e-08
6050 0.051249218996284006 3.09e-09
6051 0.1788673374273651 2.04e-08
6052 0.051249218996284214 5.81e-09
6053 0.051249218996284034 3.42e-09
6054 0.19565212039147739 1.22e-08
6055 0.23400567685299278 1.28e-08
6056 0.26767860546963618 1.66e-08
6057 0.23400567685299176 4.78e-09
6058 0.051249218996284318 5.58e-09
6059 0.051249218996283978 2.93e-09
6060 0.23400567685299331 2.19e-08
6061 0.23400567685299309 1.04e-08
6062 0.051249218996283992 3.07e-09
6063 0.23400567685299278 1.69e-08
6064 0.051249218996284207 4.6e-09
6065 0.19565212039147711 7.98e-09
6066 0.29414667819043516 2.45e-08
6067 0.051249218996283957 4.58e-09
6068 0.051249218996284408 5.53e-09
6069 0.051249218996284401 7.11e-09
6070 0.051249218996284047 3.73e-09
6071 0.19565212039147642 5.07e-09
6072 0.051249218996283964 2.85e-09
6073 0.051249218996284103 3.82e-09
6074 0.23400567685299281 9.5e-09
6075 0.051249218996283992 2.99e-09
6076 0.051249218996284006 3.11e-09
6077 0.23400567685299301 8.32e-09
6078 0.051249218996284013 3.19e-09
6079 0.051249218996284131 4.04e-09
6080 0.051249218996283992 3e-09
6081 0.051249218996283985 2.82e-09
6082 0.051249218996284221 4.38e-09
6083 0.2941466781902809 1.99e-08
6084 0.051249218996284138 6.06e-09
6085 0.19565212039147697 8.09e-09
6086 0.051249218996284138 4.49e-09
6087 0.23400567685299217 6.57e-09
6088 0.051249218996284075 3.51e-09
6089 0.051249218996284256 4.56e-09
6090 0.051249218996284075 3.53e-09
6091 0.19565212039147645 6.43e-09
6092 0.23400567685299239 1.04e-08
6093 0.19565212039147747 9.23e-09
6094 0.051249218996284256 4.86e-09
6095 0.051249218996284013 3.13e-09
6096 0.051249218996284228 4.57e-09
6097 0.051249218996284242 4.83e-09
6098 0.051249218996284054 4.11e-09
6099 0.051249218996284499 5.7e-09
6100 0.051249218996283964 2.89e-09
6101 0.05124921899628393 4.95e-09
6102 0.051249218996284041 3.39e-09
6103 0.17886733742736449 1.54e-08
6104 0.051249218996284228 5.85e-09
6105 0.051249218996284381 8.65e-09
6106 0.051249218996284138 4.27e-09
6107 0.051249218996284408 5.38e-09
6108 0.21223225941083937 2.53e-08
6109 0.051249218996283936 2.47e-09
6110 0.19565212039147734 1.5e-08
6111 0.051249218996284152 4.18e-09
6112 0.05124921899628402 3.22e-09
6113 0.051249218996284096 4.83e-09
6114 0.051249218996283957 2.75e-09
6115 0.051249218996284054 3.43e-09
6116 0.051249218996284207 4.64e-09
6117 0.17886733742735822 7.83e-09
6118 0.051249218996284276 6.92e-09
6119 0.051249218996284207 4.53e-09
6120 0.19565212039147717 1.2e-08
6121 0.051249218996284186 5.12e-09
6122 0.051249218996284165 5.17e-09
6123 0.051249218996284235 4.74e-09
6124 0.23400567685299226 7.12e-09
6125 0.051249218996284068 3.64e-09
6126 0.23400567685299248 8.35e-09
6127 0.23400567685299498 1.29e-08
6128 0.26194870771428569 1.53e-08
6129 0.23400567685299276 9.48e-09
6130 0.051249218996284242 6.69e-09
6131 0.23400567685299342 1.07e-08
6132 0.17886733742735905 1.1e-08
6133 0.19565212039147734 1.12e-08
6134 0.051249218996284054 5.03e-09
6135 0.051249218996284006 3.18e-09
6136 0.051249218996283985 3.08e-09
6137 0.051249218996284027 6.42e-09
6138 0.23400567685299348 1.14e-08
6139 0.1956521203914772 8.92e-09
6140 0.051249218996284117 4.03e-09
6141 0.051249218996283999 3.8e-09
6142 0.051249218996284152 4.26e-09
6143 0.051249218996284061 3.4e-09
6144 0.051249218996284054 3.44e-09
6145 0.051249218996283971 3.57e-09
6146 0.23400567685299267 7.44e-09
6147 0.19565212039147772 1.57e-08
6148 0.051249218996284096 3.83e-09
6149 0.051249218996284082 3.7e-09
6150 0.051249218996284263 4.62e-09
6151 0.19565212039147734 9.07e-09
6152 0.051249218996284457 5.61e-09
6153 0.051249218996284249 4.54e-09
6154 0.051249218996284075 3.94e-09
6155 0.051249218996284207 5.21e-09
6156 0.051249218996284325 5.04e-09
6157 0.23400567685299251 1.38e-08
6158 0.051249218996284068 3.48e-09
6159 0.051249218996284117 3.78e-09
6160 0.051249218996284068 3.74e-09
6161 0.27713209377670939 9.2e-09
6162 0.19565212039147684 9.83e-09
6163 0.23400567685299251 1.36e-08
6164 0.17886733742735941 8.98e-09
6165 0.21223225941084597 1.87e-08
6166 0.051249218996284061 5.78e-09
6167 0.23400567685299253 7.28e-09
6168 0.051249218996284207 5.63e-09
6169 0.051249218996284047 3.48e-09
6170 0.051249218996284165 4.17e-09
6171 0.051249218996284374 5.16e-09
6172 0.051249218996284047 3.4e-09
6173 0.051249218996284228 5.05e-09
6174 0.05124921899628411 3.99e-09
6175 0.051249218996284131 3.99e-09
6176 0.19565212039147936 1.36e-08
6177 0.051249218996284603 9.33e-09
6178 0.051249218996284179 7.08e-09
6179 0.051249218996284089 4.73e-09
6180 0.19565212039147697 7.62e-09
6181 0.051249218996284131 4.14e-09
6182 0.051249218996283957 2.76e-09
6183 0.051249218996284082 3.55e-09
6184 0.051249218996283999 3.22e-09
6185 0.051249218996284138 3.93e-09
6186 0.19565212039147759 9.39e-09
6187 0.19565212039147678 7.76e-09
6188 0.051249218996284276 6.79e-09
6189 0.051249218996284159 4.09e-09
6190 0.051249218996284401 5.32e-09
6191 0.051249218996284089 3.6e-09
6192 0.051249218996284124 4.15e-09
6193 0.051249218996284138 5.95e-09
6194 0.051249218996284124 4.12e-09
6195 0.27713209377670878 5.02e-09
6196 0.19565212039147942 1.77e-08
6197 0.23400567685299239 8.28e-09
6198 0.051249218996284131 7.56e-09
6199 0.051249218996284228 4.85e-09
6200 0.051249218996284172 7.11e-09
6201 0.051249218996284117 6.43e-09
6202 0.17886733742736421 1.32e-08
6203 0.0512492189962842 4.55e-09
6204 0.17886733742735775 6.02e-09
6205 0.051249218996284061 4.16e-09
6206 0.051249218996284172 4.12e-09
6207 0.05124921899628436 6.35e-09
6208 0.051249218996284027 4.02e-09
6209 0.19565212039147747 1.13e-08
6210 0.23400567685299511 1.18e-08
6211 0.21223225941083745 1.03e-08
6212 0.19565212039147684 8.18e-09
6213 0.051249218996283978 3.25e-09
6214 0.051249218996284075 3.56e-09
6215 0.051249218996284221 4.63e-09
6216 0.051249218996284339 6.16e-09
6217 0.051249218996284054 4.39e-09
6218 0.051249218996283999 3.69e-09
6219 0.23400567685299431 1.32e-08
6220 0.051249218996284131 3.83e-09
6221 0.051249218996284082 3.68e-09
6222 0.051249218996284096 3.75e-09
6223 0.17886733742735841 8.01e-09
6224 0.23400567685299253 7.23e-09
6225 0.23400567685299284 7.95e-09
6226 0.17886733742735877 7.63e-09
6227 0.17886733742735861 7.1e-09
6228 0.051249218996283992 3.04e-09
6229 0.05124921899628411 4.06e-09
6230 0.051249218996284242 4.79e-09
6231 0.2340056768529919 5.88e-09
6232 0.051249218996284165 5.73e-09
6233 0.051249218996284054 4.74e-09
6234 0.051249218996284103 6.25e-09
6235 0.051249218996284013 5.61e-09
6236 0.2676786054696258 1.55e-08
6237 0.19565212039147731 8.57e-09
6238 0.051249218996284096 3.67e-09
6239 0.0512492189962842 4.51e-09
6240 0.23400567685299264 8.41e-09
6241 0.051249218996284186 4.24e-09
6242 0.051249218996283957 2.59e-09
6243 0.23400567685299234 6.43e-09
6244 0.23400567685299253 6.66e-09
6245 0.05124921899628411 4.93e-09
6246 0.17886733742735889 9.25e-09
6247 0.23400567685299298 7.86e-09
6248 0.23400567685299217 8.74e-09
6249 0.0512492189962842 1.03e-08
6250 0.051249218996283936 3.58e-09
6251 0.23400567685299312 9e-09
6252 0.051249218996284089 6.17e-09
6253 0.051249218996284394 5.94e-09
6254 0.051249218996284249 4.58e-09
6255 0.23400567685299231 7.35e-09
6256 0.051249218996283936 4.45e-09
6257 0.05124921899628411 3.75e-09
6258 0.051249218996284249 4.63e-09
6259 0.2771320937767105 1.04e-08
6260 0.051249218996284346 5.8e-09
6261 0.051249218996284235 4.58e-09
6262 0.051249218996284172 4.22e-09
6263 0.051249218996283978 2.86e-09
6264 0.051249218996284325 5.21e-09
6265 0.051249218996284152 4.25e-09
6266 0.051249218996284054 5.02e-09
6267 0.23400567685299181 4.98e-09
6268 0.051249218996284117 5.23e-09
6269 0.051249218996284332 5.84e-09
6270 0.051249218996284249 4.61e-09
6271 0.051249218996284131 4.01e-09
6272 0.051249218996284124 3.86e-09
6273 0.051249218996284034 5.09e-09
6274 0.051249218996284145 3.98e-09
6275 0.23400567685299262 1.34e-08
6276 0.05124921899628393 2.48e-09
6277 0.26767860546962108 1.07e-08
6278 0.051249218996284006 3.24e-09
6279 0.051249218996284027 3.25e-09
6280 0.17886733742736138 1.92e-08
6281 0.051249218996284353 5.84e-09
6282 0.17886733742735922 1.17e-08
6283 0.23400567685299312 8.82e-09
6284 0.05124921899628402 3.42e-09
6285 0.23400567685299234 7.56e-09
6286 0.05124921899628402 3.4e-09
6287 0.051249218996284041 3.28e-09
6288 0.051249218996284061 3.67e-09
6289 0.051249218996284047 3.62e-09
6290 0.05124921899628411 4.29e-09
6291 0.051249218996284054 3.47e-09
6292 0.19565212039147747 1.56e-08
6293 0.05124921899628402 3.91e-09
6294 0.19565212039147648 5.82e-09
6295 0.051249218996284207 4.37e-09
6296 0.051249218996284478 5.64e-09
6297 0.2122322594108452 1.74e-08
6298 0.19565212039147728 1.17e-08
6299 0.051249218996284186 5.03e-09
6300 0.19565212039147786 1.02e-08
6301 0.051249218996284249 4.72e-09
6302 0.051249218996284554 6.74e-09
6303 0.051249218996284103 4.15e-09
6304 0.051249218996283971 3.29e-09
6305 0.051249218996283943 2.54e-09
6306 0.051249218996284332 5.98e-09
6307 0.29414667819044699 2.08e-08
6308 0.19565212039147678 1.12e-08
6309 0.051249218996283902 2.18e-09
6310 0.051249218996284047 4.03e-09
6311 0.19565212039147731 2.15e-08
6312 0.178867337427359 8.14e-09
6313 0.05124921899628402 3.16e-09
6314 0.051249218996284047 3.63e-09
6315 0.051249218996284096 5.5e-09
6316 0.051249218996284193 6.7e-09
6317 0.051249218996284061 5.92e-09
6318 0.051249218996284027 3.18e-09
6319 0.051249218996283943 2.66e-09
6320 0.051249218996284131 3.88e-09
6321 0.051249218996284027 3.21e-09
6322 0.17886733742735933 9.16e-09
6323 0.051249218996283985 4.95e-09
6324 0.051249218996284068 7.15e-09
6325 0.051249218996284256 4.91e-09
6326 0.051249218996283916 2.28e-09
6327 0.051249218996284138 8.32e-09
6328 0.051249218996284096 3.72e-09
6329 0.19565212039147831 1.26e-08
6330 0.051249218996284353 8.24e-09
6331 0.051249218996284117 3.94e-09
6332 0.23400567685299278 1.24e-08
6333 0.051249218996284096 3.99e-09
6334 0.19565212039147661 1.83e-08
6335 0.051249218996284159 4.36e-09
6336 0.051249218996284159 3.98e-09
6337 0.051249218996284034 3.63e-09
6338 0.051249218996284131 6.34e-09
6339 0.051249218996283978 5.49e-09
6340 0.051249218996284034 6.82e-09
6341 0.051249218996284145 4.19e-09
6342 0.23400567685299214 6.7e-09
6343 0.0512492189962842 4.5e-09
6344 0.051249218996284131 4.67e-09
6345 0.051249218996284159 4.23e-09
6346 0.05124921899628402 3.29e-09
6347 0.051249218996284103 5.78e-09
6348 0.051249218996283895 2.71e-09
6349 0.051249218996284013 5.16e-09
6350 0.05124921899628395 3.86e-09
6351 0.19565212039147703 8.51e-09
6352 0.23400567685299661 1.85e-08
6353 0.051249218996284152 4.14e-09
6354 0.051249218996284103 3.97e-09
6355 0.2619487077142863 2.01e-08
6356 0.19565212039147722 9.75e-09
6357 0.051249218996284124 9.02e-09
6358 0.051249218996283978 2.94e-09
6359 0.051249218996284193 5.03e-09
6360 0.051249218996284124 4.8e-09
6361 0.23400567685299245 6.96e-09
6362 0.051249218996283957 3.27e-09
6363 0.051249218996284367 5.46e-09
6364 0.051249218996284054 5.67e-09
6365 0.051249218996284089 4.04e-09
6366 0.051249218996284034 3.32e-09
6367 0.051249218996284034 3.21e-09
6368 0.19565212039147653 6.4e-09
6369 0.19565212039147667 7.23e-09
6370 0.051249218996283992 4.04e-09
6371 0.17886733742735764 5.38e-09
6372 0.23400567685299356 9.26e-09
6373 0.051249218996284131 3.89e-09
6374 0.051249218996284145 4.06e-09
6375 0.19565212039147636 5.37e-09
6376 0.05124921899628395 3.76e-09
6377 0.051249218996283957 3.32e-09
6378 0.051249218996284297 5.25e-09
6379 0.17886733742735919 8.37e-09
6380 0.23400567685299395 1.05e-08
6381 0.051249218996283936 2.48e-09
6382 0.051249218996284131 5.17e-09
6383 0.051249218996284332 6.42e-09
6384 0.23400567685299331 9.14e-09
6385 0.051249218996284124 4.94e-09
6386 0.051249218996284047 5.81e-09
6387 0.051249218996284138 5.6e-09
6388 0.051249218996284138 3.94e-09
6389 0.051249218996284068 3.87e-09
6390 0.051249218996284443 6.36e-09
6391 0.19565212039147664 6.91e-09
6392 0.23400567685299314 8.61e-09
6393 0.051249218996284061 6.23e-09
6394 0.051249218996284131 4e-09
6395 0.051249218996283992 3.54e-09
6396 0.23400567685299248 1.47e-08
6397 0.051249218996283999 3.95e-09
6398 0.051249218996284131 3.96e-09
6399 0.1956521203914767 6.8e-09
6400 0.23400567685299378 9.54e-09
6401 0.23400567685299287 7.75e-09
6402 0.051249218996284041 3.48e-09
6403 0.051249218996284401 5.76e-09
6404 0.051249218996284013 7.55e-09
6405 0.051249218996284179 4.19e-09
6406 0.051249218996283923 2.93e-09
6407 0.05124921899628393 2.43e-09
6408 0.23400567685299217 6.91e-09
6409 0.051249218996284006 3.11e-09
6410 0.19565212039147861 1.19e-08
6411 0.051249218996284006 3.69e-09
6412 0.19565212039147645 5.52e-09
6413 0.051249218996284159 5.53e-09
6414 0.051249218996284082 3.9e-09
6415 0.051249218996284103 3.84e-09
6416 0.051249218996284041 4.67e-09
6417 0.051249218996284089 3.65e-09
6418 0.051249218996284075 3.86e-09
6419 0.19565212039147775 1.28e-08
6420 0.051249218996284034 4.66e-09
6421 0.17886733742735961 7.78e-09
6422 0.051249218996284228 4.92e-09
6423 0.1956521203914767 6.75e-09
6424 0.051249218996284075 3.67e-09
6425 0.051249218996283895 3.89e-09
6426 0.19565212039147656 9.63e-09
6427 0.051249218996284054 4e-09
6428 0.051249218996284117 4.37e-09
6429 0.051249218996284006 3.26e-09
6430 0.051249218996283971 3.47e-09
6431 0.23400567685299456 1.57e-08
6432 0.051249218996284047 3.29e-09
6433 0.051249218996284429 5.69e-09
6434 0.051249218996284145 5.63e-09
6435 0.27713209377670878 5.13e-09
6436 0.051249218996284027 3.54e-09
6437 0.19565212039147775 9.83e-09
6438 0.051249218996283964 2.88e-09
6439 0.051249218996284054 4.38e-09
6440 0.051249218996284131 5.8e-09
6441 0.195652120391477 8.39e-09
6442 0.23400567685299223 1.17e-08
6443 0.19565212039147747 9.1e-09
6444 0.051249218996283957 6.46e-09
6445 0.051249218996284089 3.67e-09
6446 0.051249218996284276 6.24e-09
6447 0.19565212039147772 1.25e-08
6448 0.19565212039147684 7.65e-09
6449 0.23400567685299276 9.54e-09
6450 0.051249218996284034 6.63e-09
6451 0.23400567685299323 1e-08
6452 0.27713209377671272 1.99e-08
6453 0.051249218996284117 3.84e-09
6454 0.21223225941083648 9.16e-09
6455 0.051249218996283936 2.45e-09
6456 0.23400567685299276 7.25e-09
6457 0.05124921899628411 4.13e-09
6458 0.051249218996284027 3.34e-09
6459 0.23400567685299298 1.33e-08
6460 0.051249218996284228 4.73e-09
6461 0.051249218996284054 4.95e-09
6462 0.27713209377670944 9.28e-09
6463 0.178867337427359 8.15e-09
6464 0.1956521203914772 8.23e-09
6465 0.051249218996284283 5.7e-09
6466 0.051249218996284006 3.06e-09
6467 0.051249218996284186 4.24e-09
6468 0.051249218996283985 2.96e-09
6469 0.051249218996284207 9.07e-09
6470 0.21223225941084178 1.56e-08
6471 0.051249218996284047 3.49e-09
6472 0.051249218996284117 3.77e-09
6473 0.051249218996284041 3.32e-09
6474 0.23400567685299192 9.82e-09
6475 0.051249218996283992 3.25e-09
6476 0.051249218996283923 2.59e-09
6477 0.051249218996284117 3.87e-09
6478 0.17886733742736477 1.58e-08
6479 0.051249218996284124 6.54e-09
6480 0.051249218996284159 5.68e-09
6481 0.17886733742735883 7.22e-09
6482 0.29414667819034795 1.71e-08
6483 0.051249218996283978 4.12e-09
6484 0.2122322594108409 2.21e-08
6485 0.27713209377670961 1.12e-08
6486 0.051249218996284068 3.59e-09
6487 0.17886733742735969 1.22e-08
6488 0.051249218996284027 3.39e-09
6489 0.051249218996284117 3.79e-09
6490 0.051249218996284006 3.62e-09
6491 0.051249218996284027 3.28e-09
6492 0.05124921899628429 6.51e-09
6493 0.051249218996284013 3.47e-09
6494 0.051249218996284179 7.85e-09
6495 0.19565212039147631 5.12e-09
6496 0.19565212039147634 5.7e-09
6497 0.23400567685299262 8.81e-09
6498 0.051249218996284047 3.83e-09
6499 0.27713209377670922 1.01e-08
6500 0.051249218996284304 9.15e-09
6501 0.23400567685299284 1.92e-08
6502 0.051249218996284145 3.94e-09
6503 0.051249218996284353 6.24e-09
6504 0.051249218996283867 2.58e-09
6505 0.2340056768529919 5.07e-09
6506 0.051249218996284152 4.68e-09
6507 0.17886733742735769 1.74e-08
6508 0.05124921899628411 3.71e-09
6509 0.19565212039147775 1.19e-08
6510 0.051249218996284207 4.74e-09
6511 0.051249218996284006 3.06e-09
6512 0.051249218996284013 5.28e-09
6513 0.051249218996284117 9.14e-09
6514 0.21223225941083754 2.01e-08
6515 0.23400567685299348 1.13e-08
6516 0.051249218996284006 4.99e-09
6517 0.26194870771428175 1.4e-08
6518 0.051249218996284061 5.73e-09
6519 0.051249218996283943 2.37e-09
6520 0.051249218996284145 3.93e-09
6521 0.051249218996284096 3.73e-09
6522 0.17886733742736419 1.45e-08
6523 0.051249218996284374 5.64e-09
6524 0.051249218996284124 3.87e-09
6525 0.051249218996284089 3.62e-09
6526 0.051249218996283999 3.01e-09
6527 0.051249218996284089 4.36e-09
6528 0.23400567685299359 1.19e-08
6529 0.051249218996283971 3.48e-09
6530 0.051249218996284089 3.78e-09
6531 0.051249218996284047 3.62e-09
6532 0.051249218996283999 3.03e-09
6533 0.23400567685299256 1.18e-08
6534 0.051249218996284179 5.58e-09
6535 0.051249218996284103 4.09e-09
6536 0.27713209377670933 1.34e-08
6537 0.23400567685299278 8e-09
6538 0.05124921899628402 3.14e-09
6539 0.051249218996284054 3.84e-09
6540 0.051249218996284013 3.27e-09
6541 0.051249218996284041 4.04e-09
6542 0.37005911453513463 1.43e-08
6543 0.19565212039147739 1.13e-08
6544 0.17886733742736585 1.67e-08
6545 0.051249218996283985 3.44e-09
6546 0.051249218996283964 3.35e-09
6547 0.051249218996284054 3.55e-09
6548 0.19565212039147722 1.09e-08
6549 0.051249218996283957 2.68e-09
6550 0.051249218996284047 3.5e-09
6551 0.23400567685299392 2.4e-08
6552 0.19565212039147689 2.01e-08
6553 0.051249218996284034 3.32e-09
6554 0.051249218996284242 4.68e-09
6555 0.051249218996284075 3.52e-09
6556 0.27713209377670905 6.64e-09
6557 0.05124921899628411 4.48e-09
6558 0.23400567685299214 8.67e-09
6559 0.051249218996283964 4.11e-09
6560 0.19565212039147714 9.24e-09
6561 0.17886733742736222 1.11e-08
6562 0.19565212039147756 1.03e-08
6563 0.26194870771428308 1.77e-08
6564 0.051249218996283895 2.1e-09
6565 0.051249218996283985 2.86e-09
6566 0.051249218996283943 2.5e-09
6567 0.051249218996284131 3.88e-09
6568 0.27713209377670972 1.06e-08
6569 0.051249218996284013 4.07e-09
6570 0.2340056768529927 1.01e-08
6571 0.051249218996284464 9.8e-09
6572 0.051249218996284006 4.16e-09
6573 0.051249218996284242 7.19e-09
6574 0.19565212039147725 1.29e-08
6575 0.051249218996284117 4.3e-09
6576 0.19565212039147795 2.33e-08
6577 0.051249218996284027 3.7e-09
6578 0.051249218996284117 4.31e-09
6579 0.17886733742736127 1.04e-08
6580 0.19565212039147672 6.78e-09
6581 0.051249218996283978 2.82e-09
6582 0.19565212039147678 7.46e-09
6583 0.051249218996283971 2.84e-09
6584 0.23400567685299253 6.87e-09
6585 0.051249218996284075 4.09e-09
6586 0.051249218996284165 4.19e-09
6587 0.19565212039147642 6.29e-09
6588 0.051249218996284138 3.96e-09
6589 0.051249218996284041 3.88e-09
6590 0.051249218996284006 3.52e-09
6591 0.051249218996284443 6.75e-09
6592 0.051249218996284117 3.81e-09
6593 0.05124921899628427 5.07e-09
6594 0.23400567685299226 1.56e-08
6595 0.051249218996284152 4.2e-09
6596 0.19565212039147795 1.13e-08
6597 0.051249218996284013 4.16e-09
6598 0.051249218996284138 3.94e-09
6599 0.051249218996284165 4.5e-09
6600 0.051249218996284214 4.5e-09
6601 0.051249218996283985 3.22e-09
6602 0.051249218996284145 4e-09
6603 0.051249218996284179 4.73e-09
6604 0.051249218996284103 4.37e-09
6605 0.19565212039147659 7.36e-09
6606 0.2340056768529922 7.01e-09
6607 0.051249218996284179 4.44e-09
6608 0.051249218996284103 8.31e-09
6609 0.34159213938512972 3.44e-08
6610 0.051249218996284297 8.31e-09
6611 0.051249218996284103 4.09e-09
6612 0.051249218996283964 2.64e-09
6613 0.051249218996284096 4.82e-09
6614 0.26194870771427925 2.32e-08
6615 0.23400567685299303 1.15e-08
6616 0.051249218996283888 2.17e-09
6617 0.051249218996284082 4.38e-09
6618 0.19565212039147795 1.47e-08
6619 0.23400567685299403 1.35e-08
6620 0.19565212039147659 9.93e-09
6621 0.051249218996284165 4.39e-09
6622 0.19565212039147681 1.27e-08
6623 0.05124921899628445 6.57e-09
6624 0.051249218996284221 6.56e-09
6625 0.19565212039147745 1.02e-08
6626 0.05124921899628393 2.36e-09
6627 0.23400567685299206 6.04e-09
6628 0.23400567685299503 1.16e-08
6629 0.23400567685299603 1.32e-08
6630 0.05124921899628402 4.23e-09
6631 0.19565212039147734 9.77e-09
6632 0.23400567685299348 8.87e-09
6633 0.051249218996284089 3.54e-09
6634 0.051249218996283985 3.25e-09
6635 0.051249218996284401 7.54e-09
6636 0.051249218996284152 4.28e-09
6637 0.051249218996283909 2.4e-09
6638 0.051249218996284138 4.21e-09
6639 0.17886733742735883 2.33e-08
6640 0.051249218996284041 3.41e-09
6641 0.17886733742736069 1.07e-08
6642 0.051249218996284013 4.66e-09
6643 0.26194870771427925 1e-08
6644 0.051249218996284075 3.58e-09
6645 0.051249218996284429 6.32e-09
6646 0.051249218996284075 3.56e-09
6647 0.051249218996283964 4.86e-09
6648 0.051249218996283978 3.04e-09
6649 0.0512492189962842 4.5e-09
6650 0.051249218996284027 3.27e-09
6651 0.051249218996284082 5.71e-09
6652 0.051249218996284256 4.69e-09
6653 0.051249218996283964 3.27e-09
6654 0.051249218996284061 3.7e-09
6655 0.051249218996284041 5.91e-09
6656 0.051249218996284318 7.11e-09
6657 0.051249218996284082 5.12e-09
6658 0.051249218996284221 7.18e-09
6659 0.051249218996283957 2.71e-09
6660 0.051249218996284117 4e-09
6661 0.051249218996284068 3.57e-09
6662 0.23400567685299256 6.98e-09
6663 0.23400567685299281 9.71e-09
6664 0.051249218996284422 5.42e-09
6665 0.19565212039147734 1e-08
6666 0.27713209377670922 7.98e-09
6667 0.17886733742736438 1.52e-08
6668 0.051249218996284006 3.83e-09
6669 0.051249218996284068 3.78e-09
6670 0.19565212039147692 7.86e-09
6671 0.27713209377670889 5.89e-09
6672 0.051249218996284214 5.21e-09
6673 0.17886733742736202 1.4e-08
6674 0.051249218996284145 6.21e-09
6675 0.26767860546964478 2.37e-08
6676 0.23400567685299337 1.16e-08
6677 0.051249218996284443 9.02e-09
6678 0.23400567685299278 7.42e-09
6679 0.051249218996284034 3.31e-09
6680 0.051249218996283957 3.45e-09
6681 0.051249218996284047 3.54e-09
6682 0.051249218996284117 5.54e-09
6683 0.051249218996284041 4.01e-09
6684 0.19565212039147631 5.56e-09
6685 0.051249218996284179 6.31e-09
6686 0.19565212039147625 9.92e-09
6687 0.051249218996284096 4.38e-09
6688 0.051249218996284124 4.11e-09
6689 0.051249218996284054 3.34e-09
6690 0.19565212039147728 9.24e-09
6691 0.051249218996284047 3.68e-09
6692 0.051249218996284131 4.12e-09
6693 0.05124921899628411 3.79e-09
6694 0.051249218996284117 4.02e-09
6695 0.19565212039147681 7.05e-09
6696 0.051249218996284034 3.37e-09
6697 0.19565212039147664 6.56e-09
6698 0.17886733742735844 7.23e-09
6699 0.051249218996284145 4.03e-09
6700 0.051249218996284013 3.19e-09
6701 0.051249218996284041 6.38e-09
6702 0.051249218996284034 3.27e-09
6703 0.051249218996284353 5.17e-09
6704 0.051249218996284041 3.37e-09
6705 0.05124921899628402 3.18e-09
6706 0.051249218996284311 5.74e-09
6707 0.051249218996284103 5.16e-09
6708 0.26767860546962569 1.9e-08
6709 0.17886733742736238 1.61e-08
6710 0.051249218996284013 3.39e-09
6711 0.051249218996284235 6.37e-09
6712 0.051249218996284082 3.97e-09
6713 0.051249218996284082 3.82e-09
6714 0.17886733742736063 1.08e-08
6715 0.051249218996284172 4.47e-09
6716 0.051249218996284006 3.01e-09
6717 0.051249218996284193 7.7e-09
6718 0.051249218996284179 4.6e-09
6719 0.19565212039147628 6.99e-09
6720 0.051249218996284041 3.3e-09
6721 0.051249218996284214 7.95e-09
6722 0.051249218996284027 3.37e-09
6723 0.23400567685299375 1.01e-08
6724 0.1788673374273636 1.26e-08
6725 0.17886733742736341 1.92e-08
6726 0.051249218996284068 5.84e-09
6727 0.05124921899628427 1e-08
6728 0.051249218996283957 3.01e-09
6729 0.2771320937767105 1.14e-08
6730 0.19565212039147717 8.31e-09
6731 0.23400567685299328 1.19e-08
6732 0.051249218996283936 3.31e-09
6733 0.051249218996284075 4.95e-09
6734 0.05124921899628427 6.03e-09
6735 0.2340056768529935 1.16e-08
6736 0.051249218996283895 2.91e-09
6737 0.23400567685299503 1.51e-08
6738 0.17886733742736377 1.7e-08
6739 0.051249218996283999 3.05e-09
6740 0.19565212039147808 1.72e-08
6741 0.051249218996284172 4.58e-09
6742 0.051249218996283964 4.1e-09
6743 0.051249218996284054 3.46e-09
6744 0.051249218996284124 8.04e-09
6745 0.1956521203914765 7.07e-09
6746 0.051249218996284505 5.84e-09
6747 0.051249218996284089 6.1e-09
6748 0.19565212039147692 1.24e-08
6749 0.051249218996284193 6.31e-09
6750 0.051249218996284242 4.63e-09
6751 0.051249218996284082 3.61e-09
6752 0.051249218996284332 4.95e-09
6753 0.051249218996283971 2.65e-09
6754 0.051249218996284027 3.34e-09
6755 0.051249218996283985 2.96e-09
6756 0.19565212039147781 1.56e-08
6757 0.051249218996284221 4.51e-09
6758 0.051249218996284117 3.97e-09
6759 0.051249218996283985 2.88e-09
6760 0.051249218996284207 4.61e-09
6761 0.051249218996284165 4.54e-09
6762 0.051249218996284013 3.94e-09
6763 0.05124921899628436 5.64e-09
6764 0.051249218996283971 3.02e-09
6765 0.051249218996283971 2.72e-09
6766 0.051249218996284096 3.62e-09
6767 0.051249218996284013 3.22e-09
6768 0.051249218996284013 3.1e-09
6769 0.19565212039147767 1.08e-08
6770 0.051249218996284075 4.22e-09
6771 0.051249218996283964 3.11e-09
6772 0.29414667819037271 2.43e-08
6773 0.051249218996284006 3.05e-09
6774 0.051249218996284207 4.58e-09
6775 0.051249218996284061 3.5e-09
6776 0.051249218996284075 3.61e-09
6777 0.21223225941084167 2.16e-08
6778 0.051249218996283978 5.8e-09
6779 0.051249218996284068 3.6e-09
6780 0.051249218996283888 2.06e-09
6781 0.1956521203914765 8.71e-09
6782 0.23400567685299289 8.07e-09
6783 0.051249218996283985 2.99e-09
6784 0.23400567685299448 1.7e-08
6785 0.051249218996283971 2.9e-09
6786 0.051249218996284061 4.67e-09
6787 0.051249218996284027 4.19e-09
6788 0.051249218996284096 4.43e-09
6789 0.051249218996284401 9.72e-09
6790 0.0512492189962842 5.11e-09
6791 0.051249218996284041 3.66e-09
6792 0.051249218996284075 6.21e-09
6793 0.051249218996284318 5.48e-09
6794 0.051249218996284242 4.56e-09
6795 0.23400567685299289 7.62e-09
6796 0.051249218996284061 4e-09
6797 0.051249218996284124 4.11e-09
6798 0.19565212039147717 8.22e-09
6799 0.051249218996284186 5.04e-09
6800 0.19565212039147684 7.83e-09
6801 0.051249218996283867 3.2e-09
6802 0.051249218996284221 5.88e-09
6803 0.051249218996283985 6.11e-09
6804 0.051249218996283923 2.35e-09
6805 0.051249218996284304 5.72e-09
6806 0.05124921899628429 4.76e-09
6807 0.051249218996284228 4.71e-09
6808 0.051249218996283971 5.84e-09
6809 0.051249218996284436 8.11e-09
6810 0.051249218996284054 3.57e-09
6811 0.051249218996284027 4.35e-09
6812 0.051249218996283999 2.97e-09
6813 0.051249218996284124 4.09e-09
6814 0.051249218996284075 5.21e-09
6815 0.051249218996284131 4.56e-09
6816 0.051249218996284124 3.94e-09
6817 0.23400567685299345 8.89e-09
6818 0.051249218996283978 4.9e-09
6819 0.17886733742735919 8.93e-09
6820 0.051249218996284124 4.07e-09
6821 0.2941466781902855 1.82e-08
6822 0.051249218996284068 3.47e-09
6823 0.051249218996284061 5.36e-09
6824 0.051249218996284061 5.67e-09
6825 0.051249218996283985 2.83e-09
6826 0.051249218996284117 4.38e-09
6827 0.051249218996284054 3.71e-09
6828 0.051249218996284159 4.38e-09
6829 0.051249218996284034 3.23e-09
6830 0.051249218996284214 8.58e-09
6831 0.051249218996283992 3.98e-09
6832 0.05124921899628402 3.22e-09
6833 0.051249218996284235 4.48e-09
6834 0.051249218996284256 4.6e-09
6835 0.051249218996283978 2.84e-09
6836 0.051249218996283999 3.45e-09
6837 0.051249218996284096 3.75e-09
6838 0.23400567685299214 1.01e-08
6839 0.17886733742736247 1.31e-08
6840 0.21223225941084259 2.31e-08
6841 0.051249218996284103 5.17e-09
6842 0.051249218996283992 5.7e-09
6843 0.051249218996284006 3.12e-09
6844 0.23400567685299201 1.14e-08
6845 0.23400567685299267 9.51e-09
6846 0.27713209377670933 1.47e-08
6847 0.05124921899628402 3.28e-09
6848 0.051249218996284013 3.12e-09
6849 0.195652120391477 1.51e-08
6850 0.05124921899628427 8.6e-09
6851 0.051249218996283999 3.05e-09
6852 0.051249218996283999 3.21e-09
6853 0.051249218996284138 4.99e-09
6854 0.178867337427361 1.55e-08
6855 0.051249218996284054 3.55e-09
6856 0.051249218996283985 3.04e-09
6857 0.05124921899628429 5.08e-09
6858 0.05124921899628429 4.96e-09
6859 0.051249218996283978 4.15e-09
6860 0.051249218996284124 4.27e-09
6861 0.23400567685299364 9.09e-09
6862 0.051249218996284242 4.96e-09
6863 0.17886733742735886 8.79e-09
6864 0.26767860546962891 1.13e-08
6865 0.19565212039147675 7.48e-09
6866 0.19565212039147667 7.35e-09
6867 0.17886733742736713 2.4e-08
6868 0.051249218996283957 2.59e-09
6869 0.051249218996283978 2.8e-09
6870 0.051249218996284172 4.72e-09
6871 0.051249218996283971 2.75e-09
6872 0.051249218996284235 4.87e-09
6873 0.051249218996284235 6.03e-09
6874 0.051249218996284047 3.35e-09
6875 0.19565212039147695 8.56e-09
6876 0.051249218996284374 5.8e-09
6877 0.051249218996284138 4.22e-09
6878 0.05124921899628386 2.06e-09
6879 0.051249218996284165 4.27e-09
6880 0.051249218996284311 8.43e-09
6881 0.051249218996283971 3.11e-09
6882 0.05124921899628395 2.67e-09
6883 0.051249218996283992 3.54e-09
6884 0.051249218996284408 5.46e-09
6885 0.051249218996284276 7.31e-09
6886 0.19565212039147667 7.14e-09
6887 0.17886733742735836 6.62e-09
6888 0.051249218996284172 4.16e-09
6889 0.051249218996283985 3.09e-09
6890 0.17886733742736102 1.13e-08
6891 0.26767860546962607 1.15e-08
6892 0.05124921899628393 2.51e-09
6893 0.051249218996284145 4.39e-09
6894 0.051249218996284082 3.53e-09
6895 0.051249218996283999 4.07e-09
6896 0.19565212039147667 8.25e-09
6897 0.19565212039147681 1.17e-08
6898 0.23400567685299178 5.54e-09
6899 0.17886733742735822 7.47e-09
6900 0.23400567685299237 1.01e-08
6901 0.27713209377670978 8.97e-09
6902 0.17886733742735822 1.02e-08
6903 0.19565212039147703 8.98e-09
6904 0.051249218996283971 3.37e-09
6905 0.051249218996284207 4.35e-09
6906 0.051249218996284172 4.97e-09
6907 0.23400567685299356 1.41e-08
6908 0.051249218996284124 4.42e-09
6909 0.051249218996284027 8.34e-09
6910 0.051249218996284138 5.18e-09
6911 0.23400567685299298 8e-09
6912 0.051249218996284103 3.94e-09
6913 0.1956521203914765 6.25e-09
6914 0.05124921899628436 7.22e-09
6915 0.051249218996283985 3.75e-09
6916 0.17886733742736236 1.29e-08
6917 0.051249218996284013 3.21e-09
6918 0.051249218996284214 6.21e-09
6919 0.19565212039147664 1.21e-08
6920 0.051249218996283902 2.33e-09
6921 0.26194870771427919 1.13e-08
6922 0.051249218996283999 2.96e-09
6923 0.19565212039147625 4.94e-09
6924 0.051249218996284159 1.11e-08
6925 0.051249218996284117 4.32e-09
6926 0.05124921899628393 4.51e-09
6927 0.051249218996284131 4.33e-09
6928 0.19565212039147745 1.65e-08
6929 0.05124921899628427 5.87e-09
6930 0.051249218996284117 6.59e-09
6931 0.051249218996284089 4.12e-09
6932 0.051249218996284186 4.28e-09
6933 0.051249218996284068 3.63e-09
6934 0.051249218996284138 4.13e-09
6935 0.17886733742736213 2.46e-08
6936 0.051249218996284054 3.6e-09
6937 0.051249218996284075 3.93e-09
6938 0.051249218996284047 3.55e-09
6939 0.051249218996284242 1.12e-08
6940 0.23400567685299511 1.46e-08
6941 0.051249218996284221 4.36e-09
6942 0.051249218996284096 3.65e-09
6943 0.051249218996284117 6.65e-09
6944 0.23400567685299364 1.09e-08
6945 0.23400567685299253 9.05e-09
6946 0.051249218996284263 5.9e-09
6947 0.051249218996284047 6.33e-09
6948 0.2340056768529922 5.72e-09
6949 0.051249218996284283 5.66e-09
6950 0.051249218996284013 3.32e-09
6951 0.051249218996284485 7.58e-09
6952 0.23400567685299212 6.81e-09
6953 0.19565212039147628 6.05e-09
6954 0.2340056768529932 8.18e-09
6955 0.051249218996284138 4.02e-09
6956 0.051249218996283992 2.91e-09
6957 0.051249218996283957 4.09e-09
6958 0.19565212039147697 7.67e-09
6959 0.26767860546962463 1.16e-08
6960 0.051249218996284159 4.37e-09
6961 0.051249218996284075 4.07e-09
6962 0.17886733742736161 1.31e-08
6963 0.051249218996283992 6.49e-09
6964 0.051249218996283978 2.88e-09
6965 0.051249218996284228 7.14e-09
6966 0.051249218996284103 3.75e-09
6967 0.051249218996284068 3.9e-09
6968 0.051249218996284013 3.55e-09
6969 0.051249218996284318 7.96e-09
6970 0.051249218996284138 4.14e-09
6971 0.19565212039147639 6.01e-09
6972 0.1956521203914765 5.7e-09
6973 0.051249218996284027 3.25e-09
6974 0.05124921899628411 4.07e-09
6975 0.051249218996284027 3.83e-09
6976 0.051249218996284006 4.55e-09
6977 0.051249218996284436 6.95e-09
6978 0.051249218996284256 8.51e-09
6979 0.0512492189962842 4.69e-09
6980 0.051249218996283936 2.54e-09
6981 0.051249218996284006 3.89e-09
6982 0.051249218996284207 5.49e-09
6983 0.19565212039147759 1.05e-08
6984 0.051249218996284145 6.54e-09
6985 0.051249218996284145 3.97e-09
6986 0.051249218996284172 6.35e-09
6987 0.051249218996284152 4.14e-09
6988 0.051249218996284165 4.89e-09
6989 0.051249218996284068 3.55e-09
6990 0.051249218996283992 4.98e-09
6991 0.051249218996284159 4.2e-09
6992 0.051249218996284228 4.45e-09
6993 0.051249218996283992 3.16e-09
6994 0.051249218996284054 3.39e-09
6995 0.051249218996284131 9.86e-09
6996 0.23400567685299267 9.63e-09
6997 0.19565212039147717 8.31e-09
6998 0.051249218996284096 3.73e-09
6999 0.23400567685299223 8.6e-09
7000 0.051249218996284061 5.83e-09
7001 0.051249218996284006 9.57e-09
7002 0.051249218996284145 4.07e-09
7003 0.051249218996283999 3.19e-09
7004 0.051249218996284124 3.88e-09
7005 0.23400567685299231 7.89e-09
7006 0.051249218996284165 4.11e-09
7007 0.051249218996284207 5.58e-09
7008 0.051249218996284193 4.97e-09
7009 0.26194870771427925 1.04e-08
7010 0.23400567685299281 8.04e-09
7011 0.051249218996284138 6.38e-09
7012 0.051249218996284013 3.88e-09
7013 0.23400567685299262 1.36e-08
7014 0.2340056768529937 1.02e-08
7015 0.19565212039147678 8.44e-09
7016 0.051249218996284124 3.97e-09
7017 0.05124921899628402 3.82e-09
7018 0.051249218996284131 4.45e-09
7019 0.26194870771428458 2.83e-08
7020 0.23400567685299281 8.06e-09
7021 0.19565212039147736 1.28e-08
7022 0.05124921899628402 5.15e-09
7023 0.051249218996284013 3.62e-09
7024 0.051249218996284082 4.34e-09
7025 0.051249218996284707 7.04e-09
7026 0.051249218996283992 3.48e-09
7027 0.051249218996284145 4.2e-09
7028 0.23400567685299228 9.14e-09
7029 0.051249218996284235 4.65e-09
7030 0.051249218996283888 2.14e-09
7031 0.05124921899628429 5.74e-09
7032 0.051249218996284061 3.49e-09
7033 0.05124921899628411 4.21e-09
7034 0.23400567685299259 8.71e-09
7035 0.195652120391477 7.78e-09
7036 0.051249218996284054 3.74e-09
7037 0.051249218996283888 2.12e-09
7038 0.051249218996284138 5e-09
7039 0.051249218996284193 4.69e-09
7040 0.29414667819033646 2.65e-08
7041 0.19565212039147686 7.81e-09
7042 0.2676786054696329 1.28e-08
7043 0.19565212039147628 5.43e-09
7044 0.051249218996284256 7.68e-09
7045 0.051249218996284068 3.87e-09
7046 0.05124921899628393 2.28e-09
7047 0.17886733742735922 8.1e-09
7048 0.051249218996284054 4.93e-09
7049 0.051249218996284027 3.21e-09
7050 0.051249218996283999 3.27e-09
7051 0.051249218996284068 3.52e-09
7052 0.26194870771427725 9.77e-09
7053 0.051249218996284165 4.21e-09
7054 0.05124921899628445 5.48e-09
7055 0.19565212039147736 8.77e-09
7056 0.051249218996283923 2.51e-09
7057 0.051249218996284297 5.02e-09
7058 0.21223225941083834 1.22e-08
7059 0.05124921899628395 4.9e-09
7060 0.051249218996284381 6.65e-09
7061 0.2676786054696253 1.2e-08
7062 0.051249218996284034 1.37e-08
7063 0.051249218996284283 4.86e-09
7064 0.051249218996284096 3.77e-09
7065 0.051249218996284075 5.1e-09
7066 0.2340056768529922 8.34e-09
7067 0.051249218996284075 7.53e-09
7068 0.17886733742735986 8.16e-09
7069 0.19565212039147695 8.26e-09
7070 0.051249218996283957 2.82e-09
7071 0.051249218996284082 4.9e-09
7072 0.0512492189962842 6.02e-09
7073 0.19565212039147711 1.08e-08
7074 0.051249218996284131 5.13e-09
7075 0.051249218996284131 5.57e-09
7076 0.195652120391478 1.39e-08
7077 0.19565212039147659 7.62e-09
7078 0.23400567685299226 7.37e-09
7079 0.051249218996284047 3.85e-09
7080 0.27713209377670944 9.37e-09
7081 0.051249218996284075 3.54e-09
7082 0.0512492189962842 6.1e-09
7083 0.051249218996284082 3.59e-09
7084 0.21223225941083615 1.96e-08
7085 0.23400567685299198 6.23e-09
7086 0.051249218996284027 4.27e-09
7087 0.051249218996284047 3.36e-09
7088 0.051249218996283971 3.16e-09
7089 0.05124921899628411 4.11e-09
7090 0.051249218996284367 5.81e-09
7091 0.051249218996283992 3.12e-09
7092 0.051249218996284138 5.7e-09
7093 0.23400567685299234 1.17e-08
7094 0.19565212039147725 1.35e-08
7095 0.051249218996284006 4.66e-09
7096 0.051249218996284096 3.65e-09
7097 0.0512492189962842 6.14e-09
7098 0.051249218996284124 5.17e-09
7099 0.051249218996283985 3.11e-09
7100 0.051249218996284436 7.64e-09
7101 0.051249218996284034 3.46e-09
7102 0.051249218996284089 7e-09
7103 0.051249218996284346 5.52e-09
7104 0.051249218996284186 4.31e-09
7105 0.23400567685299273 8.26e-09
7106 0.051249218996283978 7.24e-09
7107 0.17886733742736127 1.02e-08
7108 0.051249218996284242 4.56e-09
7109 0.051249218996284249 6.35e-09
7110 0.29414667819029372 1.89e-08
7111 0.23400567685299231 7.94e-09
7112 0.051249218996283985 2.88e-09
7113 0.051249218996284311 4.98e-09
7114 0.051249218996284138 4.21e-09
7115 0.051249218996284124 6.31e-09
7116 0.051249218996284381 1.19e-08
7117 0.051249218996284089 3.98e-09
7118 0.051249218996284047 5.8e-09
7119 0.051249218996284034 3.4e-09
7120 0.051249218996284249 7.48e-09
7121 0.051249218996284179 4.18e-09
7122 0.23400567685299278 2.02e-08
7123 0.26194870771428147 1.54e-08
7124 0.051249218996283943 2.92e-09
7125 0.19565212039147661 6.75e-09
7126 0.051249218996284159 4.03e-09
7127 0.19565212039147672 6.76e-09
7128 0.051249218996284346 5.1e-09
7129 0.051249218996284401 5.8e-09
7130 0.051249218996284172 4.16e-09
7131 0.051249218996284228 5.4e-09
7132 0.051249218996284075 3.57e-09
7133 0.051249218996284027 3.4e-09
7134 0.051249218996284006 3.13e-09
7135 0.051249218996284013 3.31e-09
7136 0.17886733742735958 9.28e-09
7137 0.051249218996283936 4.08e-09
7138 0.051249218996284041 4.22e-09
7139 0.1788673374273658 1.55e-08
7140 0.051249218996283895 3.73e-09
7141 0.051249218996284054 4.56e-09
7142 0.29414667819047513 2.28e-08
7143 0.051249218996284145 4.77e-09
7144 0.051249218996284061 7.71e-09
7145 0.05124921899628402 4.18e-09
7146 0.19565212039147661 7.1e-09
7147 0.051249218996284103 6.5e-09
7148 0.051249218996284103 7.41e-09
7149 0.051249218996284089 4.27e-09
7150 0.051249218996284124 4e-09
7151 0.19565212039147836 1.17e-08
7152 0.051249218996284186 4.28e-09
7153 0.051249218996284159 4.1e-09
7154 0.051249218996284221 4.44e-09
7155 0.051249218996283992 2.99e-09
7156 0.051249218996284034 4.42e-09
7157 0.05124921899628411 3.77e-09
7158 0.19565212039147636 6.35e-09
7159 0.23400567685299192 8.13e-09
7160 0.26194870771428447 2.87e-08
7161 0.23400567685299534 1.21e-08
7162 0.051249218996284172 6.56e-09
7163 0.051249218996284061 7.55e-09
7164 0.19565212039147667 8.2e-09
7165 0.23400567685299198 1.26e-08
7166 0.051249218996284499 5.89e-09
7167 0.051249218996284068 5.54e-09
7168 0.051249218996284193 6.45e-09
7169 0.051249218996284061 3.39e-09
7170 0.05124921899628427 5.25e-09
7171 0.051249218996284159 4.96e-09
7172 0.051249218996284061 3.5e-09
7173 0.23400567685299328 9.53e-09
7174 0.051249218996284436 5.83e-09
7175 0.051249218996284089 3.89e-09
7176 0.051249218996284124 3.89e-09
7177 0.051249218996284422 7.08e-09
7178 0.26194870771428275 1.52e-08
7179 0.051249218996284047 3.63e-09
7180 0.051249218996284172 4.45e-09
7181 0.19565212039147711 8.51e-09
7182 0.051249218996284027 3.38e-09
7183 0.051249218996284152 1.16e-08
7184 0.051249218996283909 5.79e-09
7185 0.051249218996284096 3.78e-09
7186 0.051249218996284096 3.9e-09
7187 0.17886733742736166 1.67e-08
7188 0.17886733742735836 6.79e-09
7189 0.051249218996284228 4.47e-09
7190 0.051249218996284221 4.41e-09
7191 0.1956521203914765 6.36e-09
7192 0.051249218996283874 2.72e-09
7193 0.19565212039147761 9.3e-09
7194 0.051249218996284179 4.42e-09
7195 0.051249218996284145 6.25e-09
7196 0.051249218996283936 2.76e-09
7197 0.23400567685299367 9.13e-09
7198 0.051249218996283957 5.11e-09
7199 0.051249218996284103 3.84e-09
7200 0.17886733742736144 1.33e-08
7201 0.051249218996284152 4.03e-09
7202 0.051249218996284027 6.22e-09
7203 0.23400567685299242 8.47e-09
7204 0.051249218996283999 5.34e-09
7205 0.17886733742735977 8.03e-09
7206 0.051249218996284221 4.52e-09
7207 0.051249218996284034 3.47e-09
7208 0.051249218996284068 3.69e-09
7209 0.17886733742736413 1.47e-08
7210 0.05124921899628411 5.87e-09
7211 0.26194870771428252 1.8e-08
7212 0.21223225941084495 3.22e-08
7213 0.051249218996284131 5.91e-09
7214 0.19565212039147678 1.25e-08
7215 0.05124921899628411 3.98e-09
7216 0.051249218996283999 3.54e-09
7217 0.051249218996284186 4.19e-09
7218 0.051249218996283985 2.85e-09
7219 0.051249218996284103 3.77e-09
7220 0.33888848476464806 1.43e-08
7221 0.2122322594108344 7.63e-09
7222 0.32558312951166135 2.12e-08
7223 0.051249218996284103 6.17e-09
7224 0.051249218996283943 2.57e-09
7225 0.051249218996284249 4.7e-09
7226 0.051249218996284103 4.72e-09
7227 0.051249218996284103 5.45e-09
7228 0.051249218996284006 3.04e-09
7229 0.051249218996284103 4.49e-09
7230 0.051249218996284138 4.1e-09
7231 0.051249218996284374 1.1e-08
7232 0.051249218996284041 3.65e-09
7233 0.19565212039147686 8.58e-09
7234 0.19565212039147689 7.41e-09
7235 0.051249218996284082 3.72e-09
7236 0.19565212039147684 1.38e-08
7237 0.051249218996284103 3.77e-09
7238 0.051249218996284013 3.36e-09
7239 0.051249218996284263 7.97e-09
7240 0.05124921899628402 3.72e-09
7241 0.26194870771428197 1.23e-08
7242 0.19565212039147845 1.25e-08
7243 0.051249218996284075 4.13e-09
7244 0.051249218996284096 8.92e-09
7245 0.05124921899628393 2.55e-09
7246 0.19565212039147695 1.33e-08
7247 0.051249218996284603 6.72e-09
7248 0.051249218996284124 3.74e-09
7249 0.19565212039147642 9.49e-09
7250 0.051249218996284061 6.3e-09
7251 0.051249218996283923 2.47e-09
7252 0.05124921899628402 4.04e-09
7253 0.05124921899628411 3.83e-09
7254 0.051249218996284436 5.83e-09
7255 0.23400567685299437 1.05e-08
7256 0.051249218996284061 3.62e-09
7257 0.051249218996284054 3.66e-09
7258 0.051249218996284034 3.75e-09
7259 0.051249218996284068 3.8e-09
7260 0.051249218996284283 5.39e-09
7261 0.051249218996284075 3.62e-09
7262 0.051249218996283943 2.5e-09
7263 0.05124921899628395 3.53e-09
7264 0.051249218996284041 4.4e-09
7265 0.051249218996283923 2.72e-09
7266 0.051249218996284214 4.5e-09
7267 0.051249218996283971 2.79e-09
7268 0.051249218996284117 3.92e-09
7269 0.051249218996284221 4.72e-09
7270 0.051249218996284006 3.65e-09
7271 0.051249218996284082 5.11e-09
7272 0.17886733742735925 9.91e-09
7273 0.051249218996284256 7.1e-09
7274 0.051249218996284027 3.39e-09
7275 0.051249218996284138 3.96e-09
7276 0.1956521203914775 1.3e-08
7277 0.051249218996283916 2.94e-09
7278 0.05124921899628411 3.78e-09
7279 0.29414667819041429 2e-08
7280 0.05124921899628436 6.97e-09
7281 0.051249218996284068 3.58e-09
7282 0.051249218996284006 3.13e-09
7283 0.051249218996284131 3.93e-09
7284 0.051249218996284034 6.87e-09
7285 0.23400567685299503 1.19e-08
7286 0.05124921899628427 5.95e-09
7287 0.051249218996284027 6.15e-09
7288 0.19565212039147664 7.23e-09
7289 0.051249218996283943 2.68e-09
7290 0.051249218996284228 6.4e-09
7291 0.19565212039147739 9.84e-09
7292 0.051249218996284068 5.31e-09
7293 0.051249218996284103 3.86e-09
7294 0.051249218996284228 4.51e-09
7295 0.05124921899628427 5.3e-09
7296 0.19565212039147681 1.62e-08
7297 0.051249218996283902 2.62e-09
7298 0.23400567685299389 9.65e-09
7299 0.23400567685299284 9.52e-09
7300 0.19565212039147667 6.89e-09
7301 0.051249218996284117 6.03e-09
7302 0.051249218996284068 4.3e-09
7303 0.23400567685299301 1.73e-08
7304 0.051249218996284165 5.3e-09
7305 0.26194870771428452 1.53e-08
7306 0.051249218996284228 4.44e-09
7307 0.051249218996284186 5.31e-09
7308 0.051249218996284117 7.06e-09
7309 0.051249218996284311 5.27e-09
7310 0.051249218996284138 4.5e-09
7311 0.05124921899628395 3.78e-09
7312 0.051249218996283971 2.84e-09
7313 0.051249218996284138 4.64e-09
7314 0.051249218996284249 4.55e-09
7315 0.051249218996284131 4.7e-09
7316 0.051249218996284117 4.13e-09
7317 0.051249218996283895 1.99e-09
7318 0.051249218996283916 2.37e-09
7319 0.05124921899628395 4.77e-09
7320 0.051249218996284117 6.95e-09
7321 0.051249218996284165 5.35e-09
7322 0.195652120391477 8.38e-09
7323 0.051249218996284381 8.07e-09
7324 0.05124921899628402 3.2e-09
7325 0.051249218996284242 5.7e-09
7326 0.051249218996284075 3.95e-09
7327 0.051249218996284054 4.71e-09
7328 0.051249218996284152 5.59e-09
7329 0.05124921899628427 9.19e-09
7330 0.23400567685299384 1.05e-08
7331 0.051249218996284145 3.99e-09
7332 0.19565212039147684 7.47e-09
7333 0.051249218996284117 5.9e-09
7334 0.17886733742736102 1.2e-08
7335 0.051249218996284082 7.3e-09
7336 0.051249218996284082 3.63e-09
7337 0.051249218996284249 5.02e-09
7338 0.051249218996283999 2.98e-09
7339 0.05124921899628427 4.86e-09
7340 0.051249218996284103 3.86e-09
7341 0.23400567685299362 1.12e-08
7342 0.23400567685299201 5.97e-09
7343 0.17886733742735891 8.11e-09
7344 0.051249218996284172 6.26e-09
7345 0.17886733742735891 1e-08
7346 0.051249218996284152 5.75e-09
7347 0.1956521203914762 4.96e-09
7348 0.195652120391478 1.51e-08
7349 0.19565212039147686 7.28e-09
7350 0.23400567685299392 1.09e-08
7351 0.29414667819027673 1.85e-08
7352 0.051249218996284103 4.24e-09
7353 0.05124921899628395 2.71e-09
7354 0.32558312951160345 1.77e-08
7355 0.05124921899628411 3.86e-09
7356 0.051249218996284047 3.49e-09
7357 0.051249218996284041 3.89e-09
7358 0.051249218996284124 4.26e-09
7359 0.051249218996283895 2.24e-09
7360 0.051249218996284075 3.73e-09
7361 0.051249218996284568 9.34e-09
7362 0.051249218996284159 4.74e-09
7363 0.051249218996284131 5.18e-09
7364 0.051249218996283971 2.84e-09
7365 0.051249218996284047 5.8e-09
7366 0.051249218996284027 3.62e-09
7367 0.051249218996284124 4.2e-09
7368 0.23400567685299201 6.21e-09
7369 0.051249218996284145 4.09e-09
7370 0.051249218996284145 4.83e-09
7371 0.051249218996284082 3.49e-09
7372 0.051249218996284304 4.86e-09
7373 0.17886733742735875 7.99e-09
7374 0.051249218996284172 5.04e-09
7375 0.051249218996284082 3.55e-09
7376 0.051249218996284041 4.08e-09
7377 0.051249218996284054 3.74e-09
7378 0.051249218996284276 4.8e-09
7379 0.19565212039147686 6.98e-09
7380 0.17886733742735864 9.05e-09
7381 0.051249218996284207 4.61e-09
7382 0.051249218996284165 4.55e-09
7383 0.051249218996283999 3.21e-09
7384 0.051249218996283971 2.93e-09
7385 0.051249218996284103 3.66e-09
7386 0.051249218996284131 3.98e-09
7387 0.051249218996283978 5.22e-09
7388 0.051249218996283992 3.88e-09
7389 0.051249218996284242 5.32e-09
7390 0.051249218996284068 5.43e-09
7391 0.051249218996284179 5.49e-09
7392 0.051249218996284075 4.06e-09
7393 0.051249218996284047 4.98e-09
7394 0.051249218996283957 3.01e-09
7395 0.051249218996284186 4.5e-09
7396 0.19565212039147697 7.68e-09
7397 0.19565212039147745 1.14e-08
7398 0.17886733742736202 1.87e-08
7399 0.23400567685299303 1.14e-08
7400 0.17886733742735786 7.38e-09
7401 0.051249218996283978 4.94e-09
7402 0.051249218996284193 4.39e-09
7403 0.051249218996284325 6.28e-09
7404 0.051249218996284013 3.07e-09
7405 0.051249218996283978 7.88e-09
7406 0.23400567685299403 1.02e-08
7407 0.051249218996284047 4.55e-09
7408 0.21223225941083579 9.71e-09
7409 0.051249218996284006 2.99e-09
7410 0.051249218996283999 3.18e-09
7411 0.19565212039147653 5.88e-09
7412 0.051249218996284283 4.87e-09
7413 0.051249218996284221 7.12e-09
7414 0.23400567685299303 8.57e-09
7415 0.051249218996284318 6.71e-09
7416 0.051249218996283992 4.4e-09
7417 0.051249218996284124 9.82e-09
7418 0.0512492189962842 4.71e-09
7419 0.051249218996284228 4.58e-09
7420 0.19565212039147664 6.81e-09
7421 0.05124921899628427 4.67e-09
7422 0.051249218996284318 5.18e-09
7423 0.23400567685299711 2.05e-08
7424 0.23400567685299192 7.57e-09
7425 0.23400567685299359 2.11e-08
7426 0.051249218996284041 3.39e-09
7427 0.23400567685299289 7.48e-09
7428 0.051249218996284131 3.93e-09
7429 0.051249218996284027 4.03e-09
7430 0.23400567685299337 1.12e-08
7431 0.051249218996284159 4.24e-09
7432 0.2340056768529952 2.34e-08
7433 0.051249218996284235 8.24e-09
7434 0.051249218996283943 3.05e-09
7435 0.051249218996284068 3.77e-09
7436 0.051249218996284061 7.67e-09
7437 0.051249218996284235 6.18e-09
7438 0.051249218996284242 4.88e-09
7439 0.051249218996284422 5.63e-09
7440 0.051249218996284283 5.05e-09
7441 0.051249218996284061 3.85e-09
7442 0.051249218996284089 6.28e-09
7443 0.05124921899628429 4.9e-09
7444 0.051249218996284554 8.01e-09
7445 0.051249218996284387 5.63e-09
7446 0.051249218996283916 5.55e-09
7447 0.051249218996284325 4.93e-09
7448 0.051249218996284186 4.55e-09
7449 0.23400567685299242 9.18e-09
7450 0.051249218996284054 6.47e-09
7451 0.051249218996284131 3.99e-09
7452 0.23400567685299467 1.19e-08
7453 0.051249218996284103 4.51e-09
7454 0.051249218996284186 4.53e-09
7455 0.05124921899628429 6.23e-09
7456 0.051249218996283909 2.34e-09
7457 0.051249218996284061 5.9e-09
7458 0.17886733742735914 8.18e-09
7459 0.26767860546964117 1.48e-08
7460 0.051249218996284089 4.13e-09
7461 0.051249218996283923 4.8e-09
7462 0.23400567685299292 1.42e-08
7463 0.051249218996283992 3.04e-09
7464 0.051249218996284047 3.51e-09
7465 0.051249218996284013 3.06e-09
7466 0.23400567685299403 1.36e-08
7467 0.051249218996284165 7.69e-09
7468 0.051249218996283999 2.99e-09
7469 0.051249218996284492 6.02e-09
7470 0.23400567685299339 1.12e-08
7471 0.051249218996283999 4.88e-09
7472 0.051249218996283992 5.87e-09
7473 0.051249218996284117 5.12e-09
7474 0.19565212039147722 1.34e-08
7475 0.051249218996284159 5.63e-09
7476 0.051249218996283888 6.55e-09
7477 0.051249218996284131 5.07e-09
7478 0.17886733742735911 9.98e-09
7479 0.17886733742736013 1.43e-08
7480 0.051249218996284061 4.35e-09
7481 0.051249218996284068 3.69e-09
7482 0.051249218996284006 4.26e-09
7483 0.051249218996284124 3.94e-09
7484 0.23400567685299239 1.17e-08
7485 0.051249218996284193 4.7e-09
7486 0.051249218996284082 4.37e-09
7487 0.19565212039147686 1e-08
7488 0.051249218996284124 3.86e-09
7489 0.051249218996283978 2.93e-09
7490 0.051249218996284082 4.83e-09
7491 0.051249218996283992 2.96e-09
7492 0.0512492189962842 4.33e-09
7493 0.051249218996284061 3.46e-09
7494 0.051249218996284096 3.82e-09
7495 0.051249218996284152 4.45e-09
7496 0.051249218996284124 3.89e-09
7497 0.051249218996284117 4.06e-09
7498 0.051249218996284082 3.59e-09
7499 0.23400567685299256 8.31e-09
7500 0.051249218996284172 4.21e-09
7501 0.051249218996284165 4.4e-09
7502 0.051249218996284145 3.95e-09
7503 0.19565212039147711 8.08e-09
7504 0.051249218996284214 6.36e-09
7505 0.051249218996284172 4.97e-09
7506 0.19565212039147725 8.84e-09
7507 0.29414667819044638 2.08e-08
7508 0.23400567685299253 8.53e-09
7509 0.051249218996284103 4.27e-09
7510 0.29414667819029616 3.06e-08
7511 0.051249218996284034 3.38e-09
7512 0.19565212039147659 1.03e-08
7513 0.05124921899628429 4.96e-09
7514 0.051249218996284131 3.88e-09
7515 0.051249218996284089 3.63e-09
7516 0.051249218996284165 4.1e-09
7517 0.051249218996284214 4.7e-09
7518 0.051249218996284089 3.59e-09
7519 0.05124921899628402 3.26e-09
7520 0.051249218996284193 7.07e-09
7521 0.19565212039147692 1.7e-08
7522 0.051249218996284013 3.25e-09
7523 0.051249218996284297 4.8e-09
7524 0.051249218996283985 5.44e-09
7525 0.051249218996283992 3.28e-09
7526 0.23400567685299323 1.07e-08
7527 0.19565212039147695 1.11e-08
7528 0.23400567685299234 1.12e-08
7529 0.051249218996283999 5.41e-09
7530 0.05124921899628402 3.18e-09
7531 0.17886733742736069 1.1e-08
7532 0.21223225941084364 2.13e-08
7533 0.051249218996283999 4.03e-09
7534 0.051249218996284186 6.58e-09
7535 0.051249218996284089 3.55e-09
7536 0.051249218996284117 4.11e-09
7537 0.23400567685299212 6.75e-09
7538 0.19565212039147636 6.55e-09
7539 0.051249218996284138 4.05e-09
7540 0.051249218996284207 4.4e-09
7541 0.19565212039147725 9.67e-09
7542 0.051249218996284027 4.71e-09
7543 0.051249218996284242 4.52e-09
7544 0.051249218996284034 3.68e-09
7545 0.21223225941084164 3.26e-08
7546 0.051249218996284103 3.95e-09
7547 0.051249218996284124 3.82e-09
7548 0.051249218996284006 2.99e-09
7549 0.23400567685299217 7.35e-09
7550 0.051249218996283999 3e-09
7551 0.27713209377671072 1.32e-08
7552 0.051249218996284443 6.48e-09
7553 0.23400567685299559 1.29e-08
7554 0.051249218996284179 4.29e-09
7555 0.1788673374273643 1.32e-08
7556 0.051249218996284179 7.89e-09
7557 0.23400567685299239 7.58e-09
7558 0.05124921899628402 3.54e-09
7559 0.051249218996284103 3.72e-09
7560 0.051249218996284124 4.39e-09
7561 0.051249218996284075 3.83e-09
7562 0.23400567685299287 7.1e-09
7563 0.051249218996284436 8.79e-09
7564 0.051249218996284075 4.31e-09
7565 0.23400567685299214 6.95e-09
7566 0.19565212039147706 1.04e-08
7567 0.051249218996284047 3.92e-09
7568 0.051249218996284242 6.28e-09
7569 0.19565212039147714 9.11e-09
7570 0.05124921899628411 3.84e-09
7571 0.17886733742736707 1.62e-08
7572 0.051249218996284124 3.98e-09
7573 0.051249218996284027 5.36e-09
7574 0.051249218996284179 4.61e-09
7575 0.051249218996284332 7.16e-09
7576 0.051249218996284041 4.57e-09
7577 0.051249218996284242 5.62e-09
7578 0.051249218996284165 4.41e-09
7579 0.23400567685299206 6.28e-09
7580 0.23400567685299228 1.01e-08
7581 0.23400567685299314 9.25e-09
7582 0.195652120391477 7.52e-09
7583 0.051249218996284374 1.09e-08
7584 0.051249218996284117 4.42e-09
7585 0.05124921899628395 2.61e-09
7586 0.051249218996284006 5e-09
7587 0.1956521203914767 7.46e-09
7588 0.19565212039147686 1.24e-08
7589 0.051249218996284332 9.06e-09
7590 0.17886733742736122 1.06e-08
7591 0.23400567685299281 7.83e-09
7592 0.051249218996284387 8.32e-09
7593 0.051249218996284089 3.96e-09
7594 0.051249218996284138 4.58e-09
7595 0.05124921899628411 4.83e-09
7596 0.051249218996284054 3.49e-09
7597 0.051249218996284311 6.14e-09
7598 0.051249218996284249 4.51e-09
7599 0.051249218996283846 1.34e-09
7600 0.051249218996284054 3.58e-09
7601 0.051249218996284165 5.44e-09
7602 0.051249218996284172 4.79e-09
7603 0.23400567685299253 8.84e-09
7604 0.051249218996284658 1.11e-08
7605 0.051249218996284131 4.38e-09
7606 0.051249218996284547 7.23e-09
7607 0.051249218996284006 3.22e-09
7608 0.051249218996284256 5.94e-09
7609 0.23400567685299245 6.9e-09
7610 0.23400567685299503 1.2e-08
7611 0.19565212039147711 1.03e-08
7612 0.29414667819041285 1.99e-08
7613 0.26767860546962907 1.59e-08
7614 0.05124921899628427 5.48e-09
7615 0.051249218996284061 3.61e-09
7616 0.051249218996284186 4.18e-09
7617 0.23400567685299431 2.13e-08
7618 0.051249218996284159 5.39e-09
7619 0.051249218996284103 4.84e-09
7620 0.051249218996284061 3.4e-09
7621 0.051249218996284214 5.12e-09
7622 0.051249218996284034 3.52e-09
7623 0.051249218996284152 6.47e-09
7624 0.051249218996284054 3.48e-09
7625 0.23400567685299417 1.12e-08
7626 0.26767860546962574 1.27e-08
7627 0.19565212039147836 1.12e-08
7628 0.051249218996284131 5.79e-09
7629 0.051249218996284193 4.52e-09
7630 0.19565212039147681 7.28e-09
7631 0.051249218996283943 2.76e-09
7632 0.051249218996284325 4.97e-09
7633 0.051249218996284027 3.3e-09
7634 0.05124921899628411 3.97e-09
7635 0.051249218996284207 4.79e-09
7636 0.23400567685299486 1.12e-08
7637 0.051249218996284061 3.56e-09
7638 0.051249218996284165 4.5e-09
7639 0.21223225941084142 1.51e-08
7640 0.051249218996284381 5.15e-09
7641 0.051249218996283964 4.63e-09
7642 0.051249218996284165 5.17e-09
7643 0.051249218996283985 6.34e-09
7644 0.21223225941084095 2.41e-08
7645 0.051249218996283853 1.69e-09
7646 0.051249218996284041 3.33e-09
7647 0.051249218996284117 3.83e-09
7648 0.051249218996284089 3.86e-09
7649 0.051249218996284068 3.51e-09
7650 0.23400567685299226 9.04e-09
7651 0.051249218996284707 7.67e-09
7652 0.051249218996284047 3.33e-09
7653 0.19565212039147678 8.26e-09
7654 0.051249218996284027 6.53e-09
7655 0.051249218996284152 3.96e-09
7656 0.051249218996284103 3.73e-09
7657 0.051249218996284054 4.7e-09
7658 0.051249218996284165 4.34e-09
7659 0.23400567685299167 4.05e-09
7660 0.051249218996284054 3.44e-09
7661 0.05124921899628429 5.14e-09
7662 0.051249218996284165 4.17e-09
7663 0.051249218996284353 6.03e-09
7664 0.23400567685299228 1.04e-08
7665 0.051249218996284089 3.88e-09
7666 0.051249218996284096 6.66e-09
7667 0.051249218996283923 3.77e-09
7668 0.051249218996284027 3.21e-09
7669 0.23400567685299309 7.82e-09
7670 0.051249218996284013 5.21e-09
7671 0.19565212039147672 1.4e-08
7672 0.051249218996284061 7.05e-09
7673 0.23400567685299303 7.86e-09
7674 0.0512492189962842 4.29e-09
7675 0.051249218996284152 4.29e-09
7676 0.1956521203914767 7.44e-09
7677 0.051249218996284186 4.25e-09
7678 0.19565212039147692 8.83e-09
7679 0.26767860546962957 1.17e-08
7680 0.051249218996284589 7.28e-09
7681 0.051249218996284041 3.41e-09
7682 0.19565212039147703 9.67e-09
7683 0.051249218996284096 5.65e-09
7684 0.051249218996284117 3.87e-09
7685 0.051249218996283888 2.19e-09
7686 0.051249218996284221 4.69e-09
7687 0.05124921899628436 6.5e-09
7688 0.051249218996284193 4.19e-09
7689 0.051249218996284186 4.64e-09
7690 0.19565212039147636 5.43e-09
7691 0.051249218996283971 3.04e-09
7692 0.051249218996284159 5.15e-09
7693 0.23400567685299198 1.17e-08
7694 0.051249218996283999 5.77e-09
7695 0.051249218996284138 4.08e-09
7696 0.23400567685299345 1.12e-08
7697 0.051249218996283985 3.13e-09
7698 0.051249218996283957 2.78e-09
7699 0.051249218996283978 4.84e-09
7700 0.051249218996283936 8.96e-09
7701 0.17886733742735933 9.01e-09
7702 0.19565212039147706 7.93e-09
7703 0.051249218996284492 6.25e-09
7704 0.05124921899628429 4.78e-09
7705 0.05124921899628395 2.68e-09
7706 0.051249218996284214 4.63e-09
7707 0.051249218996284159 4.62e-09
7708 0.051249218996284346 6.65e-09
7709 0.051249218996284152 6.61e-09
7710 0.051249218996283874 2.01e-09
7711 0.051249218996284034 3.69e-09
7712 0.051249218996284186 4.4e-09
7713 0.051249218996284353 6.5e-09
7714 0.23400567685299431 1.76e-08
7715 0.051249218996284061 5.89e-09
7716 0.051249218996284061 4.78e-09
7717 0.17886733742736305 1.3e-08
7718 0.051249218996284193 4.24e-09
7719 0.051249218996284138 4.09e-09
7720 0.17886733742736052 1.37e-08
7721 0.1788673374273605 1.02e-08
7722 0.17886733742735994 9.27e-09
7723 0.051249218996284304 7.35e-09
7724 0.051249218996283985 4.18e-09
7725 0.051249218996284047 3.48e-09
7726 0.051249218996283978 3.15e-09
7727 0.23400567685299203 6.54e-09
7728 0.051249218996284485 6.1e-09
7729 0.051249218996284061 4.42e-09
7730 0.051249218996284082 5.23e-09
7731 0.19565212039147689 9.4e-09
7732 0.051249218996284006 3.28e-09
7733 0.051249218996284214 4.69e-09
7734 0.051249218996284047 6.64e-09
7735 0.05124921899628395 2.61e-09
7736 0.051249218996284186 4.2e-09
7737 0.23400567685299278 9.67e-09
7738 0.05124921899628402 3.2e-09
7739 0.051249218996284131 4.14e-09
7740 0.051249218996284311 5.17e-09
7741 0.051249218996284575 6.58e-09
7742 0.051249218996283992 2.95e-09
7743 0.17886733742736519 1.56e-08
7744 0.051249218996284242 4.73e-09
7745 0.051249218996284221 4.45e-09
7746 0.051249218996284054 4.11e-09
7747 0.051249218996283964 3.33e-09
7748 0.051249218996284034 6.23e-09
7749 0.051249218996283985 2.76e-09
7750 0.17886733742735894 9.76e-09
7751 0.051249218996284054 4e-09
7752 0.051249218996284256 5.05e-09
7753 0.051249218996283936 2.52e-09
7754 0.051249218996284034 3.3e-09
7755 0.051249218996284047 3.86e-09
7756 0.051249218996284068 3.52e-09
7757 0.051249218996284103 3.74e-09
7758 0.19565212039147703 8.01e-09
7759 0.051249218996284165 5.03e-09
7760 0.051249218996284235 4.58e-09
7761 0.051249218996284013 3.23e-09
7762 0.26767860546962791 1.89e-08
7763 0.19565212039147747 1.42e-08
7764 0.051249218996284103 3.71e-09
7765 0.051249218996284734 8.26e-09
7766 0.051249218996284054 3.81e-09
7767 0.051249218996284499 1.18e-08
7768 0.05124921899628429 4.86e-09
7769 0.051249218996284013 3.42e-09
7770 0.051249218996284054 3.43e-09
7771 0.051249218996284394 5.32e-09
7772 0.051249218996284117 3.79e-09
7773 0.051249218996284214 5.8e-09
7774 0.051249218996284311 5.78e-09
7775 0.05124921899628427 7.24e-09
7776 0.19565212039147667 6.87e-09
7777 0.051249218996284006 4.73e-09
7778 0.051249218996283909 2.69e-09
7779 0.23400567685299231 1.89e-08
7780 0.051249218996284207 4.45e-09
7781 0.051249218996284221 4.43e-09
7782 0.051249218996283985 4e-09
7783 0.051249218996284152 5.58e-09
7784 0.051249218996283999 3.09e-09
7785 0.051249218996284138 5.3e-09
7786 0.27713209377670989 8.85e-09
7787 0.051249218996284145 6.8e-09
7788 0.051249218996284096 3.87e-09
7789 0.17886733742735822 6.25e-09
7790 0.051249218996284186 5.31e-09
7791 0.23400567685299167 4.34e-09
7792 0.051249218996283985 9.91e-09
7793 0.27713209377670955 1.77e-08
7794 0.051249218996284054 4.1e-09
7795 0.05124921899628393 2.97e-09
7796 0.051249218996284103 5.26e-09
7797 0.051249218996284013 3.19e-09
7798 0.051249218996284159 4.14e-09
7799 0.051249218996284214 8.77e-09
7800 0.051249218996283985 2.89e-09
7801 0.17886733742735886 1.09e-08
7802 0.2619487077142853 2.39e-08
7803 0.051249218996284034 3.33e-09
7804 0.051249218996283936 2.98e-09
7805 0.051249218996283943 4.39e-09
7806 0.051249218996284061 4.08e-09
7807 0.23400567685299267 1.17e-08
7808 0.051249218996283971 2.78e-09
7809 0.19565212039147709 9.49e-09
7810 0.051249218996284013 3.18e-09
7811 0.051249218996284443 1.11e-08
7812 0.051249218996284047 3.33e-09
7813 0.051249218996284096 4.58e-09
7814 0.17886733742736022 1.01e-08
7815 0.19565212039147678 8.07e-09
7816 0.051249218996284193 8.19e-09
7817 0.17886733742735894 1.49e-08
7818 0.051249218996284006 3.41e-09
7819 0.19565212039147739 1.53e-08
7820 0.19565212039147667 8.2e-09
7821 0.17886733742736055 1.05e-08
7822 0.051249218996284041 7.11e-09
7823 0.19565212039147828 1.1e-08
7824 0.051249218996284741 1.04e-08
7825 0.051249218996284221 5.31e-09
7826 0.27713209377671028 1.16e-08
7827 0.21223225941083615 9.93e-09
7828 0.051249218996283971 2.84e-09
7829 0.051249218996284041 4.12e-09
7830 0.051249218996284214 4.65e-09
7831 0.051249218996284061 5.69e-09
7832 0.051249218996284165 4.55e-09
7833 0.051249218996284276 4.98e-09
7834 0.051249218996284041 3.46e-09
7835 0.051249218996284013 3.52e-09
7836 0.23400567685299173 4.04e-09
7837 0.19565212039147672 6.8e-09
7838 0.05124921899628427 6.15e-09
7839 0.051249218996284075 4.12e-09
7840 0.17886733742736061 1.09e-08
7841 0.17886733742735822 1.56e-08
7842 0.051249218996283971 2.89e-09
7843 0.051249218996284159 4.38e-09
7844 0.051249218996283943 2.61e-09
7845 0.19565212039147722 8.57e-09
7846 0.19565212039147642 5.3e-09
7847 0.23400567685299273 1.56e-08
7848 0.0512492189962842 4.32e-09
7849 0.051249218996284082 3.57e-09
7850 0.23400567685299231 6.21e-09
7851 0.051249218996284221 6.92e-09
7852 0.051249218996283999 3.03e-09
7853 0.051249218996284283 7.52e-09
7854 0.051249218996284145 5.29e-09
7855 0.17886733742736213 1.12e-08
7856 0.05124921899628402 3.06e-09
7857 0.051249218996284061 3.5e-09
7858 0.051249218996284339 7.76e-09
7859 0.29414667819035706 1.71e-08
7860 0.051249218996284054 3.52e-09
7861 0.23400567685299264 9.32e-09
7862 0.051249218996284401 6.45e-09
7863 0.051249218996284228 6.73e-09
7864 0.05124921899628386 5.37e-09
7865 0.051249218996284339 5.02e-09
7866 0.051249218996284082 4.28e-09
7867 0.19565212039147786 1.27e-08
7868 0.19565212039147675 7.74e-09
7869 0.23400567685299314 8.12e-09
7870 0.05124921899628393 2.45e-09
7871 0.19565212039147642 5.62e-09
7872 0.051249218996284242 5.95e-09
7873 0.23400567685299195 5.47e-09
7874 0.051249218996284041 4.06e-09
7875 0.051249218996283999 3.15e-09
7876 0.051249218996284464 6.57e-09
7877 0.27713209377670905 6.63e-09
7878 0.051249218996284152 5.75e-09
7879 0.051249218996284159 4.31e-09
7880 0.051249218996284082 3.48e-09
7881 0.051249218996283936 2.56e-09
7882 0.19565212039147786 1e-08
7883 0.27713209377670994 9.18e-09
7884 0.051249218996284512 7.81e-09
7885 0.26767860546964384 2.48e-08
7886 0.051249218996284117 6.67e-09
7887 0.051249218996284082 5.98e-09
7888 0.051249218996284138 3.97e-09
7889 0.23400567685299209 7.96e-09
7890 0.05124921899628427 6.38e-09
7891 0.051249218996283964 2.67e-09
7892 0.17886733742736069 9.27e-09
7893 0.051249218996284172 4.14e-09
7894 0.051249218996284214 7.95e-09
7895 0.19565212039147653 1.23e-08
7896 0.23400567685299245 1.52e-08
7897 0.26194870771428286 1.39e-08
7898 0.051249218996283999 3.57e-09
7899 0.051249218996283985 2.95e-09
7900 0.051249218996284041 6.38e-09
7901 0.05124921899628402 3.62e-09
7902 0.051249218996284068 3.73e-09
7903 0.23400567685299295 8.74e-09
7904 0.051249218996284124 4.31e-09
7905 0.17886733742735925 8.29e-09
7906 0.19565212039147697 8.72e-09
7907 0.26194870771428236 1.6e-08
7908 0.051249218996284047 5.62e-09
7909 0.051249218996283943 3.28e-09
7910 0.17886733742736233 1.6e-08
7911 0.051249218996284075 3.62e-09
7912 0.195652120391477 9.44e-09
7913 0.05124921899628395 2.67e-09
7914 0.23400567685299434 1.14e-08
7915 0.051249218996283999 7.37e-09
7916 0.051249218996283936 2.52e-09
7917 0.051249218996284103 6.22e-09
7918 0.19565212039147722 1.24e-08
7919 0.051249218996284214 5.04e-09
7920 0.23400567685299409 1.31e-08
7921 0.051249218996284381 5.23e-09
7922 0.051249218996284075 6e-09
7923 0.051249218996284131 8.87e-09
7924 0.051249218996284117 4.1e-09
7925 0.23400567685299328 2.1e-08
7926 0.23400567685299298 1.11e-08
7927 0.051249218996284145 6.53e-09
7928 0.19565212039147648 7.76e-09
7929 0.051249218996284075 3.6e-09
7930 0.051249218996284061 4.77e-09
7931 0.051249218996284082 4.97e-09
7932 0.051249218996284214 4.44e-09
7933 0.051249218996284394 6.26e-09
7934 0.19565212039147709 7.86e-09
7935 0.23400567685299301 1.97e-08
7936 0.051249218996284159 4.02e-09
7937 0.051249218996284047 3.26e-09
7938 0.051249218996284013 3.31e-09
7939 0.051249218996284325 5.02e-09
7940 0.051249218996284075 3.53e-09
7941 0.05124921899628393 2.69e-09
7942 0.051249218996284346 5.71e-09
7943 0.051249218996283992 2.97e-09
7944 0.23400567685299178 5.06e-09
7945 0.051249218996283985 3.55e-09
7946 0.051249218996284297 7.36e-09
7947 0.17886733742736252 1.37e-08
7948 0.23400567685299278 7.56e-09
7949 0.051249218996284096 4.11e-09
7950 0.19565212039147709 8.15e-09
7951 0.051249218996284207 6.32e-09
7952 0.051249218996283985 3.52e-09
7953 0.051249218996283978 2.87e-09
7954 0.051249218996284159 7.08e-09
7955 0.05124921899628395 5.49e-09
7956 0.051249218996283964 5.51e-09
7957 0.05124921899628411 4.04e-09
7958 0.05124921899628411 3.88e-09
7959 0.19565212039147661 9.23e-09
7960 0.17886733742736052 9.08e-09
7961 0.05124921899628427 4.78e-09
7962 0.051249218996284152 4.93e-09
7963 0.23400567685299303 8.59e-09
7964 0.051249218996284152 4.26e-09
7965 0.19565212039147736 1.19e-08
7966 0.051249218996284068 3.83e-09
7967 0.051249218996283971 3.99e-09
7968 0.051249218996284235 5.19e-09
7969 0.051249218996284047 3.3e-09
7970 0.051249218996284159 8.05e-09
7971 0.051249218996284193 4.43e-09
7972 0.051249218996284242 4.58e-09
7973 0.051249218996284165 4.08e-09
7974 0.23400567685299206 7.58e-09
7975 0.19565212039147725 1.09e-08
7976 0.051249218996283978 2.97e-09
7977 0.051249218996284145 4.02e-09
7978 0.19565212039147648 6.91e-09
7979 0.051249218996284013 1.05e-08
7980 0.051249218996284096 4.15e-09
7981 0.051249218996283971 4.48e-09
7982 0.19565212039147709 8.14e-09
7983 0.23400567685299206 5.97e-09
7984 0.05124921899628402 4.18e-09
7985 0.051249218996284013 3.05e-09
7986 0.051249218996283902 2.34e-09
7987 0.23400567685299203 7.66e-09
7988 0.23400567685299278 9.01e-09
7989 0.051249218996284068 4.46e-09
7990 0.051249218996284165 4.38e-09
7991 0.051249218996284061 4.02e-09
7992 0.19565212039147686 8.34e-09
7993 0.051249218996283971 2.76e-09
7994 0.051249218996284041 3.32e-09
7995 0.051249218996284221 6.91e-09
7996 0.051249218996284041 3.37e-09
7997 0.051249218996284096 4.25e-09
7998 0.19565212039147759 2.12e-08
7999 0.051249218996283985 2.81e-09
8000 0.17886733742735872 9.08e-09
8001 0.051249218996284179 5.35e-09
8002 0.051249218996284034 5.77e-09
8003 0.051249218996284117 3.81e-09
8004 0.051249218996283964 2.8e-09
8005 0.051249218996284165 4.54e-09
8006 0.051249218996283909 2.18e-09
8007 0.051249218996284103 3.66e-09
8008 0.05124921899628395 4.2e-09
8009 0.17886733742736236 1.46e-08
8010 0.29414667819045975 2.63e-08
8011 0.0512492189962842 5.27e-09
8012 0.23400567685299314 9.63e-09
8013 0.051249218996284221 4.72e-09
8014 0.19565212039147678 1.43e-08
8015 0.051249218996284027 3.42e-09
8016 0.19565212039147678 7.41e-09
8017 0.23400567685299292 1.34e-08
8018 0.051249218996283971 3.81e-09
8019 0.23400567685299276 1.07e-08
8020 0.051249218996284041 3.78e-09
8021 0.26194870771427869 1.31e-08
8022 0.051249218996283978 3.64e-09
8023 0.051249218996283985 4.11e-09
8024 0.051249218996284013 3.47e-09
8025 0.051249218996284381 6.16e-09
8026 0.23400567685299192 8.02e-09
8027 0.051249218996284193 4.33e-09
8028 0.051249218996284089 3.92e-09
8029 0.051249218996283957 5.85e-09
8030 0.051249218996284075 4.22e-09
8031 0.051249218996284374 5.82e-09
8032 0.051249218996284165 4.12e-09
8033 0.051249218996284013 2.91e-09
8034 0.051249218996284131 4.12e-09
8035 0.051249218996283957 3.01e-09
8036 0.051249218996284138 4.69e-09
8037 0.19565212039147636 5.15e-09
8038 0.051249218996284186 4.29e-09
8039 0.19565212039147684 7.14e-09
8040 0.051249218996284034 3.32e-09
8041 0.051249218996283985 3.34e-09
8042 0.051249218996284117 3.77e-09
8043 0.051249218996284013 3.43e-09
8044 0.051249218996284027 3.3e-09
8045 0.1788673374273595 9.41e-09
8046 0.051249218996283943 2.68e-09
8047 0.05124921899628393 4.03e-09
8048 0.051249218996284013 3.76e-09
8049 0.051249218996284172 3.99e-09
8050 0.051249218996284096 3.64e-09
8051 0.23400567685299398 1.19e-08
8052 0.051249218996284332 5.45e-09
8053 0.19565212039147775 1.12e-08
8054 0.23400567685299251 8.15e-09
8055 0.051249218996284124 5.55e-09
8056 0.051249218996284075 3.49e-09
8057 0.051249218996284207 6.88e-09
8058 0.051249218996283943 8.03e-09
8059 0.051249218996284485 5.65e-09
8060 0.1956521203914767 7.38e-09
8061 0.17886733742736199 1.6e-08
8062 0.051249218996284054 4.11e-09
8063 0.23400567685299242 1.06e-08
8064 0.051249218996284041 3.4e-09
8065 0.05124921899628427 6.33e-09
8066 0.23400567685299306 1.37e-08
8067 0.051249218996283985 2.94e-09
8068 0.051249218996283992 2.9e-09
8069 0.051249218996284068 3.55e-09
8070 0.19565212039147653 5.78e-09
8071 0.19565212039147695 7.71e-09
8072 0.051249218996283971 2.89e-09
8073 0.195652120391477 8.05e-09
8074 0.051249218996284367 5.13e-09
8075 0.19565212039147645 6.3e-09
8076 0.2676786054696228 1.08e-08
8077 0.23400567685299353 9e-09
8078 0.051249218996284096 3.72e-09
8079 0.051249218996284249 4.6e-09
8080 0.051249218996284221 4.61e-09
8081 0.051249218996284096 4.9e-09
8082 0.23400567685299198 6.08e-09
8083 0.051249218996284186 4.45e-09
8084 0.051249218996284304 4.82e-09
8085 0.051249218996283957 3.2e-09
8086 0.19565212039147797 1.03e-08
8087 0.051249218996284068 6.99e-09
8088 0.051249218996284242 8.83e-09
8089 0.051249218996284082 5.22e-09
8090 0.29414667819027601 1.8e-08
8091 0.051249218996284027 4.25e-09
8092 0.23400567685299309 8.74e-09
8093 0.051249218996283999 3.17e-09
8094 0.051249218996283902 2.21e-09
8095 0.051249218996284027 3.53e-09
8096 0.051249218996284145 3.98e-09
8097 0.051249218996283964 3.01e-09
8098 0.23400567685299689 1.43e-08
8099 0.21223225941084517 1.61e-08
8100 0.051249218996284138 4.19e-09
8101 0.19565212039147709 8.95e-09
8102 0.19565212039147695 8.79e-09
8103 0.051249218996284103 3.76e-09
8104 0.051249218996284047 3.63e-09
8105 0.051249218996284138 4.41e-09
8106 0.051249218996283999 2.98e-09
8107 0.051249218996284172 4.11e-09
8108 0.195652120391477 8.63e-09
8109 0.051249218996284165 4.52e-09
8110 0.051249218996283978 4.44e-09
8111 0.17886733742736238 1.13e-08
8112 0.051249218996284047 3.84e-09
8113 0.05124921899628393 2.3e-09
8114 0.0512492189962842 4.59e-09
8115 0.051249218996284006 3.06e-09
8116 0.051249218996284006 3.33e-09
8117 0.051249218996284387 5.52e-09
8118 0.051249218996284075 4.95e-09
8119 0.23400567685299395 1.17e-08
8120 0.05124921899628411 6.99e-09
8121 0.051249218996283971 4.5e-09
8122 0.051249218996284304 7.2e-09
8123 0.17886733742735836 1.45e-08
8124 0.051249218996284124 4.24e-09
8125 0.051249218996284027 4.42e-09
8126 0.051249218996284297 4.9e-09
8127 0.051249218996284179 5.14e-09
8128 0.051249218996284096 5.94e-09
8129 0.26194870771428047 1.86e-08
8130 0.051249218996284068 4.82e-09
8131 0.051249218996284068 3.74e-09
8132 0.051249218996284075 5.11e-09
8133 0.05124921899628395 2.71e-09
8134 0.23400567685299573 1.26e-08
8135 0.051249218996284172 5.02e-09
8136 0.051249218996283978 4.72e-09
8137 0.05124921899628411 4.19e-09
8138 0.051249218996283957 3.87e-09
8139 0.195652120391477 1.26e-08
8140 0.051249218996284075 3.61e-09
8141 0.051249218996284027 4.25e-09
8142 0.051249218996283978 2.85e-09
8143 0.051249218996284165 4.16e-09
8144 0.1788673374273588 9.56e-09
8145 0.19565212039147742 1.25e-08
8146 0.051249218996284117 3.92e-09
8147 0.051249218996284054 4.52e-09
8148 0.17886733742736044 1.09e-08
8149 0.051249218996284013 3.29e-09
8150 0.051249218996284228 4.48e-09
8151 0.05124921899628402 3.13e-09
8152 0.051249218996284159 4.25e-09
8153 0.051249218996284422 6.31e-09
8154 0.051249218996284075 3.68e-09
8155 0.051249218996284047 4.01e-09
8156 0.051249218996284138 4.2e-09
8157 0.051249218996283999 3.47e-09
8158 0.051249218996284041 6.84e-09
8159 0.23400567685299323 9.74e-09
8160 0.051249218996284311 5.63e-09
8161 0.051249218996284131 4.03e-09
8162 0.051249218996284075 3.52e-09
8163 0.051249218996284159 5.99e-09
8164 0.17886733742735828 7.79e-09
8165 0.051249218996284568 6.37e-09
8166 0.23400567685299212 1.65e-08
8167 0.051249218996283992 3.05e-09
8168 0.05124921899628402 6.58e-09
8169 0.23400567685299503 1.59e-08
8170 0.051249218996284013 3.12e-09
8171 0.051249218996284221 4.85e-09
8172 0.19565212039147742 9.58e-09
8173 0.051249218996284172 4.82e-09
8174 0.27713209377670933 1.02e-08
8175 0.051249218996284499 5.73e-09
8176 0.051249218996283992 3.29e-09
8177 0.051249218996284374 5.8e-09
8178 0.23400567685299245 1.33e-08
8179 0.05124921899628427 4.99e-09
8180 0.051249218996284172 4.35e-09
8181 0.051249218996284131 5.38e-09
8182 0.051249218996284103 4.7e-09
8183 0.051249218996284138 3.91e-09
8184 0.05124921899628395 2.83e-09
8185 0.19565212039147731 8.36e-09
8186 0.051249218996284041 3.68e-09
8187 0.051249218996284124 3.96e-09
8188 0.051249218996283902 3.27e-09
8189 0.21223225941085769 2.28e-08
8190 0.051249218996283943 2.66e-09
8191 0.19565212039147753 9.21e-09
8192 0.051249218996284034 3.54e-09
8193 0.051249218996284054 4.09e-09
8194 0.051249218996284089 3.64e-09
8195 0.051249218996284082 3.89e-09
8196 0.051249218996284381 5.49e-09
8197 0.1788673374273628 1.25e-08
8198 0.051249218996284089 4.14e-09
8199 0.051249218996283957 5.47e-09
8200 0.17886733742736188 1.3e-08
8201 0.051249218996284145 8.33e-09
8202 0.19565212039147659 7.18e-09
8203 0.051249218996284332 7.7e-09
8204 0.051249218996284041 3.57e-09
8205 0.051249218996283978 3.2e-09
8206 0.19565212039147753 1.29e-08
8207 0.21223225941083379 6.44e-09
8208 0.19565212039147833 1.3e-08
8209 0.051249218996284006 4.67e-09
8210 0.051249218996283916 6.2e-09
8211 0.051249218996284228 5.1e-09
8212 0.051249218996284172 4.18e-09
8213 0.29414667819041668 2.2e-08
8214 0.051249218996284006 7.97e-09
8215 0.051249218996284512 6.49e-09
8216 0.051249218996283964 3.02e-09
8217 0.051249218996284013 3.2e-09
8218 0.051249218996284145 4.01e-09
8219 0.051249218996284325 5.09e-09
8220 0.051249218996284117 5.08e-09
8221 0.05124921899628395 3.64e-09
8222 0.051249218996284138 3.92e-09
8223 0.051249218996284103 5.32e-09
8224 0.051249218996283999 2.99e-09
8225 0.051249218996283902 2.7e-09
8226 0.051249218996284297 5.17e-09
8227 0.051249218996284152 4.46e-09
8228 0.051249218996284152 5.86e-09
8229 0.19565212039147709 1.88e-08
8230 0.05124921899628402 3.25e-09
8231 0.051249218996283992 3.04e-09
8232 0.19565212039147711 8.15e-09
8233 0.19565212039147675 8.19e-09
8234 0.051249218996284068 3.62e-09
8235 0.17886733742735816 8.58e-09
8236 0.19565212039147656 6.91e-09
8237 0.051249218996284304 5.33e-09
8238 0.17886733742735883 9.95e-09
8239 0.051249218996284096 3.75e-09
8240 0.051249218996284006 2.97e-09
8241 0.051249218996283902 2.98e-09
8242 0.051249218996284089 4.42e-09
8243 0.2340056768529935 1.02e-08
8244 0.051249218996283923 4.39e-09
8245 0.051249218996284464 7.21e-09
8246 0.051249218996284124 5.5e-09
8247 0.05124921899628395 2.87e-09
8248 0.17886733742735869 9.71e-09
8249 0.2340056768529932 2.5e-08
8250 0.23400567685299223 9.68e-09
8251 0.051249218996284061 3.44e-09
8252 0.23400567685299309 7.97e-09
8253 0.17886733742735986 9.35e-09
8254 0.051249218996284006 3.95e-09
8255 0.051249218996284131 3.98e-09
8256 0.19565212039147664 9.07e-09
8257 0.051249218996284013 3.37e-09
8258 0.051249218996283943 3.47e-09
8259 0.051249218996284138 3.9e-09
8260 0.19565212039147709 9.09e-09
8261 0.05124921899628402 3.2e-09
8262 0.19565212039147664 6.4e-09
8263 0.195652120391477 9.24e-09
8264 0.051249218996284242 4.55e-09
8265 0.051249218996284117 3.87e-09
8266 0.051249218996283992 2.87e-09
8267 0.23400567685299428 1.12e-08
8268 0.051249218996284276 8.11e-09
8269 0.23400567685299278 7.32e-09
8270 0.051249218996283943 2.71e-09
8271 0.051249218996284027 3.17e-09
8272 0.17886733742735983 9.2e-09
8273 0.05124921899628427 4.69e-09
8274 0.19565212039147645 6.83e-09
8275 0.23400567685299226 6.8e-09
8276 0.051249218996284006 5.41e-09
8277 0.05124921899628427 4.68e-09
8278 0.051249218996284325 5.24e-09
8279 0.051249218996284387 8.27e-09
8280 0.17886733742735883 7.73e-09
8281 0.051249218996284103 3.71e-09
8282 0.23400567685299178 7.48e-09
8283 0.051249218996284145 4.12e-09
8284 0.051249218996283895 3.55e-09
8285 0.051249218996284256 5.72e-09
8286 0.051249218996283999 4.11e-09
8287 0.051249218996284152 4.44e-09
8288 0.051249218996283902 2.22e-09
8289 0.26194870771428103 1.16e-08
8290 0.19565212039147678 7.53e-09
8291 0.19565212039147664 6.48e-09
8292 0.051249218996284075 3.6e-09
8293 0.23400567685299969 2e-08
8294 0.051249218996284075 3.72e-09
8295 0.19565212039147656 7.46e-09
8296 0.051249218996284235 4.51e-09
8297 0.051249218996284318 5.63e-09
8298 0.051249218996283916 4.61e-09
8299 0.195652120391477 7.87e-09
8300 0.051249218996284006 6.36e-09
8301 0.178867337427361 1.44e-08
8302 0.051249218996284061 3.52e-09
8303 0.051249218996284276 4.94e-09
8304 0.051249218996284117 4.62e-09
8305 0.051249218996284061 3.59e-09
8306 0.051249218996283978 3e-09
8307 0.21223225941083448 7.92e-09
8308 0.051249218996284082 6.81e-09
8309 0.051249218996284096 3.75e-09
8310 0.051249218996284165 4.11e-09
8311 0.051249218996284297 9.59e-09
8312 0.051249218996284283 9.95e-09
8313 0.051249218996284061 3.56e-09
8314 0.051249218996284124 4.38e-09
8315 0.05124921899628402 3.28e-09
8316 0.29414667819026147 2.36e-08
8317 0.23400567685299262 6.86e-09
8318 0.3700591145351329 1.36e-08
8319 0.17886733742736283 1.21e-08
8320 0.27713209377670966 1.35e-08
8321 0.17886733742736599 1.65e-08
8322 0.23400567685299439 1.66e-08
8323 0.051249218996284214 4.79e-09
8324 0.23400567685299203 1.68e-08
8325 0.051249218996284131 4e-09
8326 0.051249218996284034 3.36e-09
8327 0.17886733742735975 8.66e-09
8328 0.051249218996284075 4.2e-09
8329 0.19565212039147786 1.26e-08
8330 0.051249218996284061 5.54e-09
8331 0.19565212039147667 9.28e-09
8332 0.051249218996284054 3.5e-09
8333 0.051249218996284027 3.56e-09
8334 0.051249218996284318 6.06e-09
8335 0.051249218996283992 2.96e-09
8336 0.0512492189962842 4.69e-09
8337 0.051249218996284047 3.34e-09
8338 0.19565212039147664 1.28e-08
8339 0.051249218996284207 4.33e-09
8340 0.051249218996283943 2.94e-09
8341 0.23400567685299464 1.16e-08
8342 0.051249218996283978 3.29e-09
8343 0.051249218996284186 4.25e-09
8344 0.17886733742736174 2.12e-08
8345 0.051249218996284159 9.3e-09
8346 0.051249218996283971 2.75e-09
8347 0.051249218996284138 4.73e-09
8348 0.23400567685299214 6.93e-09
8349 0.051249218996284047 3.35e-09
8350 0.17886733742735836 1.12e-08
8351 0.051249218996284179 4.27e-09
8352 0.051249218996284013 3.38e-09
8353 0.05124921899628411 4.41e-09
8354 0.05124921899628395 2.45e-09
8355 0.23400567685299217 6.84e-09
8356 0.051249218996284304 4.79e-09
8357 0.1956521203914765 5.81e-09
8358 0.23400567685299453 1.17e-08
8359 0.051249218996283978 4.6e-09
8360 0.051249218996284047 3.95e-09
8361 0.051249218996283985 7.53e-09
8362 0.051249218996284283 4.99e-09
8363 0.23400567685299287 9.38e-09
8364 0.051249218996284242 8.41e-09
8365 0.19565212039147611 4.11e-09
8366 0.051249218996284096 3.71e-09
8367 0.051249218996283985 5.09e-09
8368 0.051249218996284124 4.66e-09
8369 0.051249218996284228 4.45e-09
8370 0.05124921899628402 3.9e-09
8371 0.051249218996284276 7.56e-09
8372 0.17886733742735986 1.46e-08
8373 0.051249218996284138 5.04e-09
8374 0.23400567685299378 1.4e-08
8375 0.19565212039147653 7.79e-09
8376 0.17886733742736205 1.25e-08
8377 0.051249218996284179 5.58e-09
8378 0.051249218996284013 3.41e-09
8379 0.051249218996284207 5.71e-09
8380 0.051249218996284027 3.49e-09
8381 0.051249218996284047 3.61e-09
8382 0.27713209377670894 1.11e-08
8383 0.051249218996284207 5.13e-09
8384 0.05124921899628427 4.82e-09
8385 0.05124921899628393 2.59e-09
8386 0.051249218996284138 6.27e-09
8387 0.051249218996284276 4.72e-09
8388 0.051249218996284054 7.08e-09
8389 0.051249218996284061 5.59e-09
8390 0.051249218996284214 4.64e-09
8391 0.051249218996284117 4.31e-09
8392 0.051249218996284256 4.75e-09
8393 0.051249218996284034 3.17e-09
8394 0.051249218996284103 3.83e-09
8395 0.051249218996284103 3.78e-09
8396 0.051249218996283978 2.78e-09
8397 0.051249218996284047 3.68e-09
8398 0.051249218996284179 4.22e-09
8399 0.2619487077142772 9.63e-09
8400 0.051249218996284075 4.4e-09
8401 0.051249218996284152 6.05e-09
8402 0.051249218996284117 3.91e-09
8403 0.17886733742735947 9.01e-09
8404 0.051249218996284068 3.45e-09
8405 0.17886733742736272 1.18e-08
8406 0.051249218996284006 3.15e-09
8407 0.051249218996284235 4.7e-09
8408 0.23400567685299276 7.06e-09
8409 0.17886733742735939 1.63e-08
8410 0.23400567685299206 6.27e-09
8411 0.17886733742736663 2.1e-08
8412 0.051249218996284152 4.42e-09
8413 0.051249218996283943 2.94e-09
8414 0.051249218996284179 4.2e-09
8415 0.19565212039147639 5.13e-09
8416 0.26194870771428869 1.94e-08
8417 0.051249218996284054 4.8e-09
8418 0.05124921899628411 4.7e-09
8419 0.051249218996284394 7.79e-09
8420 0.19565212039147661 6.05e-09
8421 0.051249218996284172 4.17e-09
8422 0.051249218996284027 4.78e-09
8423 0.23400567685299165 4.16e-09
8424 0.051249218996283985 2.92e-09
8425 0.051249218996284159 9.94e-09
8426 0.051249218996284152 3.94e-09
8427 0.051249218996284054 3.42e-09
8428 0.23400567685299162 3.7e-09
8429 0.19565212039147706 1.08e-08
8430 0.051249218996283964 2.76e-09
8431 0.051249218996284214 4.49e-09
8432 0.27713209377671028 1.17e-08
8433 0.051249218996284027 3.26e-09
8434 0.19565212039147697 7.99e-09
8435 0.051249218996284006 4.09e-09
8436 0.19565212039147736 1.06e-08
8437 0.05124921899628402 3.13e-09
8438 0.051249218996283964 2.58e-09
8439 0.19565212039147656 7.32e-09
8440 0.051249218996283957 4.76e-09
8441 0.051249218996284145 4.35e-09
8442 0.051249218996284353 6.35e-09
8443 0.051249218996283985 3.72e-09
8444 0.051249218996284103 3.83e-09
8445 0.051249218996284117 3.8e-09
8446 0.051249218996284075 4.33e-09
8447 0.17886733742735925 7.15e-09
8448 0.051249218996284096 4.49e-09
8449 0.051249218996284387 5.23e-09
8450 0.051249218996284249 4.94e-09
8451 0.051249218996284124 3.95e-09
8452 0.19565212039147806 1.77e-08
8453 0.051249218996284034 3.64e-09
8454 0.051249218996284186 5.36e-09
8455 0.051249218996284061 4.24e-09
8456 0.051249218996284075 3.62e-09
8457 0.051249218996284068 4.04e-09
8458 0.051249218996284131 6.96e-09
8459 0.1956521203914767 7.14e-09
8460 0.051249218996284159 6.01e-09
8461 0.17886733742735886 1.58e-08
8462 0.051249218996284242 4.57e-09
8463 0.051249218996283971 3.2e-09
8464 0.051249218996284041 4.63e-09
8465 0.051249218996283957 2.86e-09
8466 0.051249218996284027 3.13e-09
8467 0.23400567685299217 1.22e-08
8468 0.0512492189962842 4.91e-09
8469 0.051249218996284103 4.53e-09
8470 0.19565212039147781 1.16e-08
8471 0.17886733742736033 1.02e-08
8472 0.051249218996284159 4.41e-09
8473 0.23400567685299195 5.96e-09
8474 0.051249218996284589 6.06e-09
8475 0.23400567685299387 1.24e-08
8476 0.17886733742736249 1.17e-08
8477 0.051249218996283971 2.78e-09
8478 0.051249218996284186 5.06e-09
8479 0.19565212039147686 1.17e-08
8480 0.051249218996284179 4.29e-09
8481 0.051249218996284047 3.59e-09
8482 0.051249218996284367 5.78e-09
8483 0.26767860546963779 1.61e-08
8484 0.051249218996283957 2.96e-09
8485 0.19565212039147664 7.55e-09
8486 0.051249218996284159 4.26e-09
8487 0.23400567685299303 1.07e-08
8488 0.277132093776709 6.65e-09
8489 0.051249218996284006 3.33e-09
8490 0.051249218996284096 3.86e-09
8491 0.19565212039147664 1.24e-08
8492 0.23400567685299334 1.23e-08
8493 0.051249218996283923 2.46e-09
8494 0.051249218996283957 5.47e-09
8495 0.0512492189962842 6.89e-09
8496 0.17886733742735914 2.13e-08
8497 0.051249218996283985 3.37e-09
8498 0.051249218996284006 3.06e-09
8499 0.051249218996284526 7.4e-09
8500 0.051249218996284276 6.16e-09
8501 0.051249218996284263 4.72e-09
8502 0.051249218996284131 3.95e-09
8503 0.051249218996284096 6.31e-09
8504 0.23400567685299359 1.29e-08
8505 0.23400567685299392 1.59e-08
8506 0.051249218996284124 4.19e-09
8507 0.051249218996284041 3.48e-09
8508 0.051249218996284332 5.49e-09
8509 0.051249218996284103 7.58e-09
8510 0.23400567685299237 1.41e-08
8511 0.051249218996284089 4.24e-09
8512 0.19565212039147817 1.39e-08
8513 0.051249218996284006 3.24e-09
8514 0.051249218996284186 4.78e-09
8515 0.23400567685299212 6.51e-09
8516 0.19565212039147695 7.48e-09
8517 0.051249218996284283 5.13e-09
8518 0.23400567685299559 1.97e-08
8519 0.23400567685299264 8.85e-09
8520 0.051249218996284061 4.09e-09
8521 0.17886733742735772 1.03e-08
8522 0.051249218996284089 4.18e-09
8523 0.23400567685299228 6.86e-09
8524 0.051249218996284054 3.49e-09
8525 0.051249218996284047 3.4e-09
8526 0.051249218996283985 3.05e-09
8527 0.051249218996284013 4.19e-09
8528 0.051249218996284054 3.54e-09
8529 0.051249218996284034 4.03e-09
8530 0.051249218996284283 7.75e-09
8531 0.23400567685299276 1.36e-08
8532 0.23400567685299278 1.09e-08
8533 0.051249218996283936 3.03e-09
8534 0.05124921899628402 3.14e-09
8535 0.23400567685299309 8.4e-09
8536 0.17886733742735958 1.12e-08
8537 0.17886733742736385 1.67e-08
8538 0.051249218996284381 6.6e-09
8539 0.27713209377670922 1.1e-08
8540 0.17886733742735816 8.31e-09
8541 0.23400567685299259 9.12e-09
8542 0.27713209377670966 1.73e-08
8543 0.051249218996284165 4.44e-09
8544 0.051249218996283964 2.72e-09
8545 0.051249218996284089 3.64e-09
8546 0.19565212039147731 1.14e-08
8547 0.29414667819028384 2.14e-08
8548 0.051249218996284089 3.7e-09
8549 0.051249218996284464 6.38e-09
8550 0.051249218996284339 5.31e-09
8551 0.051249218996284013 3.35e-09
8552 0.051249218996284034 4.58e-09
8553 0.051249218996284172 4.16e-09
8554 0.051249218996283923 2.46e-09
8555 0.051249218996284179 5.08e-09
8556 0.23400567685299226 8.64e-09
8557 0.051249218996284145 4.79e-09
8558 0.19565212039147745 1.18e-08
8559 0.051249218996284374 5.15e-09
8560 0.051249218996284103 4.65e-09
8561 0.21223225941084115 1.4e-08
8562 0.051249218996284117 4.56e-09
8563 0.17886733742736088 1.25e-08
8564 0.23400567685299523 1.72e-08
8565 0.05124921899628395 2.59e-09
8566 0.23400567685299339 1.14e-08
8567 0.051249218996284068 7.39e-09
8568 0.051249218996284089 4.16e-09
8569 0.051249218996283964 2.82e-09
8570 0.051249218996283978 4.18e-09
8571 0.23400567685299392 9.56e-09
8572 0.051249218996284152 7.07e-09
8573 0.051249218996284124 4.64e-09
8574 0.051249218996283923 2.55e-09
8575 0.23400567685299223 7.34e-09
8576 0.051249218996284054 3.48e-09
8577 0.23400567685299264 1.06e-08
8578 0.051249218996284041 3.38e-09
8579 0.051249218996284096 4.14e-09
8580 0.051249218996284124 4.74e-09
8581 0.051249218996284283 4.8e-09
8582 0.051249218996284075 3.71e-09
8583 0.051249218996284152 5.93e-09
8584 0.0512492189962842 5.79e-09
8585 0.19565212039147631 6.11e-09
8586 0.051249218996283936 2.6e-09
8587 0.19565212039147903 1.38e-08
8588 0.051249218996284089 4.17e-09
8589 0.23400567685299531 1.22e-08
8590 0.19565212039147661 6.45e-09
8591 0.17886733742735783 9.74e-09
8592 0.051249218996284034 5.27e-09
8593 0.051249218996283985 3.8e-09
8594 0.19565212039147778 1.34e-08
8595 0.051249218996284193 4.66e-09
8596 0.051249218996284054 4.73e-09
8597 0.051249218996284061 3.69e-09
8598 0.23400567685299317 8.96e-09
8599 0.051249218996284332 5.27e-09
8600 0.051249218996284207 4.41e-09
8601 0.17886733742736444 1.53e-08
8602 0.26194870771428697 2.63e-08
8603 0.23400567685299339 1.31e-08
8604 0.051249218996284283 5.09e-09
8605 0.051249218996284332 1.11e-08
8606 0.051249218996284006 3.1e-09
8607 0.051249218996284145 3.99e-09
8608 0.051249218996284304 8.46e-09
8609 0.19565212039147775 1.04e-08
8610 0.23400567685299234 7.42e-09
8611 0.17886733742735805 7.21e-09
8612 0.26767860546962891 1.39e-08
8613 0.17886733742736541 2.62e-08
8614 0.051249218996284186 5.58e-09
8615 0.051249218996283978 3.22e-09
8616 0.051249218996284249 4.57e-09
8617 0.051249218996284256 4.96e-09
8618 0.23400567685299289 8.32e-09
8619 0.26194870771428147 1.31e-08
8620 0.051249218996284159 4.32e-09
8621 0.23400567685299201 9.05e-09
8622 0.051249218996284304 4.86e-09
8623 0.05124921899628411 5.77e-09
8624 0.23400567685299373 1.03e-08
8625 0.23400567685299242 8.61e-09
8626 0.051249218996284096 5.05e-09
8627 0.051249218996284041 3.32e-09
8628 0.19565212039147667 7.25e-09
8629 0.23400567685299206 1.03e-08
8630 0.051249218996284082 6.78e-09
8631 0.051249218996284186 4.44e-09
8632 0.051249218996284117 7.95e-09
8633 0.051249218996284096 5e-09
8634 0.051249218996284089 3.73e-09
8635 0.19565212039147659 8.27e-09
8636 0.051249218996283999 3.93e-09
8637 0.051249218996284089 4.75e-09
8638 0.051249218996284159 6.42e-09
8639 0.051249218996284499 6.56e-09
8640 0.19565212039147728 1.19e-08
8641 0.23400567685299226 6.29e-09
8642 0.27713209377670983 1.04e-08
8643 0.051249218996284172 9.07e-09
8644 0.05124921899628395 2.59e-09
8645 0.051249218996284082 7.53e-09
8646 0.29414667819031365 2.03e-08
8647 0.051249218996284089 3.62e-09
8648 0.05124921899628393 2.76e-09
8649 0.19565212039147725 8.4e-09
8650 0.23400567685299214 1.37e-08
8651 0.051249218996284145 5.11e-09
8652 0.19565212039147656 8.07e-09
8653 0.051249218996284013 3.2e-09
8654 0.051249218996284145 4.07e-09
8655 0.051249218996284686 6.84e-09
8656 0.1956521203914765 6.95e-09
8657 0.051249218996284131 8.46e-09
8658 0.051249218996284131 4.27e-09
8659 0.051249218996284068 7.33e-09
8660 0.051249218996284519 7.92e-09
8661 0.17886733742735933 8.96e-09
8662 0.17886733742735889 8.7e-09
8663 0.051249218996283888 2.02e-09
8664 0.051249218996284061 3.61e-09
8665 0.051249218996284082 4.91e-09
8666 0.051249218996284089 3.9e-09
8667 0.05124921899628402 3.31e-09
8668 0.051249218996283971 4.95e-09
8669 0.051249218996284159 4.45e-09
8670 0.051249218996284027 3.39e-09
8671 0.19565212039147686 1.43e-08
8672 0.051249218996284054 5.15e-09
8673 0.17886733742736169 1.06e-08
8674 0.051249218996283895 2.2e-09
8675 0.051249218996284311 5.13e-09
8676 0.19565212039147709 8.53e-09
8677 0.051249218996284374 5.22e-09
8678 0.051249218996284193 5.92e-09
8679 0.23400567685299298 1.46e-08
8680 0.051249218996284061 3.39e-09
8681 0.19565212039147636 1.02e-08
8682 0.051249218996283909 2.18e-09
8683 0.051249218996283971 3.16e-09
8684 0.051249218996284221 4.41e-09
8685 0.051249218996284131 5.06e-09
8686 0.051249218996283943 8.33e-09
8687 0.051249218996284047 3.33e-09
8688 0.19565212039147628 9.71e-09
8689 0.23400567685299326 9.23e-09
8690 0.051249218996284117 3.77e-09
8691 0.19565212039147648 6.03e-09
8692 0.23400567685299353 1.08e-08
8693 0.05124921899628427 8.33e-09
8694 0.051249218996284374 7.1e-09
8695 0.051249218996284068 3.64e-09
8696 0.051249218996284408 6.34e-09
8697 0.051249218996283971 4.41e-09
8698 0.19565212039147814 1.72e-08
8699 0.051249218996283992 4.53e-09
8700 0.17886733742736105 9.8e-09
8701 0.051249218996284034 3.77e-09
8702 0.05124921899628411 4.51e-09
8703 0.051249218996284159 3.97e-09
8704 0.051249218996284068 3.77e-09
8705 0.051249218996284519 6.65e-09
8706 0.051249218996284068 5.36e-09
8707 0.234005676852994 1.69e-08
8708 0.23400567685299298 1.06e-08
8709 0.051249218996284276 4.68e-09
8710 0.23400567685299223 9.18e-09
8711 0.05124921899628427 7.97e-09
8712 0.2340056768529932 9.27e-09
8713 0.051249218996283902 2.25e-09
8714 0.17886733742735791 1.17e-08
8715 0.051249218996284054 3.43e-09
8716 0.051249218996284249 6.26e-09
8717 0.051249218996283971 2.71e-09
8718 0.051249218996284297 4.88e-09
8719 0.23400567685299217 7.97e-09
8720 0.0512492189962842 4.38e-09
8721 0.051249218996284034 5.91e-09
8722 0.23400567685299442 1.42e-08
8723 0.051249218996283992 3.73e-09
8724 0.05124921899628395 2.56e-09
8725 0.051249218996284165 4.97e-09
8726 0.051249218996284047 4.42e-09
8727 0.051249218996283985 3.05e-09
8728 0.19565212039147686 1.17e-08
8729 0.2122322594108414 1.49e-08
8730 0.17886733742736291 1.38e-08
8731 0.051249218996284172 4.25e-09
8732 0.051249218996284152 4.24e-09
8733 0.051249218996284082 3.48e-09
8734 0.051249218996284075 3.71e-09
8735 0.051249218996284145 4.72e-09
8736 0.23400567685299203 6.71e-09
8737 0.051249218996284075 4.05e-09
8738 0.051249218996284054 6.71e-09
8739 0.051249218996283999 3.04e-09
8740 0.23400567685299201 8.27e-09
8741 0.27713209377670922 8.41e-09
8742 0.051249218996284034 3.29e-09
8743 0.051249218996283971 3.94e-09
8744 0.051249218996284145 3.93e-09
8745 0.051249218996284006 3.45e-09
8746 0.051249218996284006 5.06e-09
8747 0.051249218996284165 4.14e-09
8748 0.051249218996284256 5.99e-09
8749 0.23400567685299178 5.27e-09
8750 0.051249218996284394 7.06e-09
8751 0.051249218996284103 4.54e-09
8752 0.051249218996284387 5.17e-09
8753 0.051249218996283971 2.89e-09
8754 0.051249218996284075 3.74e-09
8755 0.051249218996284145 4.03e-09
8756 0.19565212039147775 1.06e-08
8757 0.051249218996284075 4.28e-09
8758 0.051249218996283978 2.91e-09
8759 0.051249218996284054 3.35e-09
8760 0.17886733742736219 1.26e-08
8761 0.05124921899628402 3.23e-09
8762 0.051249218996283923 3.58e-09
8763 0.19565212039147753 1.01e-08
8764 0.051249218996284034 3.64e-09
8765 0.051249218996284415 5.45e-09
8766 0.051249218996284263 4.58e-09
8767 0.051249218996284214 4.99e-09
8768 0.05124921899628427 1.04e-08
8769 0.051249218996284089 3.67e-09
8770 0.051249218996284145 3.99e-09
8771 0.051249218996284034 3.33e-09
8772 0.19565212039147703 9.82e-09
8773 0.23400567685299359 9.76e-09
8774 0.051249218996284457 5.58e-09
8775 0.051249218996284047 3.33e-09
8776 0.051249218996284138 6.7e-09
8777 0.051249218996284096 4.23e-09
8778 0.051249218996284276 4.75e-09
8779 0.17886733742735755 6.58e-09
8780 0.19565212039147781 9.79e-09
8781 0.23400567685299364 1.19e-08
8782 0.23400567685299251 1.68e-08
8783 0.17886733742735908 1.2e-08
8784 0.051249218996284047 3.58e-09
8785 0.051249218996284117 3.89e-09
8786 0.051249218996284207 9.47e-09
8787 0.17886733742736305 1.41e-08
8788 0.17886733742735972 1.55e-08
8789 0.17886733742736313 1.7e-08
8790 0.051249218996284186 4.63e-09
8791 0.051249218996284256 4.62e-09
8792 0.051249218996284172 4.06e-09
8793 0.051249218996284054 6.56e-09
8794 0.051249218996284089 4.25e-09
8795 0.051249218996284068 3.6e-09
8796 0.051249218996284061 4.61e-09
8797 0.23400567685299414 1.13e-08
8798 0.051249218996283992 3.09e-09
8799 0.051249218996284193 4.27e-09
8800 0.051249218996284207 5.88e-09
8801 0.051249218996284478 5.6e-09
8802 0.05124921899628395 7.96e-09
8803 0.051249218996284103 3.78e-09
8804 0.051249218996284006 4.51e-09
8805 0.051249218996284214 6.3e-09
8806 0.051249218996284131 3.88e-09
8807 0.051249218996284603 6.13e-09
8808 0.051249218996283999 5.08e-09
8809 0.23400567685299267 7.92e-09
8810 0.19565212039147631 5.32e-09
8811 0.23400567685299506 1.18e-08
8812 0.051249218996284041 7.03e-09
8813 0.051249218996284096 4.69e-09
8814 0.051249218996284374 1.21e-08
8815 0.051249218996284339 5.56e-09
8816 0.05124921899628395 7.36e-09
8817 0.051249218996283992 3.52e-09
8818 0.21223225941084331 1.6e-08
8819 0.051249218996284047 3.45e-09
8820 0.051249218996283978 3.68e-09
8821 0.051249218996283992 8.22e-09
8822 0.051249218996284068 3.76e-09
8823 0.2340056768529942 1.05e-08
8824 0.26194870771428447 2.46e-08
8825 0.051249218996284006 3.25e-09
8826 0.19565212039147725 8.18e-09
8827 0.051249218996284096 5.01e-09
8828 0.051249218996284152 4.07e-09
8829 0.19565212039147672 6.96e-09
8830 0.19565212039147736 9.82e-09
8831 0.051249218996284159 4.11e-09
8832 0.051249218996284096 5.5e-09
8833 0.051249218996284172 4.2e-09
8834 0.051249218996283895 1.85e-09
8835 0.05124921899628411 7.17e-09
8836 0.051249218996284172 4.19e-09
8837 0.051249218996284263 4.8e-09
8838 0.0512492189962842 8.17e-09
8839 0.051249218996284089 3.65e-09
8840 0.05124921899628402 6.12e-09
8841 0.19565212039147681 6.98e-09
8842 0.051249218996284193 5.95e-09
8843 0.051249218996284075 4.28e-09
8844 0.051249218996284103 3.72e-09
8845 0.051249218996283978 2.81e-09
8846 0.051249218996284034 3.25e-09
8847 0.23400567685299281 9.3e-09
8848 0.051249218996284061 3.54e-09
8849 0.05124921899628395 2.85e-09
8850 0.051249218996284047 3.63e-09
8851 0.051249218996283902 2.2e-09
8852 0.051249218996284131 3.99e-09
8853 0.05124921899628427 4.88e-09
8854 0.051249218996284103 4.14e-09
8855 0.051249218996284013 8.55e-09
8856 0.051249218996284221 5.5e-09
8857 0.051249218996284054 3.74e-09
8858 0.051249218996284318 4.87e-09
8859 0.21223225941083604 9.12e-09
8860 0.17886733742735944 7.71e-09
8861 0.051249218996284061 7.12e-09
8862 0.051249218996284311 9.01e-09
8863 0.051249218996284457 1.11e-08
8864 0.23400567685299312 8.58e-09
8865 0.19565212039147697 7.77e-09
8866 0.33888848476465055 2.1e-08
8867 0.051249218996284047 3.54e-09
8868 0.051249218996284124 5.6e-09
8869 0.051249218996284103 6.32e-09
8870 0.051249218996284186 4.53e-09
8871 0.051249218996284145 5.04e-09
8872 0.05124921899628395 2.97e-09
8873 0.051249218996284006 3.23e-09
8874 0.051249218996284131 6.65e-09
8875 0.051249218996284179 5.94e-09
8876 0.23400567685299237 8e-09
8877 0.17886733742735927 1.3e-08
8878 0.19565212039147747 1.04e-08
8879 0.051249218996284103 5.55e-09
8880 0.051249218996283957 4.44e-09
8881 0.23400567685299359 9.69e-09
8882 0.051249218996284047 3.59e-09
8883 0.19565212039147825 1.38e-08
8884 0.294146678190296 2.89e-08
8885 0.051249218996284242 4.76e-09
8886 0.19565212039147717 1.47e-08
8887 0.051249218996283999 2.98e-09
8888 0.051249218996284408 5.58e-09
8889 0.051249218996284172 6.27e-09
8890 0.051249218996283999 3.43e-09
8891 0.051249218996284263 4.7e-09
8892 0.051249218996284179 4.24e-09
8893 0.051249218996284068 5.81e-09
8894 0.2340056768529919 5.42e-09
8895 0.051249218996284367 5.65e-09
8896 0.051249218996283881 1.82e-09
8897 0.051249218996284263 5.23e-09
8898 0.051249218996284068 3.48e-09
8899 0.051249218996284082 3.64e-09
8900 0.051249218996284131 3.92e-09
8901 0.051249218996284096 3.85e-09
8902 0.19565212039147639 1.08e-08
8903 0.051249218996283943 2.52e-09
8904 0.051249218996283992 3.02e-09
8905 0.26194870771427803 1.72e-08
8906 0.19565212039147692 8.95e-09
8907 0.19565212039147839 1.76e-08
8908 0.051249218996284082 7.93e-09
8909 0.051249218996284006 3.09e-09
8910 0.19565212039147659 6.8e-09
8911 0.051249218996284256 4.79e-09
8912 0.051249218996284117 4.5e-09
8913 0.051249218996284075 3.96e-09
8914 0.051249218996284159 4.09e-09
8915 0.051249218996283999 3e-09
8916 0.051249218996284228 7.38e-09
8917 0.051249218996284075 3.92e-09
8918 0.23400567685299256 1.39e-08
8919 0.051249218996283957 2.75e-09
8920 0.051249218996283839 4.45e-09
8921 0.051249218996283916 2.22e-09
8922 0.19565212039147731 1.03e-08
8923 0.051249218996284422 6.15e-09
8924 0.051249218996284138 4.02e-09
8925 0.05124921899628445 6.41e-09
8926 0.051249218996283978 2.89e-09
8927 0.051249218996284242 6.67e-09
8928 0.051249218996284089 7.12e-09
8929 0.051249218996284082 3.66e-09
8930 0.051249218996284075 3.88e-09
8931 0.051249218996284068 3.93e-09
8932 0.19565212039147706 8.98e-09
8933 0.19565212039147792 1.08e-08
8934 0.34159213938513433 2.15e-08
8935 0.051249218996283923 3.04e-09
8936 0.05124921899628427 5.69e-09
8937 0.051249218996284124 3.79e-09
8938 0.051249218996284304 5.13e-09
8939 0.051249218996284117 6.31e-09
8940 0.05124921899628402 2.99e-09
8941 0.05124921899628411 4.24e-09
8942 0.051249218996284047 4.12e-09
8943 0.051249218996284013 6.75e-09
8944 0.051249218996284089 3.99e-09
8945 0.19565212039147692 1.59e-08
8946 0.19565212039147731 1.01e-08
8947 0.051249218996284068 3.85e-09
8948 0.051249218996284353 5.54e-09
8949 0.051249218996284221 4.44e-09
8950 0.23400567685299273 7.74e-09
8951 0.051249218996283881 4.34e-09
8952 0.051249218996284214 5.49e-09
8953 0.051249218996284138 7.84e-09
8954 0.051249218996284068 3.64e-09
8955 0.051249218996284054 5.48e-09
8956 0.051249218996284165 4.12e-09
8957 0.17886733742735905 8.29e-09
8958 0.051249218996284034 3.34e-09
8959 0.23400567685299242 7.81e-09
8960 0.051249218996284041 3.35e-09
8961 0.051249218996284159 4.47e-09
8962 0.051249218996284089 3.86e-09
8963 0.23400567685299303 8.36e-09
8964 0.051249218996284256 8.32e-09
8965 0.19565212039147678 7.87e-09
8966 0.051249218996284117 4.96e-09
8967 0.051249218996284006 3.18e-09
8968 0.051249218996284256 4.82e-09
8969 0.051249218996283964 2.85e-09
8970 0.27713209377670989 1.41e-08
8971 0.051249218996284103 3.95e-09
8972 0.0512492189962842 4.36e-09
8973 0.19565212039147814 1.09e-08
8974 0.051249218996284401 6.22e-09
8975 0.05124921899628411 7.84e-09
8976 0.051249218996283985 5e-09
8977 0.26767860546962408 1.14e-08
8978 0.051249218996284068 4.28e-09
8979 0.05124921899628429 8.28e-09
8980 0.23400567685299267 7.52e-09
8981 0.051249218996284124 4.16e-09
8982 0.051249218996284179 4.21e-09
8983 0.051249218996284228 4.78e-09
8984 0.051249218996284089 3.63e-09
8985 0.19565212039147648 6.9e-09
8986 0.051249218996284172 4.1e-09
8987 0.19565212039147931 1.33e-08
8988 0.051249218996284041 3.64e-09
8989 0.051249218996284096 4.15e-09
8990 0.23400567685299251 6.96e-09
8991 0.051249218996284186 4.84e-09
8992 0.17886733742735811 7.89e-09
8993 0.05124921899628411 4.53e-09
8994 0.051249218996284172 4.15e-09
8995 0.19565212039147681 7.01e-09
8996 0.051249218996284027 3.14e-09
8997 0.051249218996284075 3.54e-09
8998 0.051249218996284124 4.53e-09
8999 0.23400567685299423 1.48e-08
9000 0.051249218996284193 4.31e-09
9001 0.051249218996283985 5.12e-09
9002 0.21223225941083462 1.05e-08
9003 0.051249218996284082 3.63e-09
9004 0.051249218996284145 3.99e-09
9005 0.051249218996284131 5.28e-09
9006 0.1956521203914765 7.68e-09
9007 0.19565212039147606 5.15e-09
9008 0.17886733742735941 8.71e-09
9009 0.051249218996284145 4.27e-09
9010 0.051249218996284082 3.65e-09
9011 0.19565212039147661 7.49e-09
9012 0.26194870771428574 1.51e-08
9013 0.051249218996284186 5.71e-09
9014 0.051249218996284061 3.55e-09
9015 0.23400567685299356 1.06e-08
9016 0.05124921899628402 3.16e-09
9017 0.23400567685299434 1.21e-08
9018 0.23400567685299237 8.22e-09
9019 0.23400567685299456 1.1e-08
9020 0.051249218996284103 3.71e-09
9021 0.05124921899628454 7.22e-09
9022 0.051249218996284054 5.39e-09
9023 0.051249218996284422 6.33e-09
9024 0.051249218996284505 7.78e-09
9025 0.05124921899628402 8.42e-09
9026 0.29414667819029483 4.43e-08
9027 0.23400567685299414 1.13e-08
9028 0.29414667819033735 2.2e-08
9029 0.051249218996284075 3.62e-09
9030 0.051249218996284096 3.83e-09
9031 0.051249218996284436 5.53e-09
9032 0.051249218996284554 5.97e-09
9033 0.051249218996284096 5.65e-09
9034 0.051249218996284256 4.83e-09
9035 0.051249218996284054 3.42e-09
9036 0.051249218996284145 3.97e-09
9037 0.051249218996283943 2.67e-09
9038 0.051249218996284068 3.78e-09
9039 0.051249218996284138 4.11e-09
9040 0.051249218996284263 5.34e-09
9041 0.051249218996284041 3.36e-09
9042 0.05124921899628402 3.14e-09
9043 0.051249218996284297 6.89e-09
9044 0.051249218996284061 3.51e-09
9045 0.051249218996284207 4.67e-09
9046 0.23400567685299264 7.94e-09
9047 0.051249218996284082 8.59e-09
9048 0.051249218996284214 4.32e-09
9049 0.051249218996284006 3.08e-09
9050 0.26194870771428308 1.32e-08
9051 0.051249218996284332 7.61e-09
9052 0.17886733742735969 9.55e-09
9053 0.051249218996284207 5.04e-09
9054 0.051249218996283971 7.19e-09
9055 0.051249218996283957 5.52e-09
9056 0.051249218996284297 5.47e-09
9057 0.051249218996284054 3.68e-09
9058 0.051249218996284256 5.16e-09
9059 0.051249218996283978 2.87e-09
9060 0.051249218996284068 3.58e-09
9061 0.19565212039147742 1e-08
9062 0.19565212039147681 7.07e-09
9063 0.26767860546962863 1.19e-08
9064 0.051249218996284006 4.57e-09
9065 0.051249218996284242 7.46e-09
9066 0.051249218996284256 4.56e-09
9067 0.051249218996284193 4.26e-09
9068 0.051249218996283992 3.16e-09
9069 0.19565212039147714 1.37e-08
9070 0.051249218996284221 4.49e-09
9071 0.19565212039147747 1.22e-08
9072 0.051249218996284207 4.43e-09
9073 0.051249218996284089 3.64e-09
9074 0.23400567685299239 8.31e-09
9075 0.051249218996284124 4.46e-09
9076 0.051249218996284041 4.65e-09
9077 0.17886733742736133 1.02e-08
9078 0.19565212039147734 9.88e-09
9079 0.19565212039147684 8.02e-09
9080 0.051249218996283985 3.06e-09
9081 0.19565212039147747 1.01e-08
9082 0.051249218996284034 6.98e-09
9083 0.051249218996284054 3.67e-09
9084 0.051249218996284186 7.33e-09
9085 0.051249218996284075 3.9e-09
9086 0.051249218996284117 8.34e-09
9087 0.051249218996284401 7.47e-09
9088 0.051249218996283971 2.82e-09
9089 0.19565212039147709 2.34e-08
9090 0.051249218996284242 6.57e-09
9091 0.19565212039147697 8.61e-09
9092 0.051249218996283992 3.11e-09
9093 0.051249218996283999 3.37e-09
9094 0.19565212039147753 1.07e-08
9095 0.051249218996284145 4.05e-09
9096 0.23400567685299287 8.03e-09
9097 0.051249218996284124 6e-09
9098 0.051249218996284457 5.84e-09
9099 0.051249218996284047 3.4e-09
9100 0.051249218996284103 3.77e-09
9101 0.051249218996284061 3.66e-09
9102 0.051249218996284152 3.93e-09
9103 0.051249218996283999 3.36e-09
9104 0.27713209377670961 1.56e-08
9105 0.051249218996283923 2.36e-09
9106 0.051249218996284096 1.1e-08
9107 0.051249218996283971 3.86e-09
9108 0.051249218996284047 3.41e-09
9109 0.051249218996284228 4.87e-09
9110 0.051249218996284068 3.54e-09
9111 0.051249218996284256 4.55e-09
9112 0.051249218996284124 4.7e-09
9113 0.19565212039147695 8.01e-09
9114 0.051249218996284145 4.45e-09
9115 0.051249218996284082 5.58e-09
9116 0.051249218996284145 4.02e-09
9117 0.051249218996283943 2.54e-09
9118 0.26194870771428208 1.38e-08
9119 0.051249218996284145 4.12e-09
9120 0.05124921899628402 5.65e-09
9121 0.051249218996283992 5.14e-09
9122 0.051249218996284054 3.5e-09
9123 0.051249218996284096 7.7e-09
9124 0.051249218996284283 7.42e-09
9125 0.23400567685299289 9.74e-09
9126 0.051249218996284013 3.75e-09
9127 0.051249218996284159 5.67e-09
9128 0.051249218996284089 3.57e-09
9129 0.051249218996284131 4.33e-09
9130 0.051249218996284027 3.63e-09
9131 0.051249218996283916 4.7e-09
9132 0.051249218996283999 2.99e-09
9133 0.19565212039147742 1.23e-08
9134 0.23400567685299373 9.21e-09
9135 0.05124921899628411 3.79e-09
9136 0.051249218996284124 3.94e-09
9137 0.051249218996284089 3.74e-09
9138 0.19565212039147678 6.61e-09
9139 0.051249218996284235 5e-09
9140 0.23400567685299217 6.69e-09
9141 0.17886733742736502 2.06e-08
9142 0.051249218996283964 2.78e-09
9143 0.23400567685299239 7.71e-09
9144 0.051249218996283978 4.39e-09
9145 0.051249218996284075 8.41e-09
9146 0.051249218996283999 4.17e-09
9147 0.051249218996284047 3.32e-09
9148 0.05124921899628402 3.13e-09
9149 0.051249218996284054 4.72e-09
9150 0.051249218996284117 3.78e-09
9151 0.051249218996283992 3.26e-09
9152 0.23400567685299287 1.86e-08
9153 0.051249218996284179 4.46e-09
9154 0.19565212039147753 1.01e-08
9155 0.19565212039147661 6.99e-09
9156 0.0512492189962842 4.96e-09
9157 0.051249218996284047 5.27e-09
9158 0.051249218996284027 3.29e-09
9159 0.051249218996284193 6.43e-09
9160 0.051249218996284172 4.19e-09
9161 0.051249218996284179 4.47e-09
9162 0.051249218996284041 6.66e-09
9163 0.051249218996284214 4.44e-09
9164 0.05124921899628411 3.98e-09
9165 0.051249218996284138 4.9e-09
9166 0.051249218996283999 2.98e-09
9167 0.051249218996284138 5.22e-09
9168 0.051249218996284075 6.78e-09
9169 0.051249218996284179 4.83e-09
9170 0.051249218996284242 4.58e-09
9171 0.051249218996283999 2.9e-09
9172 0.051249218996283971 2.84e-09
9173 0.051249218996284318 5.22e-09
9174 0.23400567685299184 1.39e-08
9175 0.051249218996284061 3.69e-09
9176 0.051249218996284186 5.17e-09
9177 0.051249218996284138 4.26e-09
9178 0.051249218996284304 6.4e-09
9179 0.051249218996284512 6.15e-09
9180 0.051249218996284263 4.91e-09
9181 0.051249218996284131 4.27e-09
9182 0.051249218996284159 4.13e-09
9183 0.051249218996284117 4.33e-09
9184 0.051249218996284505 7.99e-09
9185 0.051249218996284152 4.8e-09
9186 0.051249218996284041 3.3e-09
9187 0.051249218996284186 4.28e-09
9188 0.05124921899628402 3.26e-09
9189 0.23400567685299359 1.06e-08
9190 0.051249218996284124 4.28e-09
9191 0.051249218996283957 2.8e-09
9192 0.05124921899628411 3.92e-09
9193 0.051249218996283978 5.09e-09
9194 0.051249218996284117 4.07e-09
9195 0.051249218996284339 5.57e-09
9196 0.051249218996284006 4.63e-09
9197 0.051249218996284054 3.41e-09
9198 0.051249218996284165 4.08e-09
9199 0.051249218996283978 3.86e-09
9200 0.051249218996284096 9.51e-09
9201 0.051249218996284193 4.2e-09
9202 0.051249218996284054 3.38e-09
9203 0.19565212039147686 7.37e-09
9204 0.051249218996284068 3.53e-09
9205 0.17886733742736172 1.39e-08
9206 0.23400567685299201 5.81e-09
9207 0.051249218996283936 2.64e-09
9208 0.19565212039147639 6.04e-09
9209 0.051249218996284047 3.33e-09
9210 0.26194870771428008 1.2e-08
9211 0.051249218996284061 3.56e-09
9212 0.26194870771428064 1.15e-08
9213 0.051249218996284367 5.6e-09
9214 0.051249218996284214 4.64e-09
9215 0.051249218996284041 5.98e-09
9216 0.051249218996284401 8.53e-09
9217 0.051249218996284075 8.96e-09
9218 0.051249218996284061 4.31e-09
9219 0.051249218996283999 2.96e-09
9220 0.051249218996284027 3.56e-09
9221 0.051249218996284304 7.99e-09
9222 0.051249218996284041 3.66e-09
9223 0.051249218996284263 9.25e-09
9224 0.23400567685299367 9.32e-09
9225 0.27713209377670894 5.64e-09
9226 0.051249218996284096 4.73e-09
9227 0.051249218996283957 2.57e-09
9228 0.23400567685299353 1.35e-08
9229 0.23400567685299187 8.66e-09
9230 0.19565212039147689 7.93e-09
9231 0.2340056768529932 8.97e-09
9232 0.051249218996284041 3.31e-09
9233 0.051249218996284041 3.41e-09
9234 0.05124921899628402 6.71e-09
9235 0.051249218996284089 3.95e-09
9236 0.051249218996284193 4.45e-09
9237 0.051249218996284041 3.7e-09
9238 0.051249218996283971 4.31e-09
9239 0.17886733742736233 1.37e-08
9240 0.051249218996284082 3.79e-09
9241 0.051249218996283999 3.07e-09
9242 0.051249218996284027 3.21e-09
9243 0.051249218996284096 3.8e-09
9244 0.051249218996284131 4.59e-09
9245 0.21223225941083473 8.31e-09
9246 0.051249218996284159 4.11e-09
9247 0.051249218996284013 3.12e-09
9248 0.23400567685299309 7.88e-09
9249 0.19565212039147678 1.05e-08
9250 0.051249218996284207 8.48e-09
9251 0.19565212039147745 1.62e-08
9252 0.23400567685299364 1.97e-08
9253 0.051249218996284034 6.49e-09
9254 0.051249218996284165 4.15e-09
9255 0.05124921899628395 2.56e-09
9256 0.19565212039147775 1.01e-08
9257 0.051249218996284124 3.93e-09
9258 0.051249218996283999 3.14e-09
9259 0.051249218996284068 5.5e-09
9260 0.051249218996284103 4.05e-09
9261 0.051249218996283902 4.53e-09
9262 0.17886733742735889 1.08e-08
9263 0.051249218996284068 3.67e-09
9264 0.051249218996283957 2.91e-09
9265 0.23400567685299503 1.26e-08
9266 0.23400567685299295 1.73e-08
9267 0.23400567685299262 9.37e-09
9268 0.051249218996284152 5.28e-09
9269 0.051249218996283916 3.35e-09
9270 0.051249218996284311 4.99e-09
9271 0.19565212039147764 9.91e-09
9272 0.051249218996284089 3.95e-09
9273 0.051249218996284089 5.05e-09
9274 0.051249218996284061 3.98e-09
9275 0.051249218996284193 6.07e-09
9276 0.051249218996283999 3.12e-09
9277 0.05124921899628429 7.22e-09
9278 0.051249218996284117 4.04e-09
9279 0.051249218996284054 3.71e-09
9280 0.051249218996284152 4.31e-09
9281 0.051249218996283999 3.08e-09
9282 0.23400567685299209 8.49e-09
9283 0.051249218996284027 5.93e-09
9284 0.051249218996284138 7.21e-09
9285 0.23400567685299217 6.96e-09
9286 0.051249218996284034 3.52e-09
9287 0.23400567685299484 1.12e-08
9288 0.2340056768529919 4.93e-09
9289 0.17886733742735897 1.09e-08
9290 0.051249218996284165 4.42e-09
9291 0.051249218996284061 3.52e-09
9292 0.23400567685299345 8.89e-09
9293 0.19565212039147692 1.24e-08
9294 0.051249218996284054 3.8e-09
9295 0.05124921899628402 3.04e-09
9296 0.05124921899628393 4.88e-09
9297 0.051249218996284207 6.42e-09
9298 0.051249218996284089 3.58e-09
9299 0.051249218996284214 4.44e-09
9300 0.051249218996284159 5.12e-09
9301 0.051249218996284381 8.81e-09
9302 0.051249218996284103 4.6e-09
9303 0.23400567685299228 9.91e-09
9304 0.051249218996284082 3.92e-09
9305 0.051249218996284047 3.41e-09
9306 0.051249218996284103 9.31e-09
9307 0.21223225941084431 2.33e-08
9308 0.051249218996284047 3.32e-09
9309 0.23400567685299256 1.26e-08
9310 0.05124921899628402 3.22e-09
9311 0.051249218996284124 3.87e-09
9312 0.17886733742735927 8.85e-09
9313 0.051249218996284061 3.44e-09
9314 0.051249218996284519 7.52e-09
9315 0.051249218996284041 3.63e-09
9316 0.051249218996284013 3.23e-09
9317 0.051249218996284186 5.3e-09
9318 0.26194870771427964 1.28e-08
9319 0.23400567685299228 1.36e-08
9320 0.17886733742735875 8.78e-09
9321 0.051249218996284235 4.49e-09
9322 0.051249218996284249 7.81e-09
9323 0.19565212039147648 6.25e-09
9324 0.051249218996284054 3.64e-09
9325 0.051249218996284089 3.79e-09
9326 0.051249218996284221 5.78e-09
9327 0.051249218996284103 4.33e-09
9328 0.17886733742735855 9.27e-09
9329 0.051249218996284103 6.28e-09
9330 0.05124921899628454 6.07e-09
9331 0.051249218996284054 5.51e-09
9332 0.051249218996283999 3.49e-09
9333 0.051249218996284207 4.98e-09
9334 0.051249218996284485 7.18e-09
9335 0.23400567685299284 1.3e-08
9336 0.051249218996284041 4.04e-09
9337 0.051249218996284165 6.75e-09
9338 0.051249218996284207 5.96e-09
9339 0.051249218996284311 4.99e-09
9340 0.19565212039147759 9.21e-09
9341 0.051249218996284034 8.88e-09
9342 0.19565212039147845 1.65e-08
9343 0.21223225941083396 7.41e-09
9344 0.051249218996284117 4.11e-09
9345 0.051249218996284283 4.82e-09
9346 0.051249218996284027 3.86e-09
9347 0.26767860546964178 1.57e-08
9348 0.051249218996284207 6.34e-09
9349 0.19565212039147689 1.94e-08
9350 0.1956521203914765 6.78e-09
9351 0.051249218996284193 4.39e-09
9352 0.17886733742735808 1.08e-08
9353 0.051249218996284089 3.63e-09
9354 0.051249218996284235 4.52e-09
9355 0.051249218996284242 1.04e-08
9356 0.051249218996284061 3.46e-09
9357 0.051249218996284054 4.82e-09
9358 0.051249218996284207 4.78e-09
9359 0.26767860546963179 1.55e-08
9360 0.26194870771428036 1.38e-08
9361 0.051249218996284131 3.96e-09
9362 0.05124921899628402 4.46e-09
9363 0.051249218996284159 4.78e-09
9364 0.05124921899628395 2.73e-09
9365 0.051249218996283992 4.62e-09
9366 0.051249218996284103 5.36e-09
9367 0.19565212039147789 1.17e-08
9368 0.051249218996284047 4.7e-09
9369 0.23400567685299181 4.92e-09
9370 0.051249218996283957 2.82e-09
9371 0.051249218996284145 4.08e-09
9372 0.051249218996284152 3.91e-09
9373 0.051249218996284041 3.35e-09
9374 0.19565212039147634 5.62e-09
9375 0.051249218996284117 4.47e-09
9376 0.26194870771428103 1.21e-08
9377 0.051249218996283985 3.07e-09
9378 0.051249218996284228 4.77e-09
9379 0.051249218996284068 7.72e-09
9380 0.051249218996284103 4.11e-09
9381 0.051249218996284027 4.85e-09
9382 0.051249218996284235 5.01e-09
9383 0.051249218996284089 3.63e-09
9384 0.051249218996284263 9.16e-09
9385 0.19565212039147706 8.89e-09
9386 0.23400567685299212 8.2e-09
9387 0.051249218996284082 6.01e-09
9388 0.05124921899628402 6.7e-09
9389 0.051249218996284124 3.79e-09
9390 0.051249218996284047 3.51e-09
9391 0.051249218996284041 4.87e-09
9392 0.23400567685299281 9.57e-09
9393 0.23400567685299628 1.47e-08
9394 0.05124921899628395 2.61e-09
9395 0.051249218996283957 3.5e-09
9396 0.05124921899628402 4.78e-09
9397 0.19565212039147756 1.33e-08
9398 0.051249218996284054 3.66e-09
9399 0.051249218996283943 2.42e-09
9400 0.051249218996283936 2.6e-09
9401 0.051249218996284159 8.06e-09
9402 0.051249218996284256 5.19e-09
9403 0.051249218996284193 4.29e-09
9404 0.051249218996284179 4.19e-09
9405 0.051249218996284311 4.87e-09
9406 0.051249218996284082 5.18e-09
9407 0.17886733742736188 1.22e-08
9408 0.05124921899628411 3.82e-09
9409 0.051249218996284117 4.11e-09
9410 0.051249218996284138 4.01e-09
9411 0.051249218996284297 5.2e-09
9412 0.051249218996284159 4.08e-09
9413 0.051249218996284249 4.51e-09
9414 0.051249218996284013 3.26e-09
9415 0.1788673374273613 1.56e-08
9416 0.23400567685299314 7.8e-09
9417 0.051249218996283978 3.97e-09
9418 0.051249218996284283 4.76e-09
9419 0.051249218996284082 3.78e-09
9420 0.17886733742735769 6.12e-09
9421 0.23400567685299231 6.04e-09
9422 0.051249218996284276 1.18e-08
9423 0.051249218996284041 6.19e-09
9424 0.0512492189962842 4.7e-09
9425 0.051249218996284082 3.65e-09
9426 0.051249218996284061 4.7e-09
9427 0.29414667819034757 2.15e-08
9428 0.23400567685299239 1.65e-08
9429 0.051249218996284214 4.32e-09
9430 0.051249218996283992 4.29e-09
9431 0.051249218996284478 6.75e-09
9432 0.051249218996284436 6.25e-09
9433 0.051249218996283888 2.02e-09
9434 0.17886733742735844 1.02e-08
9435 0.051249218996283909 6e-09
9436 0.051249218996284117 3.91e-09
9437 0.19565212039147897 1.79e-08
9438 0.051249218996284117 3.84e-09
9439 0.051249218996284047 4.52e-09
9440 0.051249218996284047 5.48e-09
9441 0.051249218996284381 5.21e-09
9442 0.051249218996284061 3.61e-09
9443 0.23400567685299209 6.38e-09
9444 0.2619487077142823 1.27e-08
9445 0.23400567685299201 6.37e-09
9446 0.051249218996284138 6.69e-09
9447 0.17886733742736238 1.14e-08
9448 0.051249218996284013 3.97e-09
9449 0.17886733742735914 1.03e-08
9450 0.23400567685299242 6.47e-09
9451 0.051249218996284027 4.12e-09
9452 0.051249218996284006 3.04e-09
9453 0.27713209377671 1.23e-08
9454 0.051249218996284089 4.13e-09
9455 0.051249218996284152 4.34e-09
9456 0.051249218996284124 5.74e-09
9457 0.051249218996284332 5e-09
9458 0.05124921899628402 3.18e-09
9459 0.051249218996284082 4.2e-09
9460 0.19565212039147695 8.38e-09
9461 0.29414667819038498 2.1e-08
9462 0.2340056768529922 9.07e-09
9463 0.051249218996284061 3.68e-09
9464 0.051249218996284165 4.94e-09
9465 0.23400567685299389 9.7e-09
9466 0.19565212039147623 5.42e-09
9467 0.051249218996283978 3.31e-09
9468 0.21223225941084228 1.7e-08
9469 0.051249218996284152 5.41e-09
9470 0.17886733742735897 8.16e-09
9471 0.42600224759536287 2.58e-08
9472 0.19565212039147675 1.08e-08
9473 0.23400567685299323 8.56e-09
9474 0.17886733742735966 9.32e-09
9475 0.051249218996283978 3.58e-09
9476 0.051249218996284165 4e-09
9477 0.23400567685299228 8.96e-09
9478 0.051249218996283943 2.62e-09
9479 0.19565212039147678 9.15e-09
9480 0.27713209377670933 8.76e-09
9481 0.051249218996284082 5.92e-09
9482 0.1956521203914775 1.01e-08
9483 0.05124921899628445 7.26e-09
9484 0.051249218996284061 3.55e-09
9485 0.051249218996283985 5.56e-09
9486 0.051249218996284027 4.07e-09
9487 0.17886733742736025 9.19e-09
9488 0.19565212039147767 1.28e-08
9489 0.05124921899628393 2.79e-09
9490 0.051249218996284082 5.68e-09
9491 0.051249218996284013 3.17e-09
9492 0.17886733742736502 1.38e-08
9493 0.051249218996283874 5.58e-09
9494 0.19565212039147722 9.27e-09
9495 0.051249218996284131 3.98e-09
9496 0.051249218996283936 2.44e-09
9497 0.23400567685299295 1.46e-08
9498 0.051249218996283985 3.21e-09
9499 0.051249218996284276 4.76e-09
9500 0.1788673374273588 9.3e-09
9501 0.051249218996284596 6.89e-09
9502 0.051249218996284138 3.93e-09
9503 0.23400567685299309 8.42e-09
9504 0.19565212039147689 1.03e-08
9505 0.051249218996283978 4.19e-09
9506 0.26194870771428291 1.32e-08
9507 0.2122322594108417 2.64e-08
9508 0.051249218996284013 3.01e-09
9509 0.051249218996283992 3.01e-09
9510 0.051249218996284061 3.45e-09
9511 0.0512492189962842 5.46e-09
9512 0.19565212039147808 2.04e-08
9513 0.051249218996283971 4.17e-09
9514 0.051249218996284457 7.38e-09
9515 0.05124921899628411 3.8e-09
9516 0.051249218996284318 7.2e-09
9517 0.051249218996284283 4.76e-09
9518 0.051249218996284256 7.93e-09
9519 0.19565212039147795 1.14e-08
9520 0.051249218996284027 3.35e-09
9521 0.051249218996284089 4.09e-09
9522 0.1788673374273583 7.93e-09
9523 0.26194870771428563 2.38e-08
9524 0.19565212039147667 9.8e-09
9525 0.26767860546962602 1.26e-08
9526 0.051249218996284061 7.05e-09
9527 0.051249218996283916 2.46e-09
9528 0.051249218996284006 3.46e-09
9529 0.051249218996284276 5.08e-09
9530 0.051249218996284138 4.32e-09
9531 0.19565212039147703 9.79e-09
9532 0.17886733742736044 1.08e-08
9533 0.051249218996284485 6.82e-09
9534 0.195652120391476 3.4e-09
9535 0.051249218996284061 3.49e-09
9536 0.23400567685299239 7.77e-09
9537 0.05124921899628393 4.23e-09
9538 0.05124921899628393 2.35e-09
9539 0.051249218996284443 1.12e-08
9540 0.19565212039147681 9.52e-09
9541 0.051249218996284089 3.86e-09
9542 0.051249218996284075 3.5e-09
9543 0.051249218996284034 3.28e-09
9544 0.051249218996283985 2.87e-09
9545 0.051249218996284214 6.69e-09
9546 0.051249218996284075 3.53e-09
9547 0.19565212039147797 1.53e-08
9548 0.23400567685299176 4.16e-09
9549 0.29414667819041412 3.15e-08
9550 0.17886733742736063 1.15e-08
9551 0.23400567685299214 7.06e-09
9552 0.051249218996284117 4e-09
9553 0.051249218996283964 2.75e-09
9554 0.051249218996284207 6.46e-09
9555 0.23400567685299295 1.01e-08
9556 0.17886733742735833 1.05e-08
9557 0.051249218996284047 4.91e-09
9558 0.051249218996284013 3.26e-09
9559 0.0512492189962842 6.03e-09
9560 0.2619487077142803 1.12e-08
9561 0.19565212039147709 1.1e-08
9562 0.051249218996284505 9.23e-09
9563 0.051249218996284054 3.39e-09
9564 0.051249218996284172 5.58e-09
9565 0.051249218996284082 1.06e-08
9566 0.051249218996284082 3.59e-09
9567 0.051249218996284075 5.13e-09
9568 0.051249218996284235 9.85e-09
9569 0.051249218996284249 5.28e-09
9570 0.051249218996284061 4.5e-09
9571 0.051249218996284124 4.6e-09
9572 0.051249218996284124 4.4e-09
9573 0.051249218996283992 3.03e-09
9574 0.05124921899628402 3.37e-09
9575 0.051249218996283936 2.81e-09
9576 0.051249218996284096 3.61e-09
9577 0.051249218996284089 3.7e-09
9578 0.051249218996284478 5.72e-09
9579 0.23400567685299162 5.34e-09
9580 0.051249218996284068 4.22e-09
9581 0.051249218996284034 3.74e-09
9582 0.26194870771428369 1.51e-08
9583 0.19565212039147764 9.82e-09
9584 0.051249218996284193 5.36e-09
9585 0.051249218996284047 3.75e-09
9586 0.051249218996284165 4.39e-09
9587 0.05124921899628395 2.87e-09
9588 0.051249218996284325 4.96e-09
9589 0.051249218996284672 6.59e-09
9590 0.051249218996284034 3.21e-09
9591 0.051249218996284089 5.23e-09
9592 0.051249218996284013 3.28e-09
9593 0.051249218996284311 6.59e-09
9594 0.17886733742736061 1.14e-08
9595 0.051249218996284013 4.43e-09
9596 0.23400567685299342 9.19e-09
9597 0.23400567685299206 5.57e-09
9598 0.19565212039147653 5.83e-09
9599 0.051249218996283936 2.45e-09
9600 0.23400567685299195 1.14e-08
9601 0.19565212039147695 1.07e-08
9602 0.29414667819037249 3.44e-08
9603 0.23400567685299312 7.98e-09
9604 0.051249218996284103 3.91e-09
9605 0.23400567685299195 8.54e-09
9606 0.23400567685299253 6.72e-09
9607 0.051249218996284082 3.62e-09
9608 0.051249218996284193 4.34e-09
9609 0.1788673374273729 2.38e-08
9610 0.19565212039147709 7.95e-09
9611 0.051249218996284047 3.49e-09
9612 0.051249218996284041 3.32e-09
9613 0.2340056768529947 2.41e-08
9614 0.23400567685299228 1.02e-08
9615 0.23400567685299362 1.26e-08
9616 0.23400567685299445 1.62e-08
9617 0.051249218996284117 4.01e-09
9618 0.17886733742735855 8.82e-09
9619 0.051249218996284145 4.18e-09
9620 0.051249218996284159 4.61e-09
9621 0.051249218996284054 4.25e-09
9622 0.051249218996284193 4.69e-09
9623 0.051249218996284075 3.54e-09
9624 0.19565212039147681 9.94e-09
9625 0.051249218996284054 3.41e-09
9626 0.051249218996284061 6.63e-09
9627 0.2340056768529922 6.15e-09
9628 0.051249218996284436 8e-09
9629 0.19565212039147756 1.64e-08
9630 0.05124921899628402 3.09e-09
9631 0.051249218996283999 3.03e-09
9632 0.23400567685299381 1.36e-08
9633 0.051249218996283902 2.26e-09
9634 0.23400567685299395 1.22e-08
9635 0.051249218996284193 4.48e-09
9636 0.05124921899628402 5.4e-09
9637 0.051249218996284152 6.55e-09
9638 0.051249218996284131 4.7e-09
9639 0.17886733742735883 1.24e-08
9640 0.051249218996284027 4.08e-09
9641 0.051249218996283957 2.69e-09
9642 0.051249218996284589 7.5e-09
9643 0.051249218996284138 4.11e-09
9644 0.051249218996284034 3.73e-09
9645 0.051249218996284061 5.68e-09
9646 0.051249218996284221 4.39e-09
9647 0.051249218996283999 2.87e-09
9648 0.23400567685299406 1e-08
9649 0.051249218996284117 4.1e-09
9650 0.051249218996284276 5.31e-09
9651 0.051249218996284131 3.87e-09
9652 0.051249218996284013 6.48e-09
9653 0.19565212039147659 6.24e-09
9654 0.051249218996284096 3.74e-09
9655 0.051249218996284186 4.57e-09
9656 0.051249218996284318 4.95e-09
9657 0.1956521203914767 2.05e-08
9658 0.051249218996284179 5.06e-09
9659 0.051249218996284138 4.17e-09
9660 0.051249218996284061 6.42e-09
9661 0.05124921899628411 6.7e-09
9662 0.051249218996283978 2.83e-09
9663 0.051249218996283936 3.93e-09
9664 0.1956521203914765 1.13e-08
9665 0.23400567685299259 1.61e-08
9666 0.19565212039147667 7.15e-09
9667 0.051249218996284096 3.72e-09
9668 0.051249218996284068 3.52e-09
9669 0.05124921899628411 3.92e-09
9670 0.051249218996284145 5.44e-09
9671 0.05124921899628429 4.74e-09
9672 0.051249218996284179 4.42e-09
9673 0.17886733742736158 1.12e-08
9674 0.26194870771428319 2.37e-08
9675 0.051249218996284159 8.55e-09
9676 0.051249218996284415 5.48e-09
9677 0.051249218996284082 3.63e-09
9678 0.051249218996284096 3.78e-09
9679 0.051249218996284346 7.81e-09
9680 0.051249218996284082 3.88e-09
9681 0.29414667819039458 2e-08
9682 0.051249218996283957 3.52e-09
9683 0.051249218996284325 8.76e-09
9684 0.051249218996284054 4.16e-09
9685 0.19565212039147642 6.97e-09
9686 0.051249218996284041 4.1e-09
9687 0.051249218996283985 2.97e-09
9688 0.051249218996284047 3.46e-09
9689 0.19565212039147736 1.34e-08
9690 0.051249218996284006 4.07e-09
9691 0.19565212039147778 1.11e-08
9692 0.051249218996284089 4.31e-09
9693 0.19565212039147606 4.35e-09
9694 0.051249218996284089 8.22e-09
9695 0.051249218996283978 3e-09
9696 0.051249218996284103 4.49e-09
9697 0.051249218996284179 4.18e-09
9698 0.051249218996283971 2.93e-09
9699 0.051249218996284096 5.45e-09
9700 0.051249218996284096 3.84e-09
9701 0.051249218996283985 2.97e-09
9702 0.05124921899628436 6.54e-09
9703 0.051249218996283985 3.35e-09
9704 0.051249218996284304 7.87e-09
9705 0.051249218996284387 5.59e-09
9706 0.051249218996284117 3.99e-09
9707 0.19565212039147695 7.44e-09
9708 0.051249218996283936 2.54e-09
9709 0.051249218996284214 4.68e-09
9710 0.23400567685299303 7.92e-09
9711 0.23400567685299298 8.1e-09
9712 0.05124921899628429 5.51e-09
9713 0.051249218996284124 4.2e-09
9714 0.051249218996284138 6.39e-09
9715 0.23400567685299362 1.08e-08
9716 0.051249218996284068 5.69e-09
9717 0.051249218996284096 3.85e-09
9718 0.17886733742735961 1.41e-08
9719 0.19565212039147811 1.58e-08
9720 0.051249218996284228 4.43e-09
9721 0.19565212039147653 5.91e-09
9722 0.051249218996284089 3.72e-09
9723 0.051249218996284013 4.71e-09
9724 0.19565212039147728 8.41e-09
9725 0.051249218996284047 3.35e-09
9726 0.051249218996284068 3.98e-09
9727 0.051249218996284221 4.83e-09
9728 0.051249218996284318 4.93e-09
9729 0.051249218996284221 6.1e-09
9730 0.051249218996283992 3.46e-09
9731 0.051249218996284346 6.12e-09
9732 0.051249218996283999 2.99e-09
9733 0.051249218996284283 4.74e-09
9734 0.051249218996284096 4.61e-09
9735 0.17886733742735936 1.73e-08
9736 0.051249218996284207 4.66e-09
9737 0.051249218996284103 3.7e-09
9738 0.051249218996284082 4.43e-09
9739 0.051249218996283909 3.02e-09
9740 0.051249218996283943 2.48e-09
9741 0.19565212039147681 7.21e-09
9742 0.23400567685299323 1.17e-08
9743 0.051249218996283978 2.91e-09
9744 0.051249218996284082 4.23e-09
9745 0.051249218996284041 5.25e-09
9746 0.23400567685299431 1.04e-08
9747 0.051249218996283992 2.91e-09
9748 0.051249218996284006 3.93e-09
9749 0.051249218996284034 3.83e-09
9750 0.051249218996284249 4.79e-09
9751 0.051249218996284152 4.3e-09
9752 0.17886733742736824 2.09e-08
9753 0.051249218996284027 4.19e-09
9754 0.051249218996284207 4.7e-09
9755 0.051249218996284332 5.23e-09
9756 0.19565212039147836 1.13e-08
9757 0.051249218996284013 3.32e-09
9758 0.051249218996283999 3.63e-09
9759 0.051249218996284353 7.19e-09
9760 0.23400567685299398 1.22e-08
9761 0.051249218996284061 3.85e-09
9762 0.051249218996284228 5.68e-09
9763 0.051249218996284339 5.05e-09
9764 0.23400567685299256 1.47e-08
9765 0.05124921899628411 4.44e-09
9766 0.051249218996283964 2.91e-09
9767 0.051249218996284117 3.8e-09
9768 0.051249218996284034 3.26e-09
9769 0.051249218996283971 4.32e-09
9770 0.051249218996283992 3.1e-09
9771 0.051249218996284061 5.47e-09
9772 0.051249218996283936 4.44e-09
9773 0.051249218996284207 6.88e-09
9774 0.23400567685299178 4.56e-09
9775 0.051249218996284325 1.11e-08
9776 0.051249218996284061 3.84e-09
9777 0.051249218996284408 5.82e-09
9778 0.051249218996284131 3.9e-09
9779 0.051249218996283985 2.89e-09
9780 0.19565212039147761 1.22e-08
9781 0.17886733742735969 8.22e-09
9782 0.051249218996284256 7.04e-09
9783 0.051249218996284068 4.14e-09
9784 0.051249218996284429 8.07e-09
9785 0.051249218996283985 3.4e-09
9786 0.051249218996284013 3.11e-09
9787 0.051249218996284075 3.59e-09
9788 0.051249218996284103 4.09e-09
9789 0.051249218996284117 4.98e-09
9790 0.051249218996284006 3.63e-09
9791 0.19565212039147731 9.44e-09
9792 0.051249218996284179 4.14e-09
9793 0.051249218996284235 4.61e-09
9794 0.051249218996284034 3.31e-09
9795 0.051249218996284249 6.99e-09
9796 0.051249218996284172 4.19e-09
9797 0.23400567685299209 1.03e-08
9798 0.051249218996284054 3.49e-09
9799 0.051249218996284249 4.9e-09
9800 0.051249218996284165 5.07e-09
9801 0.051249218996284082 4.34e-09
9802 0.051249218996284644 9.06e-09
9803 0.051249218996284061 4.89e-09
9804 0.19565212039147714 9.16e-09
9805 0.051249218996284006 5.74e-09
9806 0.051249218996284054 3.4e-09
9807 0.051249218996284172 4.22e-09
9808 0.051249218996284186 4.22e-09
9809 0.051249218996284367 5.05e-09
9810 0.051249218996284124 3.92e-09
9811 0.19565212039147606 5.28e-09
9812 0.051249218996284013 5.42e-09
9813 0.05124921899628393 3.06e-09
9814 0.051249218996284047 5.84e-09
9815 0.19565212039147736 9.92e-09
9816 0.051249218996284082 3.69e-09
9817 0.051249218996284124 6.89e-09
9818 0.0512492189962842 4.53e-09
9819 0.051249218996283999 3.04e-09
9820 0.051249218996284075 3.55e-09
9821 0.051249218996283971 2.8e-09
9822 0.19565212039147736 8.84e-09
9823 0.05124921899628393 2.86e-09
9824 0.19565212039147695 8.69e-09
9825 0.051249218996284054 3.42e-09
9826 0.051249218996284013 3.18e-09
9827 0.051249218996284082 3.7e-09
9828 0.0512492189962842 5.67e-09
9829 0.051249218996284041 3.39e-09
9830 0.051249218996284165 4.4e-09
9831 0.051249218996284283 5.08e-09
9832 0.051249218996284249 9.63e-09
9833 0.051249218996284047 3.27e-09
9834 0.051249218996284027 3.89e-09
9835 0.0512492189962842 5.53e-09
9836 0.26194870771427892 1.58e-08
9837 0.051249218996284311 4.95e-09
9838 0.051249218996284089 5.48e-09
9839 0.23400567685299239 7.74e-09
9840 0.19565212039147672 1.02e-08
9841 0.26767860546963107 2.23e-08
9842 0.23400567685299245 8.45e-09
9843 0.051249218996284207 5.42e-09
9844 0.051249218996284637 8.34e-09
9845 0.051249218996284013 3.41e-09
9846 0.23400567685299245 6.87e-09
9847 0.051249218996283895 2.39e-09
9848 0.05124921899628427 6.68e-09
9849 0.051249218996284138 4.64e-09
9850 0.19565212039147734 2.03e-08
9851 0.21223225941083815 1.07e-08
9852 0.051249218996284179 4.35e-09
9853 0.051249218996284096 3.77e-09
9854 0.29414667819027868 1.79e-08
9855 0.051249218996284401 5.66e-09
9856 0.23400567685299201 6.43e-09
9857 0.23400567685299287 1.35e-08
9858 0.051249218996283992 2.91e-09
9859 0.051249218996284436 5.56e-09
9860 0.051249218996284235 6.57e-09
9861 0.19565212039147675 1.08e-08
9862 0.19565212039147681 6.9e-09
9863 0.051249218996284471 7.33e-09
9864 0.051249218996283957 8.04e-09
9865 0.051249218996283888 1.99e-09
9866 0.23400567685299342 9.22e-09
9867 0.051249218996283999 3e-09
9868 0.051249218996284263 1.12e-08
9869 0.051249218996283964 3.36e-09
9870 0.051249218996284068 5.77e-09
9871 0.051249218996284075 6e-09
9872 0.051249218996284075 3.89e-09
9873 0.19565212039147636 6.27e-09
9874 0.051249218996284006 3.85e-09
9875 0.051249218996284117 3.83e-09
9876 0.051249218996284103 3.74e-09
9877 0.051249218996284228 7.99e-09
9878 0.17886733742735922 8.22e-09
9879 0.051249218996284145 5.29e-09
9880 0.051249218996284381 5.5e-09
9881 0.051249218996284047 3.5e-09
9882 0.051249218996284297 6.61e-09
9883 0.051249218996284138 3.94e-09
9884 0.051249218996283943 4.53e-09
9885 0.051249218996284131 5.64e-09
9886 0.19565212039147631 5.1e-09
9887 0.051249218996284054 3.43e-09
9888 0.051249218996284103 3.87e-09
9889 0.051249218996284013 3e-09
9890 0.051249218996284193 4.3e-09
9891 0.051249218996284228 5.12e-09
9892 0.051249218996283992 2.94e-09
9893 0.051249218996284117 4.09e-09
9894 0.051249218996284041 6.94e-09
9895 0.26194870771427808 1.07e-08
9896 0.05124921899628402 4.21e-09
9897 0.051249218996284297 6.65e-09
9898 0.051249218996284103 6e-09
9899 0.051249218996283936 2.34e-09
9900 0.051249218996284242 4.55e-09
9901 0.23400567685299231 7.93e-09
9902 0.05124921899628395 2.64e-09
9903 0.051249218996284159 4.07e-09
9904 0.051249218996284436 6.25e-09
9905 0.051249218996284068 3.51e-09
9906 0.195652120391477 9e-09
9907 0.051249218996284027 3.27e-09
9908 0.23400567685299231 7.6e-09
9909 0.051249218996284276 4.7e-09
9910 0.051249218996284082 5.07e-09
9911 0.051249218996284047 3.45e-09
9912 0.051249218996284159 4.39e-09
9913 0.051249218996284138 4.59e-09
9914 0.19565212039147739 9.79e-09
9915 0.051249218996284152 5.13e-09
9916 0.27713209377670894 9.96e-09
9917 0.051249218996284061 3.68e-09
9918 0.051249218996284179 4.42e-09
9919 0.051249218996284394 5.64e-09
9920 0.051249218996284047 3.83e-09
9921 0.05124921899628427 5.31e-09
9922 0.23400567685299217 7.04e-09
9923 0.23400567685299484 1.3e-08
9924 0.2340056768529955 1.7e-08
9925 0.051249218996284193 4.28e-09
9926 0.19565212039147759 9.14e-09
9927 0.051249218996283964 5.57e-09
9928 0.051249218996284367 5.15e-09
9929 0.051249218996284054 3.6e-09
9930 0.051249218996284172 8.61e-09
9931 0.051249218996284124 4.4e-09
9932 0.19565212039147684 1.03e-08
9933 0.051249218996283943 2.48e-09
9934 0.051249218996284179 4.23e-09
9935 0.051249218996284089 4.28e-09
9936 0.05124921899628402 4.01e-09
9937 0.051249218996284325 6.05e-09
9938 0.051249218996284596 8.26e-09
9939 0.17886733742735833 1.19e-08
9940 0.051249218996284519 9.83e-09
9941 0.051249218996284117 4.86e-09
9942 0.051249218996284061 1.09e-08
9943 0.17886733742736111 1e-08
9944 0.051249218996284235 4.47e-09
9945 0.21223225941083532 8.26e-09
9946 0.051249218996284103 3.82e-09
9947 0.051249218996284249 4.69e-09
9948 0.051249218996283916 2.35e-09
9949 0.051249218996284006 3.11e-09
9950 0.051249218996284276 5.05e-09
9951 0.19565212039147725 1.47e-08
9952 0.051249218996284235 6.46e-09
9953 0.05124921899628429 4.93e-09
9954 0.051249218996284082 3.63e-09
9955 0.23400567685299217 7.11e-09
9956 0.051249218996284082 3.62e-09
9957 0.23400567685299301 1e-08
9958 0.051249218996283992 2.97e-09
9959 0.051249218996284117 3.8e-09
9960 0.051249218996284207 4.63e-09
9961 0.051249218996283971 2.9e-09
9962 0.051249218996283978 4.21e-09
9963 0.19565212039147711 1.11e-08
9964 0.19565212039147709 1.28e-08
9965 0.051249218996284089 4.07e-09
9966 0.051249218996284332 5.48e-09
9967 0.051249218996284152 4.45e-09
9968 0.051249218996284068 4.34e-09
9969 0.051249218996284131 4.3e-09
9970 0.051249218996284117 6.65e-09
9971 0.2340056768529932 8.66e-09
9972 0.051249218996284172 4.73e-09
9973 0.19565212039147689 7.89e-09
9974 0.051249218996284124 8.4e-09
9975 0.19565212039147697 8.81e-09
9976 0.051249218996284145 4.05e-09
9977 0.1956521203914777 2.11e-08
9978 0.051249218996283943 2.54e-09
9979 0.051249218996284721 6.7e-09
9980 0.051249218996284075 6.22e-09
9981 0.051249218996284408 5.78e-09
9982 0.051249218996284415 6.24e-09
9983 0.05124921899628429 5.56e-09
9984 0.05124921899628393 2.98e-09
9985 0.051249218996284332 6.48e-09
9986 0.051249218996284152 7.92e-09
9987 0.051249218996284034 3.41e-09
9988 0.051249218996284096 5.58e-09
9989 0.051249218996284068 3.46e-09
9990 0.051249218996284054 3.48e-09
9991 0.27713209377670911 8.87e-09
9992 0.051249218996283923 3.1e-09
9993 0.051249218996283923 2.32e-09
9994 0.051249218996284145 5.33e-09
9995 0.051249218996284304 5.78e-09
9996 0.051249218996284228 5.62e-09
9997 0.23400567685299184 4.73e-09
9998 0.051249218996284047 3.41e-09
9999 0.17886733742736197 1.24e-08
10000 0.05124921899628411 3.84e-09
10001 0.05124921899628429 4.77e-09
10002 0.1956521203914775 1.41e-08
10003 0.051249218996284353 4.99e-09
10004 0.051249218996284082 3.75e-09
10005 0.2122322594108359 9.59e-09
10006 0.051249218996284165 4.11e-09
10007 0.05124921899628402 3.35e-09
10008 0.051249218996284276 4.65e-09
10009 0.051249218996284089 3.8e-09
10010 0.051249218996284041 4.13e-09
10011 0.051249218996284117 4.84e-09
10012 0.051249218996284138 1e-08
10013 0.051249218996284124 1.09e-08
10014 0.051249218996284075 3.58e-09
10015 0.051249218996284165 4.33e-09
10016 0.051249218996283909 3.28e-09
10017 0.23400567685299214 7.02e-09
10018 0.051249218996284124 4.34e-09
10019 0.051249218996284124 6.26e-09
10020 0.23400567685299356 1.36e-08
10021 0.19565212039147772 1.08e-08
10022 0.051249218996283978 4.92e-09
10023 0.19565212039147703 7.98e-09
10024 0.051249218996284013 3.35e-09
10025 0.051249218996284027 4.17e-09
10026 0.051249218996284034 4.46e-09
10027 0.051249218996284006 3.04e-09
10028 0.051249218996284179 4.23e-09
10029 0.051249218996284013 3.17e-09
10030 0.051249218996284047 5.79e-09
10031 0.051249218996284242 5.07e-09
10032 0.051249218996284089 5.56e-09
10033 0.051249218996284061 3.59e-09
10034 0.05124921899628393 2.89e-09
10035 0.051249218996284221 4.37e-09
10036 0.051249218996284054 3.65e-09
10037 0.051249218996284096 3.64e-09
10038 0.051249218996284124 5.73e-09
10039 0.051249218996284047 3.91e-09
10040 0.21223225941083482 8.07e-09
10041 0.051249218996284054 3.62e-09
10042 0.051249218996284061 3.9e-09
10043 0.051249218996284214 4.43e-09
10044 0.051249218996284027 3.13e-09
10045 0.051249218996284082 3.8e-09
10046 0.19565212039147767 9.43e-09
10047 0.051249218996283923 2.39e-09
10048 0.051249218996284089 4.57e-09
10049 0.26194870771428058 1.47e-08
10050 0.23400567685299162 3.21e-09
10051 0.051249218996283985 4.81e-09
10052 0.051249218996283909 3.86e-09
10053 0.051249218996284152 4.18e-09
10054 0.051249218996284186 5.44e-09
10055 0.051249218996284068 3.64e-09
10056 0.051249218996284221 4.75e-09
10057 0.051249218996284172 7.01e-09
10058 0.051249218996283999 3.71e-09
10059 0.051249218996284519 6.97e-09
10060 0.051249218996284193 5.24e-09
10061 0.23400567685299195 1.92e-08
10062 0.051249218996284131 4.42e-09
10063 0.23400567685299223 7.04e-09
10064 0.051249218996284117 4.69e-09
10065 0.051249218996284096 4.4e-09
10066 0.1956521203914772 8.13e-09
10067 0.051249218996284214 4.37e-09
10068 0.051249218996283923 2.93e-09
10069 0.051249218996284221 5.35e-09
10070 0.051249218996284387 5.35e-09
10071 0.051249218996284117 3.82e-09
10072 0.051249218996284027 3.34e-09
10073 0.0512492189962842 6.6e-09
10074 0.23400567685299167 4.28e-09
10075 0.2340056768529922 8.48e-09
10076 0.05124921899628395 3.02e-09
10077 0.17886733742736338 1.31e-08
10078 0.051249218996284249 5.95e-09
10079 0.051249218996284117 4.24e-09
10080 0.051249218996284124 6.13e-09
10081 0.05124921899628386 2.42e-09
10082 0.051249218996284221 4.74e-09
10083 0.051249218996284353 5.26e-09
10084 0.1956521203914772 8.12e-09
10085 0.17886733742735841 1.66e-08
10086 0.051249218996284145 8.72e-09
10087 0.23400567685299226 7.32e-09
10088 0.051249218996284145 7.68e-09
10089 0.051249218996283943 2.66e-09
10090 0.23400567685299217 1.58e-08
10091 0.051249218996284027 3.08e-09
10092 0.23400567685299251 1.43e-08
10093 0.051249218996283978 2.8e-09
10094 0.23400567685299226 7.26e-09
10095 0.051249218996284152 4.04e-09
10096 0.23400567685299567 1.38e-08
10097 0.05124921899628427 4.92e-09
10098 0.051249218996284131 4.06e-09
10099 0.051249218996284138 4.61e-09
10100 0.051249218996284054 4.33e-09
10101 0.051249218996284186 6.64e-09
10102 0.051249218996284131 4.66e-09
10103 0.051249218996284054 3.39e-09
10104 0.051249218996283923 7.38e-09
10105 0.051249218996283957 2.9e-09
10106 0.051249218996284131 4.1e-09
10107 0.051249218996284089 5.74e-09
10108 0.05124921899628395 2.68e-09
10109 0.051249218996284179 6.48e-09
10110 0.19565212039147692 1.21e-08
10111 0.17886733742735852 7.17e-09
10112 0.2676786054696324 1.81e-08
10113 0.05124921899628411 3.77e-09
10114 0.051249218996284387 8.24e-09
10115 0.051249218996284554 1.07e-08
10116 0.17886733742736305 1.23e-08
10117 0.051249218996284145 4.23e-09
10118 0.051249218996284214 5.32e-09
10119 0.17886733742736041 9.07e-09
10120 0.19565212039147725 8.86e-09
10121 0.05124921899628395 2.73e-09
10122 0.051249218996283936 4.08e-09
10123 0.051249218996284138 3.89e-09
10124 0.051249218996284165 5.8e-09
10125 0.051249218996284235 5.61e-09
10126 0.051249218996283985 2.96e-09
10127 0.051249218996284075 3.56e-09
10128 0.17886733742735869 1e-08
10129 0.051249218996283957 2.78e-09
10130 0.051249218996284061 9.57e-09
10131 0.051249218996284249 4.62e-09
10132 0.23400567685299298 1.24e-08
10133 0.051249218996284159 6.26e-09
10134 0.051249218996283999 3.05e-09
10135 0.051249218996284103 4.68e-09
10136 0.051249218996284082 3.85e-09
10137 0.051249218996284054 4.61e-09
10138 0.05124921899628402 3.69e-09
10139 0.051249218996283867 1.78e-09
10140 0.051249218996283971 2.83e-09
10141 0.051249218996284242 4.86e-09
10142 0.051249218996284242 5.13e-09
10143 0.051249218996284505 6.28e-09
10144 0.0512492189962842 4.29e-09
10145 0.051249218996283964 3.41e-09
10146 0.051249218996284214 4.36e-09
10147 0.051249218996284041 3.58e-09
10148 0.051249218996284499 6.78e-09
10149 0.1956521203914775 9.56e-09
10150 0.051249218996284256 7.72e-09
10151 0.051249218996284075 3.5e-09
10152 0.051249218996284054 3.45e-09
10153 0.051249218996283978 3.33e-09
10154 0.23400567685299414 1.51e-08
10155 0.051249218996284165 6.43e-09
10156 0.051249218996284034 3.51e-09
10157 0.051249218996284193 5.97e-09
10158 0.051249218996284041 3.32e-09
10159 0.23400567685299262 8.45e-09
10160 0.051249218996284047 3.36e-09
10161 0.051249218996284387 5.2e-09
10162 0.051249218996283923 2.33e-09
10163 0.051249218996284145 4.3e-09
10164 0.051249218996284159 4.19e-09
10165 0.051249218996283971 4.6e-09
10166 0.19565212039147642 6.67e-09
10167 0.05124921899628395 2.61e-09
10168 0.051249218996284214 8.91e-09
10169 0.23400567685299214 1.14e-08
10170 0.19565212039147736 8.65e-09
10171 0.051249218996284131 4.09e-09
10172 0.051249218996284145 8.22e-09
10173 0.051249218996283985 3.83e-09
10174 0.051249218996284089 3.87e-09
10175 0.23400567685299564 1.94e-08
10176 0.051249218996284041 3.37e-09
10177 0.0512492189962842 5.18e-09
10178 0.051249218996284179 4.32e-09
10179 0.051249218996283909 6.25e-09
10180 0.19565212039147711 9.87e-09
10181 0.051249218996283999 4.03e-09
10182 0.051249218996284159 4.33e-09
10183 0.051249218996284179 4.48e-09
10184 0.051249218996284339 8.06e-09
10185 0.051249218996284249 4.57e-09
10186 0.051249218996284103 8.8e-09
10187 0.19565212039147786 1.53e-08
10188 0.051249218996283992 9.09e-09
10189 0.2676786054696253 1.19e-08
10190 0.051249218996283971 2.88e-09
10191 0.051249218996284186 4.4e-09
10192 0.17886733742735847 6.89e-09
10193 0.17886733742736141 2.47e-08
10194 0.051249218996284054 3.6e-09
10195 0.17886733742736347 1.29e-08
10196 0.051249218996284159 4.93e-09
10197 0.051249218996284041 3.34e-09
10198 0.051249218996284082 3.76e-09
10199 0.19565212039147642 6.01e-09
10200 0.051249218996284256 4.89e-09
10201 0.051249218996284117 3.9e-09
10202 0.051249218996284047 3.37e-09
10203 0.19565212039147672 6.67e-09
10204 0.051249218996284096 4.03e-09
10205 0.051249218996284034 4.05e-09
10206 0.051249218996284138 3.99e-09
10207 0.19565212039147625 5.01e-09
10208 0.051249218996283992 5.59e-09
10209 0.051249218996284041 3.39e-09
10210 0.19565212039147784 2.13e-08
10211 0.051249218996283846 1.42e-09
10212 0.19565212039147689 7.27e-09
10213 0.23400567685299176 4.97e-09
10214 0.051249218996284263 4.96e-09
10215 0.051249218996284082 3.94e-09
10216 0.17886733742736602 1.66e-08
10217 0.051249218996284207 5.42e-09
10218 0.051249218996284075 4.05e-09
10219 0.23400567685299523 1.2e-08
10220 0.051249218996284117 4.03e-09
10221 0.051249218996284152 6.76e-09
10222 0.051249218996284353 5.27e-09
10223 0.051249218996284103 3.8e-09
10224 0.051249218996284061 3.72e-09
10225 0.051249218996284228 4.93e-09
10226 0.05124921899628402 5.03e-09
10227 0.051249218996284221 4.99e-09
10228 0.17886733742736458 2.55e-08
10229 0.051249218996283895 3.08e-09
10230 0.05124921899628429 5.56e-09
10231 0.19565212039147645 6.09e-09
10232 0.051249218996284006 3.18e-09
10233 0.051249218996283964 3.69e-09
10234 0.051249218996284138 5.77e-09
10235 0.051249218996284096 4.13e-09
10236 0.051249218996284041 3.26e-09
10237 0.051249218996283881 1.75e-09
10238 0.051249218996284082 3.6e-09
10239 0.051249218996284346 6.84e-09
10240 0.051249218996284089 4.27e-09
10241 0.051249218996284027 4.21e-09
10242 0.051249218996284478 6.75e-09
10243 0.051249218996284096 3.9e-09
10244 0.051249218996283916 3.68e-09
10245 0.05124921899628411 4.12e-09
10246 0.051249218996283985 1.15e-08
10247 0.051249218996284034 3.45e-09
10248 0.051249218996283985 2.92e-09
10249 0.051249218996284041 6.28e-09
10250 0.051249218996284068 6.31e-09
10251 0.051249218996284179 4.73e-09
10252 0.051249218996284519 6.73e-09
10253 0.051249218996284103 3.68e-09
10254 0.051249218996284103 3.96e-09
10255 0.051249218996283943 3.79e-09
10256 0.23400567685299409 1.01e-08
10257 0.051249218996284082 3.59e-09
10258 0.051249218996283971 2.81e-09
10259 0.051249218996284061 4.38e-09
10260 0.051249218996284061 4.95e-09
10261 0.051249218996284075 3.55e-09
10262 0.051249218996284179 4.62e-09
10263 0.051249218996284124 4.14e-09
10264 0.05124921899628402 3.09e-09
10265 0.051249218996284068 3.56e-09
10266 0.051249218996284013 3.3e-09
10267 0.23400567685299226 8.09e-09
10268 0.051249218996284068 7.66e-09
10269 0.051249218996283971 2.93e-09
10270 0.05124921899628402 3.24e-09
10271 0.17886733742735969 9.58e-09
10272 0.051249218996283964 2.9e-09
10273 0.19565212039147764 9.53e-09
10274 0.2619487077142818 1.21e-08
10275 0.19565212039147661 6.64e-09
10276 0.051249218996284179 4.52e-09
10277 0.19565212039147784 1.13e-08
10278 0.051249218996283992 3.45e-09
10279 0.051249218996284159 4.32e-09
10280 0.051249218996283964 2.83e-09
10281 0.051249218996283985 3.1e-09
10282 0.051249218996284124 6.97e-09
10283 0.0512492189962842 4.63e-09
10284 0.23400567685299256 8.69e-09
10285 0.051249218996284186 5.34e-09
10286 0.051249218996284117 4.56e-09
10287 0.051249218996284325 1.11e-08
10288 0.23400567685299398 1.29e-08
10289 0.051249218996284304 6.18e-09
10290 0.19565212039147734 8.66e-09
10291 0.051249218996284249 5.01e-09
10292 0.051249218996284061 3.72e-09
10293 0.051249218996284381 5.99e-09
10294 0.051249218996284145 4.04e-09
10295 0.051249218996284096 4.02e-09
10296 0.051249218996284249 8e-09
10297 0.051249218996284041 7.43e-09
10298 0.051249218996283964 2.82e-09
10299 0.051249218996284082 3.81e-09
10300 0.17886733742736358 1.87e-08
10301 0.051249218996284096 3.9e-09
10302 0.0512492189962842 5.33e-09
10303 0.19565212039147814 1.33e-08
10304 0.051249218996283999 3.37e-09
10305 0.051249218996284054 3.34e-09
10306 0.051249218996284041 3.24e-09
10307 0.051249218996284061 3.39e-09
10308 0.05124921899628395 4.79e-09
10309 0.051249218996284082 4.92e-09
10310 0.19565212039147725 1.19e-08
10311 0.19565212039147678 7.2e-09
10312 0.051249218996283971 8.23e-09
10313 0.051249218996283999 3.03e-09
10314 0.051249218996284027 3.3e-09
10315 0.05124921899628429 7.48e-09
10316 0.051249218996283992 6.2e-09
10317 0.051249218996284179 4.31e-09
10318 0.051249218996283916 2.28e-09
10319 0.1956521203914772 8.27e-09
10320 0.23400567685299392 1.25e-08
10321 0.23400567685299389 1.69e-08
10322 0.19565212039147717 8.51e-09
10323 0.051249218996284172 7.48e-09
10324 0.051249218996284096 3.63e-09
10325 0.19565212039147648 6.09e-09
10326 0.23400567685299301 1.49e-08
10327 0.051249218996284193 4.23e-09
10328 0.23400567685299212 6.86e-09
10329 0.19565212039147845 1.32e-08
10330 0.051249218996284034 3.31e-09
10331 0.051249218996284089 6.05e-09
10332 0.23400567685299334 8.18e-09
10333 0.051249218996284082 3.96e-09
10334 0.051249218996284311 6.05e-09
10335 0.23400567685299317 9.47e-09
10336 0.051249218996284117 4.15e-09
10337 0.051249218996284124 5.04e-09
10338 0.19565212039148058 1.69e-08
10339 0.051249218996284061 3.51e-09
10340 0.29414667819030776 2.57e-08
10341 0.051249218996284047 3.42e-09
10342 0.17886733742736222 1.13e-08
10343 0.051249218996284041 3.38e-09
10344 0.40937858963106488 1.96e-08
10345 0.051249218996284068 3.47e-09
10346 0.051249218996284131 4.17e-09
10347 0.27713209377670983 1.12e-08
10348 0.051249218996284013 3.9e-09
10349 0.051249218996283985 2.98e-09
10350 0.051249218996284374 6.53e-09
10351 0.21223225941084042 1.44e-08
10352 0.051249218996284103 4e-09
10353 0.051249218996284054 4.67e-09
10354 0.051249218996284027 4.3e-09
10355 0.051249218996284138 4.3e-09
10356 0.051249218996284089 5.61e-09
10357 0.051249218996284047 3.54e-09
10358 0.051249218996284117 4.34e-09
10359 0.051249218996284159 3.96e-09
10360 0.05124921899628402 3.45e-09
10361 0.05124921899628429 5.08e-09
10362 0.23400567685299165 3.97e-09
10363 0.19565212039147731 9.53e-09
10364 0.23400567685299198 5.71e-09
10365 0.05124921899628411 3.95e-09
10366 0.2122322594108641 2.46e-08
10367 0.17886733742736938 3.21e-08
10368 0.05124921899628427 4.7e-09
10369 0.051249218996284297 5.26e-09
10370 0.051249218996284068 4.76e-09
10371 0.051249218996284727 7.5e-09
10372 0.051249218996284242 4.46e-09
10373 0.19565212039147689 1.51e-08
10374 0.051249218996284283 4.77e-09
10375 0.051249218996283999 4.59e-09
10376 0.051249218996284096 3.73e-09
10377 0.051249218996284041 3.5e-09
10378 0.051249218996283985 3.06e-09
10379 0.19565212039147686 7e-09
10380 0.051249218996284096 3.77e-09
10381 0.19565212039147695 8.87e-09
10382 0.23400567685299353 9.68e-09
10383 0.051249218996284117 7.28e-09
10384 0.051249218996283916 3.62e-09
10385 0.051249218996284193 6.13e-09
10386 0.051249218996284013 4.5e-09
10387 0.051249218996284235 4.64e-09
10388 0.05124921899628411 4.17e-09
10389 0.051249218996284165 4.34e-09
10390 0.051249218996284145 4.02e-09
10391 0.051249218996284027 7.22e-09
10392 0.23400567685299334 1.72e-08
10393 0.23400567685299331 9.03e-09
10394 0.051249218996283957 4.21e-09
10395 0.29414667819030377 1.92e-08
10396 0.051249218996284047 3.69e-09
10397 0.051249218996284186 4.27e-09
10398 0.051249218996284214 5.83e-09
10399 0.23400567685299284 9.71e-09
10400 0.051249218996284422 5.39e-09
10401 0.23400567685299223 1.08e-08
10402 0.051249218996284249 4.92e-09
10403 0.051249218996283978 2.93e-09
10404 0.051249218996284193 5.24e-09
10405 0.051249218996284367 6.82e-09
10406 0.051249218996283909 3.87e-09
10407 0.051249218996284054 3.45e-09
10408 0.19565212039147659 8.56e-09
10409 0.051249218996284047 3.55e-09
10410 0.17886733742736002 1.47e-08
10411 0.051249218996284006 7.26e-09
10412 0.051249218996284179 6.95e-09
10413 0.051249218996284054 3.52e-09
10414 0.051249218996284054 3.33e-09
10415 0.19565212039147639 5.29e-09
10416 0.051249218996284304 5.12e-09
10417 0.23400567685299242 8.37e-09
10418 0.19565212039147623 4.86e-09
10419 0.051249218996284242 4.54e-09
10420 0.051249218996284422 5.76e-09
10421 0.051249218996284138 8.73e-09
10422 0.05124921899628402 3.22e-09
10423 0.051249218996283902 2.17e-09
10424 0.051249218996283957 3.5e-09
10425 0.29414667819031115 1.98e-08
10426 0.051249218996284145 4.37e-09
10427 0.051249218996284096 4.57e-09
10428 0.19565212039147653 6.69e-09
10429 0.051249218996284152 4.33e-09
10430 0.051249218996284325 5.92e-09
10431 0.051249218996284138 6e-09
10432 0.19565212039147692 7.29e-09
10433 0.051249218996284061 4.41e-09
10434 0.051249218996284082 5.1e-09
10435 0.051249218996284068 3.66e-09
10436 0.051249218996284276 7.33e-09
10437 0.051249218996283992 2.89e-09
10438 0.27713209377671078 1.65e-08
10439 0.051249218996284228 4.39e-09
10440 0.051249218996283985 2.87e-09
10441 0.19565212039147678 7.1e-09
10442 0.19565212039147667 6.47e-09
10443 0.051249218996283964 5.28e-09
10444 0.23400567685299251 1.57e-08
10445 0.23400567685299437 1.08e-08
10446 0.051249218996284027 3.37e-09
10447 0.051249218996284346 5.5e-09
10448 0.051249218996284075 3.52e-09
10449 0.051249218996284082 3.82e-09
10450 0.19565212039147711 1.04e-08
10451 0.051249218996284082 3.7e-09
10452 0.051249218996283971 2.87e-09
10453 0.051249218996284124 4.26e-09
10454 0.19565212039147709 1.04e-08
10455 0.051249218996284214 5.67e-09
10456 0.051249218996284006 3.04e-09
10457 0.051249218996284228 7.69e-09
10458 0.26767860546964667 2.06e-08
10459 0.051249218996284346 7.52e-09
10460 0.051249218996283985 4.19e-09
10461 0.051249218996283902 2.21e-09
10462 0.051249218996284644 6.69e-09
10463 0.05124921899628402 5.04e-09
10464 0.051249218996284145 4.25e-09
10465 0.23400567685299412 1.02e-08
10466 0.23400567685299281 9.01e-09
10467 0.051249218996284297 8.45e-09
10468 0.17886733742736116 1.65e-08
10469 0.051249218996284041 3.81e-09
10470 0.05124921899628395 2.62e-09
10471 0.051249218996284172 4.16e-09
10472 0.051249218996284159 4.15e-09
10473 0.051249218996284304 5.27e-09
10474 0.051249218996284103 6.03e-09
10475 0.051249218996283978 3.13e-09
10476 0.05124921899628411 6.12e-09
10477 0.051249218996284131 4.1e-09
10478 0.051249218996284165 5.09e-09
10479 0.23400567685299212 1e-08
10480 0.051249218996284075 3.96e-09
10481 0.17886733742736005 9.3e-09
10482 0.051249218996283943 2.5e-09
10483 0.29414667819031048 2.39e-08
10484 0.051249218996284512 6.43e-09
10485 0.051249218996284242 4.5e-09
10486 0.051249218996284214 4.42e-09
10487 0.051249218996284103 4.09e-09
10488 0.051249218996284387 5.6e-09
10489 0.051249218996284179 4.15e-09
10490 0.23400567685299178 4.09e-09
10491 0.051249218996284145 9.99e-09
10492 0.051249218996284041 3.84e-09
10493 0.051249218996283985 4.36e-09
10494 0.051249218996284256 8.89e-09
10495 0.051249218996284249 4.9e-09
10496 0.05124921899628411 5.18e-09
10497 0.17886733742736619 1.51e-08
10498 0.23400567685299262 1.31e-08
10499 0.051249218996284013 3.1e-09
10500 0.051249218996284061 3.75e-09
10501 0.051249218996284061 4.54e-09
10502 0.051249218996284124 7.75e-09
10503 0.05124921899628427 4.63e-09
10504 0.051249218996284179 7.86e-09
10505 0.23400567685299434 1.09e-08
10506 0.051249218996284179 4.17e-09
10507 0.23400567685299384 1.02e-08
10508 0.23400567685299295 1.04e-08
10509 0.23400567685299331 1.11e-08
10510 0.05124921899628411 4.04e-09
10511 0.051249218996283964 2.67e-09
10512 0.19565212039147678 7.32e-09
10513 0.05124921899628411 4.85e-09
10514 0.051249218996284179 5.18e-09
10515 0.051249218996283936 4.57e-09
10516 0.27713209377671022 1.54e-08
10517 0.051249218996284186 4.41e-09
10518 0.19565212039147703 9.85e-09
10519 0.23400567685299414 1.14e-08
10520 0.051249218996284054 4.11e-09
10521 0.17886733742735816 7.6e-09
10522 0.23400567685299256 8.64e-09
10523 0.051249218996283999 3.16e-09
10524 0.17886733742735894 1.05e-08
10525 0.051249218996283943 2.91e-09
10526 0.051249218996284152 5.23e-09
10527 0.17886733742736005 1.19e-08
10528 0.2340056768529927 9.83e-09
10529 0.26194870771427997 2.04e-08
10530 0.051249218996284242 4.87e-09
10531 0.1788673374273648 1.73e-08
10532 0.05124921899628393 2.3e-09
10533 0.051249218996284387 9.92e-09
10534 0.051249218996283978 3.05e-09
10535 0.051249218996284242 4.54e-09
10536 0.051249218996283985 4.71e-09
10537 0.051249218996283895 4.93e-09
10538 0.29414667819056545 3.04e-08
10539 0.051249218996284179 5.69e-09
10540 0.19565212039147878 1.29e-08
10541 0.19565212039147689 1.13e-08
10542 0.051249218996284415 8.24e-09
10543 0.051249218996284145 4.45e-09
10544 0.051249218996283923 2.79e-09
10545 0.051249218996284311 1.04e-08
10546 0.051249218996284089 6.37e-09
10547 0.051249218996284374 7.54e-09
10548 0.051249218996284054 3.4e-09
10549 0.051249218996284159 5.9e-09
10550 0.051249218996284096 3.58e-09
10551 0.051249218996284061 6.92e-09
10552 0.051249218996284096 3.7e-09
10553 0.051249218996284013 3.35e-09
10554 0.17886733742735897 8.37e-09
10555 0.051249218996284249 4.67e-09
10556 0.051249218996284311 8.57e-09
10557 0.051249218996284054 3.46e-09
10558 0.19565212039147753 1.06e-08
10559 0.051249218996284075 3.73e-09
10560 0.051249218996284089 3.83e-09
10561 0.051249218996284089 4.25e-09
10562 0.051249218996284131 7.03e-09
10563 0.051249218996284047 3.58e-09
10564 0.051249218996284013 3.13e-09
10565 0.051249218996284068 4.23e-09
10566 0.05124921899628386 1.95e-09
10567 0.051249218996284082 3.69e-09
10568 0.19565212039147703 8.31e-09
10569 0.17886733742735877 1.1e-08
10570 0.23400567685299203 6.37e-09
10571 0.23400567685299456 1.77e-08
10572 0.051249218996284089 3.59e-09
10573 0.05124921899628411 3.76e-09
10574 0.051249218996284006 3.07e-09
10575 0.19565212039147709 8.08e-09
10576 0.051249218996284179 4.3e-09
10577 0.21223225941084073 1.86e-08
10578 0.051249218996284249 4.63e-09
10579 0.051249218996284047 3.41e-09
10580 0.19565212039147692 7.27e-09
10581 0.05124921899628427 4.67e-09
10582 0.051249218996284367 5.1e-09
10583 0.051249218996284172 4.37e-09
10584 0.051249218996284131 4.16e-09
10585 0.051249218996284096 4.36e-09
10586 0.051249218996284165 5.62e-09
10587 0.051249218996284318 5.38e-09
10588 0.19565212039147689 1.78e-08
10589 0.17886733742735852 7.15e-09
10590 0.23400567685299392 1.14e-08
10591 0.051249218996283978 4.06e-09
10592 0.19565212039147745 9.08e-09
10593 0.051249218996283874 1.51e-09
10594 0.051249218996284013 3.12e-09
10595 0.051249218996284061 3.54e-09
10596 0.2619487077142767 9.48e-09
10597 0.051249218996284186 4.41e-09
10598 0.051249218996284047 3.39e-09
10599 0.051249218996284089 8.14e-09
10600 0.051249218996284061 6.05e-09
10601 0.051249218996284214 4.75e-09
10602 0.051249218996284103 4.82e-09
10603 0.051249218996284519 6.1e-09
10604 0.051249218996284318 5.17e-09
10605 0.051249218996284172 4.3e-09
10606 0.051249218996284096 3.62e-09
10607 0.051249218996283964 2.68e-09
10608 0.29414667819031109 2.52e-08
10609 0.29414667819030976 2.63e-08
10610 0.17886733742736002 1.05e-08
10611 0.051249218996284152 4.31e-09
10612 0.051249218996283957 3.3e-09
10613 0.051249218996283964 8.15e-09
10614 0.23400567685299686 1.69e-08
10615 0.051249218996283999 4.29e-09
10616 0.2340056768529922 6.74e-09
10617 0.051249218996284089 4.23e-09
10618 0.19565212039147656 6.51e-09
10619 0.051249218996284075 3.9e-09
10620 0.051249218996284061 3.48e-09
10621 0.051249218996284159 6.68e-09
10622 0.051249218996284193 5.19e-09
10623 0.051249218996284034 4.71e-09
10624 0.23400567685299339 1.13e-08
10625 0.23400567685299262 7.58e-09
10626 0.23400567685299209 6.48e-09
10627 0.23400567685299389 9.91e-09
10628 0.23400567685299278 8.03e-09
10629 0.051249218996284061 4.25e-09
10630 0.051249218996283978 3e-09
10631 0.19565212039147725 1.21e-08
10632 0.05124921899628411 5.58e-09
10633 0.051249218996284387 6.49e-09
10634 0.051249218996284054 4.49e-09
10635 0.1956521203914762 6.19e-09
10636 0.051249218996284006 8.04e-09
10637 0.051249218996284228 4.65e-09
10638 0.23400567685299314 1.44e-08
10639 0.051249218996284047 3.94e-09
10640 0.051249218996284041 3.35e-09
10641 0.051249218996284089 4.04e-09
10642 0.05124921899628427 4.84e-09
10643 0.23400567685299242 1.09e-08
10644 0.051249218996283978 3.07e-09
10645 0.19565212039147761 1.19e-08
10646 0.051249218996284304 5.36e-09
10647 0.051249218996284311 5.28e-09
10648 0.19565212039147792 1.03e-08
10649 0.051249218996284089 3.71e-09
10650 0.051249218996284041 5.03e-09
10651 0.17886733742736044 1.21e-08
10652 0.19565212039147842 1.16e-08
10653 0.051249218996284054 4.04e-09
10654 0.19565212039147697 1.28e-08
10655 0.051249218996284075 4.16e-09
10656 0.051249218996283978 2.76e-09
10657 0.23400567685299292 7.74e-09
10658 0.051249218996283936 2.57e-09
10659 0.051249218996283992 2.94e-09
10660 0.051249218996283999 3.77e-09
10661 0.051249218996284165 4.27e-09
10662 0.051249218996284505 7.86e-09
10663 0.051249218996283957 3e-09
10664 0.051249218996284401 7.43e-09
10665 0.051249218996284318 5.33e-09
10666 0.051249218996284235 4.57e-09
10667 0.2619487077142803 1.1e-08
10668 0.23400567685299212 1.22e-08
10669 0.05124921899628411 3.86e-09
10670 0.19565212039147781 1.11e-08
10671 0.051249218996284186 4.28e-09
10672 0.17886733742735941 1.43e-08
10673 0.23400567685299176 5.53e-09
10674 0.23400567685299242 8.29e-09
10675 0.051249218996284207 4.35e-09
10676 0.051249218996283909 4.38e-09
10677 0.051249218996284027 6.55e-09
10678 0.051249218996284075 3.54e-09
10679 0.21223225941084112 1.41e-08
10680 0.051249218996284082 5.25e-09
10681 0.29414667819029583 2.11e-08
10682 0.051249218996284492 5.73e-09
10683 0.1956521203914767 1.67e-08
10684 0.051249218996284054 6.14e-09
10685 0.051249218996283999 3.22e-09
10686 0.051249218996284242 8.48e-09
10687 0.051249218996284013 3.09e-09
10688 0.19565212039147692 8.35e-09
10689 0.19565212039147736 9.35e-09
10690 0.051249218996284047 3.5e-09
10691 0.051249218996284124 6.02e-09
10692 0.051249218996284186 7.66e-09
10693 0.051249218996284041 3.32e-09
10694 0.051249218996284256 4.94e-09
10695 0.051249218996284339 6.07e-09
10696 0.051249218996283916 3.55e-09
10697 0.051249218996284089 3.54e-09
10698 0.17886733742736002 8.36e-09
10699 0.051249218996284117 3.87e-09
10700 0.051249218996284041 3.4e-09
10701 0.17886733742735916 1.94e-08
10702 0.051249218996284089 5.12e-09
10703 0.19565212039147728 8.4e-09
10704 0.19565212039147761 1.03e-08
10705 0.21223225941083892 2.27e-08
10706 0.26194870771427486 6.5e-09
10707 0.26194870771428147 1.59e-08
10708 0.051249218996283902 5.33e-09
10709 0.051249218996284159 4.32e-09
10710 0.051249218996284061 4.23e-09
10711 0.051249218996283999 2.97e-09
10712 0.05124921899628402 5.1e-09
10713 0.051249218996284159 4.45e-09
10714 0.051249218996284644 6.8e-09
10715 0.051249218996284179 4.52e-09
10716 0.19565212039147717 9.31e-09
10717 0.23400567685299339 9.92e-09
10718 0.051249218996284027 3.12e-09
10719 0.051249218996283992 3.67e-09
10720 0.051249218996284263 7.26e-09
10721 0.051249218996283978 2.86e-09
10722 0.051249218996284193 7.02e-09
10723 0.2771320937767095 9.65e-09
10724 0.051249218996284436 5.81e-09
10725 0.051249218996284027 3.26e-09
10726 0.051249218996284075 7.72e-09
10727 0.17886733742735961 1.16e-08
10728 0.051249218996283881 2.26e-09
10729 0.051249218996284103 4.4e-09
10730 0.26194870771428191 1.49e-08
10731 0.051249218996284124 6.62e-09
10732 0.051249218996283964 2.75e-09
10733 0.051249218996284374 5.46e-09
10734 0.19565212039147692 1.05e-08
10735 0.051249218996284089 3.6e-09
10736 0.051249218996283992 2.98e-09
10737 0.051249218996283943 7.87e-09
10738 0.29414667819039692 1.93e-08
10739 0.051249218996284179 4.27e-09
10740 0.051249218996284422 5.48e-09
10741 0.051249218996284138 4.14e-09
10742 0.051249218996284096 7.19e-09
10743 0.051249218996284068 3.86e-09
10744 0.05124921899628395 6.81e-09
10745 0.051249218996284061 3.55e-09
10746 0.27713209377671022 1.45e-08
10747 0.051249218996284068 3.73e-09
10748 0.051249218996284027 3.31e-09
10749 0.051249218996284249 5.24e-09
10750 0.051249218996284346 5.58e-09
10751 0.051249218996284013 6.55e-09
10752 0.051249218996284228 6.72e-09
10753 0.051249218996284027 3.43e-09
10754 0.21223225941084542 1.67e-08
10755 0.051249218996284138 4.1e-09
10756 0.051249218996284041 3.33e-09
10757 0.051249218996284353 6.47e-09
10758 0.23400567685299448 1.07e-08
10759 0.05124921899628429 7.24e-09
10760 0.051249218996284124 4.95e-09
10761 0.051249218996284325 6.02e-09
10762 0.051249218996284276 5.56e-09
10763 0.051249218996284047 4.2e-09
10764 0.051249218996283902 3.97e-09
10765 0.051249218996284145 4e-09
10766 0.051249218996283985 2.82e-09
10767 0.051249218996284256 6.33e-09
10768 0.051249218996284152 4.3e-09
10769 0.051249218996284047 3.3e-09
10770 0.23400567685299273 7.46e-09
10771 0.19565212039147709 7.93e-09
10772 0.051249218996284283 7.78e-09
10773 0.051249218996284179 4.49e-09
10774 0.051249218996284179 7.06e-09
10775 0.23400567685299523 1.6e-08
10776 0.19565212039147736 1.34e-08
10777 0.19565212039147684 7.11e-09
10778 0.29414667819025042 1.75e-08
10779 0.051249218996284124 5.54e-09
10780 0.23400567685299453 1.08e-08
10781 0.051249218996284186 4.25e-09
10782 0.19565212039147811 1.95e-08
10783 0.051249218996284117 3.79e-09
10784 0.27713209377670917 7.43e-09
10785 0.19565212039147825 1.72e-08
10786 0.051249218996284207 4.39e-09
10787 0.051249218996284471 6.83e-09
10788 0.051249218996284124 4.04e-09
10789 0.051249218996284367 5.38e-09
10790 0.17886733742735927 8.7e-09
10791 0.051249218996284145 5.79e-09
10792 0.051249218996283909 5.3e-09
10793 0.051249218996284193 4.59e-09
10794 0.17886733742736616 1.49e-08
10795 0.05124921899628395 4.13e-09
10796 0.051249218996284034 3.37e-09
10797 0.051249218996284179 4.49e-09
10798 0.19565212039147856 1.67e-08
10799 0.051249218996284193 6.28e-09
10800 0.19565212039147742 8.95e-09
10801 0.27713209377670989 1.12e-08
10802 0.051249218996284082 3.64e-09
10803 0.051249218996284568 5.95e-09
10804 0.051249218996284061 3.46e-09
10805 0.051249218996284145 4.09e-09
10806 0.051249218996283971 3.23e-09
10807 0.051249218996284006 3.11e-09
10808 0.051249218996284179 5.07e-09
10809 0.051249218996284263 4.76e-09
10810 0.051249218996284034 7.96e-09
10811 0.051249218996284075 5.68e-09
10812 0.051249218996284047 3.81e-09
10813 0.051249218996284145 6.14e-09
10814 0.05124921899628427 8.38e-09
10815 0.1788673374273626 1.16e-08
10816 0.17886733742735977 1.54e-08
10817 0.051249218996284394 5.71e-09
10818 0.051249218996284325 6.81e-09
10819 0.23400567685299203 6.05e-09
10820 0.23400567685299226 9.62e-09
10821 0.051249218996284172 4.5e-09
10822 0.05124921899628411 6.9e-09
10823 0.051249218996284207 6.02e-09
10824 0.051249218996284082 3.87e-09
10825 0.051249218996283985 3.54e-09
10826 0.19565212039147692 7.86e-09
10827 0.051249218996284186 5.19e-09
10828 0.17886733742736113 1.16e-08
10829 0.051249218996283964 2.89e-09
10830 0.23400567685299237 1.23e-08
10831 0.051249218996284068 4.01e-09
10832 0.051249218996284117 6.81e-09
10833 0.051249218996284103 5.83e-09
10834 0.051249218996284436 1.09e-08
10835 0.051249218996284027 3.29e-09
10836 0.051249218996284325 5.42e-09
10837 0.23400567685299489 1.22e-08
10838 0.1956521203914775 9.6e-09
10839 0.05124921899628429 4.75e-09
10840 0.051249218996284249 4.81e-09
10841 0.051249218996284013 3.14e-09
10842 0.051249218996284436 5.49e-09
10843 0.23400567685299234 1.15e-08
10844 0.23400567685299228 5.77e-09
10845 0.23400567685299348 1.07e-08
10846 0.051249218996284138 5.28e-09
10847 0.051249218996284152 5.31e-09
10848 0.051249218996284047 3.56e-09
10849 0.051249218996284165 4.12e-09
10850 0.19565212039147689 7.92e-09
10851 0.051249218996284138 8.46e-09
10852 0.19565212039147722 8.62e-09
10853 0.051249218996284186 4.42e-09
10854 0.051249218996284089 4.03e-09
10855 0.051249218996283964 2.78e-09
10856 0.051249218996284165 4.15e-09
10857 0.051249218996283943 3.75e-09
10858 0.19565212039147775 1.86e-08
10859 0.051249218996284117 3.77e-09
10860 0.051249218996283943 5.5e-09
10861 0.23400567685299328 1.41e-08
10862 0.05124921899628402 3.52e-09
10863 0.051249218996284186 6.88e-09
10864 0.051249218996284068 7.5e-09
10865 0.26767860546961875 1.42e-08
10866 0.051249218996284492 6.75e-09
10867 0.051249218996284006 4.22e-09
10868 0.051249218996283895 2.01e-09
10869 0.051249218996284047 3.68e-09
10870 0.051249218996284013 4.81e-09
10871 0.051249218996284068 5.86e-09
10872 0.051249218996283957 5.43e-09
10873 0.051249218996284207 7.5e-09
10874 0.051249218996284311 1.02e-08
10875 0.05124921899628411 7e-09
10876 0.051249218996284096 3.72e-09
10877 0.051249218996283978 3.07e-09
10878 0.051249218996284172 4.67e-09
10879 0.05124921899628427 5.83e-09
10880 0.051249218996284089 3.69e-09
10881 0.051249218996284193 5.15e-09
10882 0.2619487077142838 1.37e-08
10883 0.051249218996283999 3.73e-09
10884 0.0512492189962842 5.08e-09
10885 0.051249218996284054 3.47e-09
10886 0.051249218996284047 3.67e-09
10887 0.051249218996284068 5.85e-09
10888 0.051249218996283999 3.16e-09
10889 0.051249218996284041 3.51e-09
10890 0.051249218996284186 4.21e-09
10891 0.051249218996283881 4.78e-09
10892 0.051249218996284089 3.69e-09
10893 0.051249218996283923 2.25e-09
10894 0.051249218996284096 3.81e-09
10895 0.051249218996284041 3.38e-09
10896 0.051249218996284047 3.53e-09
10897 0.23400567685299267 9.63e-09
10898 0.19565212039147689 1.03e-08
10899 0.051249218996284047 3.35e-09
10900 0.051249218996284339 5.06e-09
10901 0.19565212039147722 9.33e-09
10902 0.051249218996284221 9.05e-09
10903 0.051249218996284152 8.04e-09
10904 0.19565212039147703 1.11e-08
10905 0.051249218996284041 3.2e-09
10906 0.051249218996283964 7.01e-09
10907 0.23400567685299509 1.35e-08
10908 0.051249218996284047 3.53e-09
10909 0.19565212039147784 1.18e-08
10910 0.051249218996284283 7.6e-09
10911 0.051249218996284034 8.89e-09
10912 0.051249218996284401 5.42e-09
10913 0.051249218996284061 3.41e-09
10914 0.26194870771428114 1.18e-08
10915 0.051249218996284013 4.17e-09
10916 0.23400567685299248 8.18e-09
10917 0.051249218996284165 7.03e-09
10918 0.051249218996284332 6.32e-09
10919 0.23400567685299342 8.56e-09
10920 0.051249218996283957 6.76e-09
10921 0.051249218996284089 5e-09
10922 0.051249218996283999 3.41e-09
10923 0.051249218996284041 3.89e-09
10924 0.051249218996284096 3.69e-09
10925 0.051249218996284006 3.1e-09
10926 0.051249218996284325 5.25e-09
10927 0.23400567685299289 9.54e-09
10928 0.051249218996284082 3.86e-09
10929 0.051249218996284075 3.59e-09
10930 0.051249218996283936 2.56e-09
10931 0.051249218996283902 3.5e-09
10932 0.051249218996284006 3.1e-09
10933 0.051249218996283936 6.94e-09
10934 0.051249218996284041 7.46e-09
10935 0.051249218996284047 3.38e-09
10936 0.05124921899628393 3.69e-09
10937 0.051249218996284054 3.63e-09
10938 0.23400567685299198 6.35e-09
10939 0.23400567685299278 9.09e-09
10940 0.051249218996284068 5.7e-09
10941 0.051249218996284367 5.73e-09
10942 0.051249218996284172 6e-09
10943 0.051249218996284068 5.92e-09
10944 0.051249218996284054 3.39e-09
10945 0.051249218996284082 3.53e-09
10946 0.051249218996284228 4.48e-09
10947 0.23400567685299245 7.85e-09
10948 0.051249218996284193 4.26e-09
10949 0.051249218996284159 4.35e-09
10950 0.05124921899628411 5.9e-09
10951 0.051249218996283971 2.97e-09
10952 0.051249218996284256 6.93e-09
10953 0.051249218996284346 6.32e-09
10954 0.051249218996284165 4.05e-09
10955 0.051249218996284228 4.52e-09
10956 0.051249218996284034 4.2e-09
10957 0.051249218996284103 3.76e-09
10958 0.051249218996284283 7.68e-09
10959 0.051249218996283902 5.23e-09
10960 0.051249218996284075 3.63e-09
10961 0.26767860546963013 1.82e-08
10962 0.051249218996284027 5.64e-09
10963 0.051249218996284075 4.84e-09
10964 0.051249218996284124 4.55e-09
10965 0.051249218996284193 4.64e-09
10966 0.051249218996283971 2.84e-09
10967 0.17886733742735983 1.68e-08
10968 0.051249218996284124 4.32e-09
10969 0.051249218996284443 6.51e-09
10970 0.051249218996284006 3.34e-09
10971 0.051249218996284013 3.11e-09
10972 0.051249218996284408 5.8e-09
10973 0.051249218996283992 4.27e-09
10974 0.19565212039147709 7.92e-09
10975 0.051249218996284096 8.85e-09
10976 0.051249218996284394 6e-09
10977 0.19565212039147725 8.88e-09
10978 0.19565212039147697 7.42e-09
10979 0.051249218996284075 8.17e-09
10980 0.17886733742736136 1.19e-08
10981 0.17886733742736177 1.06e-08
10982 0.051249218996284068 3.66e-09
10983 0.051249218996284047 3.52e-09
10984 0.23400567685299231 7.48e-09
10985 0.05124921899628395 3.73e-09
10986 0.23400567685299217 1.14e-08
10987 0.051249218996284047 3.46e-09
10988 0.05124921899628429 5.14e-09
10989 0.051249218996284394 5.26e-09
10990 0.051249218996284124 3.86e-09
10991 0.051249218996283957 2.83e-09
10992 0.051249218996284353 5.64e-09
10993 0.23400567685299267 9.43e-09
10994 0.17886733742736249 2.01e-08
10995 0.19565212039147611 4.64e-09
10996 0.19565212039147739 1.65e-08
10997 0.051249218996284131 5.41e-09
10998 0.17886733742736502 1.55e-08
10999 0.23400567685299337 9.19e-09
11000 0.23400567685299356 1.79e-08
11001 0.051249218996284193 4.26e-09
11002 0.19565212039147878 1.5e-08
11003 0.051249218996284152 6.19e-09
11004 0.051249218996283992 2.95e-09
11005 0.19565212039147822 1.8e-08
11006 0.051249218996284068 6.72e-09
11007 0.051249218996284276 4.82e-09
11008 0.051249218996284193 4.49e-09
11009 0.051249218996284054 5.69e-09
11010 0.29414667819048046 2.58e-08
11011 0.051249218996284061 3.86e-09
11012 0.23400567685299242 8.75e-09
11013 0.19565212039147695 7.95e-09
11014 0.051249218996284263 4.69e-09
11015 0.051249218996284485 5.64e-09
11016 0.051249218996284374 6.34e-09
11017 0.19565212039147631 4.85e-09
11018 0.051249218996284047 6.49e-09
11019 0.051249218996284027 4.42e-09
11020 0.05124921899628429 4.88e-09
11021 0.19565212039147734 1.55e-08
11022 0.051249218996284235 6.29e-09
11023 0.051249218996284047 3.35e-09
11024 0.051249218996284082 3.59e-09
11025 0.051249218996284054 5.52e-09
11026 0.19565212039147695 8.36e-09
11027 0.051249218996284103 7.38e-09
11028 0.051249218996284138 3.94e-09
11029 0.051249218996283916 5.87e-09
11030 0.19565212039147725 1.75e-08
11031 0.051249218996284256 9.62e-09
11032 0.051249218996283999 3.15e-09
11033 0.051249218996284186 4.19e-09
11034 0.051249218996284172 4.18e-09
11035 0.051249218996284276 5.02e-09
11036 0.051249218996284068 3.43e-09
11037 0.051249218996284297 5.3e-09
11038 0.051249218996284124 4.47e-09
11039 0.19565212039147839 1.97e-08
11040 0.051249218996284096 3.95e-09
11041 0.051249218996284603 6.13e-09
11042 0.051249218996284401 7.41e-09
11043 0.05124921899628395 3.97e-09
11044 0.051249218996284006 3.19e-09
11045 0.051249218996284263 4.63e-09
11046 0.051249218996284283 5.21e-09
11047 0.051249218996284075 6.91e-09
11048 0.051249218996284034 3.49e-09
11049 0.23400567685299217 7.15e-09
11050 0.051249218996283992 3.08e-09
11051 0.051249218996284124 7.27e-09
11052 0.26767860546962297 1.98e-08
11053 0.051249218996284381 6.64e-09
11054 0.23400567685299381 1.03e-08
11055 0.23400567685299253 1.17e-08
11056 0.051249218996284117 3.92e-09
11057 0.17886733742735852 1.01e-08
11058 0.0512492189962842 4.52e-09
11059 0.051249218996284276 5.43e-09
11060 0.051249218996283964 3.25e-09
11061 0.17886733742735869 7.65e-09
11062 0.23400567685299253 1.42e-08
11063 0.051249218996284165 6.95e-09
11064 0.17886733742736682 2.16e-08
11065 0.051249218996284165 4.26e-09
11066 0.051249218996284054 3.51e-09
11067 0.051249218996284235 9.48e-09
11068 0.051249218996283964 2.91e-09
11069 0.19565212039147825 1.43e-08
11070 0.051249218996284138 4.78e-09
11071 0.05124921899628393 2.44e-09
11072 0.051249218996283978 2.84e-09
11073 0.051249218996283957 2.85e-09
11074 0.051249218996284041 3.3e-09
11075 0.2619487077142843 1.44e-08
11076 0.19565212039147722 8.24e-09
11077 0.051249218996283936 3.57e-09
11078 0.051249218996283957 3.83e-09
11079 0.23400567685299431 1.34e-08
11080 0.05124921899628402 3.31e-09
11081 0.051249218996284325 8.88e-09
11082 0.051249218996284325 5.01e-09
11083 0.21223225941083862 1.2e-08
11084 0.051249218996284047 4.95e-09
11085 0.051249218996284186 5.37e-09
11086 0.051249218996284013 7.27e-09
11087 0.051249218996283957 2.8e-09
11088 0.051249218996283881 2.45e-09
11089 0.051249218996284214 4.55e-09
11090 0.051249218996284207 7.89e-09
11091 0.051249218996284124 4.78e-09
11092 0.23400567685299253 6.6e-09
11093 0.051249218996284131 4.13e-09
11094 0.19565212039147747 9.1e-09
11095 0.051249218996284027 3.14e-09
11096 0.051249218996284172 4.11e-09
11097 0.19565212039147642 6.39e-09
11098 0.17886733742735977 9.77e-09
11099 0.23400567685299337 1.29e-08
11100 0.05124921899628411 3.78e-09
11101 0.051249218996284256 5.37e-09
11102 0.051249218996284165 4.33e-09
11103 0.051249218996284117 3.84e-09
11104 0.051249218996284172 5.86e-09
11105 0.051249218996284041 1.11e-08
11106 0.051249218996284193 5.44e-09
11107 0.051249218996284068 4.11e-09
11108 0.23400567685299267 1.44e-08
11109 0.05124921899628395 2.89e-09
11110 0.051249218996284047 7.36e-09
11111 0.051249218996284103 3.81e-09
11112 0.051249218996284054 3.61e-09
11113 0.2340056768529922 7.25e-09
11114 0.19565212039147697 7.39e-09
11115 0.051249218996284082 3.64e-09
11116 0.051249218996284221 7.12e-09
11117 0.17886733742735952 1.15e-08
11118 0.19565212039147659 6.86e-09
11119 0.23400567685299237 1.22e-08
11120 0.19565212039147659 9.56e-09
11121 0.051249218996284394 6.26e-09
11122 0.1956521203914767 9.35e-09
11123 0.21223225941083923 1.25e-08
11124 0.051249218996284283 5.34e-09
11125 0.05124921899628395 2.71e-09
11126 0.17886733742735908 7.97e-09
11127 0.051249218996284221 4.55e-09
11128 0.23400567685299195 7.19e-09
11129 0.051249218996284346 9.03e-09
11130 0.1956521203914772 1.43e-08
11131 0.051249218996284186 4.27e-09
11132 0.051249218996284214 4.44e-09
11133 0.051249218996284172 4.65e-09
11134 0.051249218996284235 5.8e-09
11135 0.05124921899628427 7.28e-09
11136 0.051249218996284068 3.81e-09
11137 0.05124921899628411 3.88e-09
11138 0.051249218996284068 4.78e-09
11139 0.051249218996284061 3.4e-09
11140 0.051249218996284075 4.72e-09
11141 0.051249218996284616 9.87e-09
11142 0.23400567685299475 1.13e-08
11143 0.23400567685299667 1.82e-08
11144 0.19565212039147659 7.29e-09
11145 0.051249218996284124 3.87e-09
11146 0.23400567685299306 8.89e-09
11147 0.051249218996284096 4.04e-09
11148 0.1788673374273583 7.83e-09
11149 0.23400567685299331 8.62e-09
11150 0.051249218996283999 3.01e-09
11151 0.051249218996283916 2.79e-09
11152 0.05124921899628395 2.66e-09
11153 0.26194870771428169 1.22e-08
11154 0.23400567685299381 9.4e-09
11155 0.051249218996284159 4.68e-09
11156 0.051249218996284138 3.96e-09
11157 0.051249218996284242 6.4e-09
11158 0.051249218996284075 3.71e-09
11159 0.1956521203914772 1.21e-08
11160 0.051249218996284103 3.72e-09
11161 0.23400567685299378 9.55e-09
11162 0.23400567685299209 1.41e-08
11163 0.051249218996284096 3.72e-09
11164 0.051249218996284068 3.5e-09
11165 0.051249218996284138 4.15e-09
11166 0.27713209377670944 1.08e-08
11167 0.05124921899628411 3.71e-09
11168 0.051249218996284013 3.13e-09
11169 0.23400567685299317 8.4e-09
11170 0.23400567685299214 6.86e-09
11171 0.051249218996284089 3.63e-09
11172 0.051249218996284054 4.43e-09
11173 0.051249218996283978 3.06e-09
11174 0.051249218996284054 3.48e-09
11175 0.23400567685299326 1.85e-08
11176 0.051249218996284159 1.01e-08
11177 0.23400567685299217 9.84e-09
11178 0.051249218996284117 4.89e-09
11179 0.051249218996284235 4.73e-09
11180 0.17886733742736027 8.97e-09
11181 0.051249218996284054 5.33e-09
11182 0.23400567685299214 6.81e-09
11183 0.051249218996284131 4.95e-09
11184 0.051249218996284297 4.79e-09
11185 0.33074167787592323 1.99e-08
11186 0.26194870771428141 2.05e-08
11187 0.051249218996284075 5.14e-09
11188 0.051249218996284165 4.19e-09
11189 0.051249218996284339 5.34e-09
11190 0.051249218996284068 3.55e-09
11191 0.051249218996284103 7.66e-09
11192 0.051249218996284075 3.71e-09
11193 0.051249218996284103 3.7e-09
11194 0.26194870771428169 1.62e-08
11195 0.051249218996284027 6.19e-09
11196 0.051249218996284124 5.32e-09
11197 0.051249218996284117 4.51e-09
11198 0.051249218996284283 5.71e-09
11199 0.051249218996284214 4.78e-09
11200 0.051249218996284207 4.4e-09
11201 0.19565212039147703 8.61e-09
11202 0.23400567685299228 1.74e-08
11203 0.051249218996284061 3.92e-09
11204 0.051249218996283978 6.83e-09
11205 0.051249218996284075 3.93e-09
11206 0.051249218996284034 3.29e-09
11207 0.051249218996284339 7.89e-09
11208 0.051249218996284228 4.65e-09
11209 0.21223225941084403 1.72e-08
11210 0.23400567685299217 7.94e-09
11211 0.051249218996284256 4.63e-09
11212 0.051249218996284096 5.89e-09
11213 0.051249218996284089 4.35e-09
11214 0.051249218996284068 3.49e-09
11215 0.051249218996284242 5.02e-09
11216 0.19565212039147845 1.98e-08
11217 0.33888848476464833 1.29e-08
11218 0.051249218996284103 9.81e-09
11219 0.051249218996284089 3.83e-09
11220 0.051249218996283978 2.83e-09
11221 0.051249218996284152 5.57e-09
11222 0.05124921899628436 8.89e-09
11223 0.051249218996284165 4.87e-09
11224 0.051249218996284138 4.2e-09
11225 0.051249218996284089 3.72e-09
11226 0.19565212039147675 7.33e-09
11227 0.05124921899628393 2.4e-09
11228 0.051249218996283992 2.98e-09
11229 0.051249218996284193 7.99e-09
11230 0.051249218996284034 3.31e-09
11231 0.23400567685299356 1.1e-08
11232 0.051249218996283999 3.04e-09
11233 0.051249218996284047 3.38e-09
11234 0.178867337427358 5.81e-09
11235 0.17886733742735819 6.17e-09
11236 0.051249218996284145 9.29e-09
11237 0.051249218996284242 4.52e-09
11238 0.051249218996284068 3.65e-09
11239 0.26767860546962247 1.16e-08
11240 0.23400567685299192 6.17e-09
11241 0.051249218996284047 3.81e-09
11242 0.051249218996284041 6.63e-09
11243 0.19565212039147747 9.23e-09
11244 0.051249218996284152 4.25e-09
11245 0.051249218996284061 4.1e-09
11246 0.051249218996284263 4.91e-09
11247 0.051249218996283999 4.42e-09
11248 0.051249218996284013 3.14e-09
11249 0.17886733742736377 1.39e-08
11250 0.05124921899628411 3.83e-09
11251 0.051249218996284145 4.16e-09
11252 0.29414667819033813 2.66e-08
11253 0.19565212039147709 9.38e-09
11254 0.0512492189962842 4.43e-09
11255 0.051249218996284207 4.79e-09
11256 0.051249218996283916 7.65e-09
11257 0.051249218996284103 3.9e-09
11258 0.051249218996284131 6.2e-09
11259 0.26194870771427786 1.04e-08
11260 0.051249218996284249 4.63e-09
11261 0.051249218996284096 3.72e-09
11262 0.051249218996284041 4.92e-09
11263 0.23400567685299339 8.76e-09
11264 0.051249218996284013 1e-08
11265 0.1956521203914777 1.73e-08
11266 0.0512492189962842 6.36e-09
11267 0.051249218996283964 2.68e-09
11268 0.051249218996284082 3.58e-09
11269 0.051249218996284311 5.31e-09
11270 0.051249218996284103 3.83e-09
11271 0.051249218996284068 6.96e-09
11272 0.051249218996284047 3.38e-09
11273 0.23400567685299353 1.4e-08
11274 0.19565212039147853 1.16e-08
11275 0.051249218996284061 4.19e-09
11276 0.0512492189962842 7.49e-09
11277 0.23400567685299276 1.12e-08
11278 0.051249218996283964 3.86e-09
11279 0.051249218996284054 8.57e-09
11280 0.051249218996284311 5.57e-09
11281 0.23400567685299284 9.87e-09
11282 0.051249218996283992 4.76e-09
11283 0.051249218996284068 3.5e-09
11284 0.19565212039147667 7.21e-09
11285 0.051249218996283999 3.74e-09
11286 0.051249218996284152 4.6e-09
11287 0.1788673374273608 1.17e-08
11288 0.051249218996284152 4.09e-09
11289 0.23400567685299273 6.98e-09
11290 0.051249218996284457 6.21e-09
11291 0.051249218996283999 4.06e-09
11292 0.19565212039147756 1.13e-08
11293 0.23400567685299359 1.14e-08
11294 0.051249218996284075 4.33e-09
11295 0.26194870771428075 1.18e-08
11296 0.051249218996284124 3.97e-09
11297 0.051249218996284332 5.31e-09
11298 0.23400567685299423 1.9e-08
11299 0.23400567685299256 1.12e-08
11300 0.23400567685299342 1.04e-08
11301 0.05124921899628411 5.98e-09
11302 0.05124921899628411 5.43e-09
11303 0.051249218996284381 8.14e-09
11304 0.051249218996284242 6.8e-09
11305 0.051249218996284041 3.33e-09
11306 0.051249218996284006 3.16e-09
11307 0.051249218996284138 6.54e-09
11308 0.051249218996284089 3.6e-09
11309 0.051249218996283957 2.73e-09
11310 0.051249218996284249 4.92e-09
11311 0.051249218996284387 5.25e-09
11312 0.051249218996284159 4.31e-09
11313 0.051249218996284186 4.52e-09
11314 0.051249218996284165 4.15e-09
11315 0.051249218996284089 5.19e-09
11316 0.23400567685299289 1.39e-08
11317 0.051249218996284034 3.78e-09
11318 0.1956521203914772 1.28e-08
11319 0.05124921899628393 2.91e-09
11320 0.23400567685299281 1.61e-08
11321 0.051249218996284061 6.48e-09
11322 0.051249218996283992 2.85e-09
11323 0.051249218996284013 8.29e-09
11324 0.19565212039147814 1.07e-08
11325 0.051249218996284103 3.77e-09
11326 0.051249218996284249 4.67e-09
11327 0.051249218996284179 5.21e-09
11328 0.051249218996283978 2.95e-09
11329 0.051249218996284221 6.62e-09
11330 0.051249218996284131 4.02e-09
11331 0.05124921899628411 3.8e-09
11332 0.19565212039147672 6.9e-09
11333 0.051249218996284006 3.1e-09
11334 0.19565212039147722 9.8e-09
11335 0.051249218996284124 3.91e-09
11336 0.051249218996284068 3.65e-09
11337 0.23400567685299323 1.02e-08
11338 0.051249218996284325 7.03e-09
11339 0.051249218996284207 4.61e-09
11340 0.051249218996284013 3.15e-09
11341 0.051249218996283881 2.57e-09
11342 0.051249218996284006 3.91e-09
11343 0.051249218996283971 2.68e-09
11344 0.23400567685299267 8.55e-09
11345 0.23400567685299339 1.38e-08
11346 0.051249218996284047 3.33e-09
11347 0.051249218996283909 2.17e-09
11348 0.051249218996284027 4.75e-09
11349 0.051249218996284054 3.83e-09
11350 0.051249218996284256 6.22e-09
11351 0.051249218996284103 4.29e-09
11352 0.051249218996284651 6.29e-09
11353 0.26194870771428508 1.46e-08
11354 0.23400567685299214 5.89e-09
11355 0.051249218996284061 3.59e-09
11356 0.19565212039147648 6.22e-09
11357 0.051249218996284596 1.03e-08
11358 0.051249218996284034 3.23e-09
11359 0.05124921899628429 6.6e-09
11360 0.051249218996283978 3.26e-09
11361 0.19565212039147839 1.87e-08
11362 0.051249218996284131 4.78e-09
11363 0.051249218996284263 7.92e-09
11364 0.051249218996284145 6.08e-09
11365 0.051249218996283999 4.18e-09
11366 0.051249218996284179 4.98e-09
11367 0.051249218996284082 5.6e-09
11368 0.051249218996284145 4.1e-09
11369 0.23400567685299448 1.73e-08
11370 0.051249218996284047 3.42e-09
11371 0.051249218996284047 6.93e-09
11372 0.23400567685299231 7.22e-09
11373 0.051249218996284075 4.7e-09
11374 0.178867337427361 1.32e-08
11375 0.051249218996283985 2.92e-09
11376 0.051249218996284117 5.57e-09
11377 0.051249218996284152 4.18e-09
11378 0.051249218996283985 4.73e-09
11379 0.051249218996284235 4.99e-09
11380 0.051249218996284103 4.09e-09
11381 0.19565212039147692 1.16e-08
11382 0.27713209377671116 1.31e-08
11383 0.051249218996283985 3.07e-09
11384 0.051249218996283999 5.56e-09
11385 0.051249218996283999 2.99e-09
11386 0.051249218996284124 4.44e-09
11387 0.05124921899628402 3.26e-09
11388 0.27713209377670944 9.35e-09
11389 0.27713209377670917 9.78e-09
11390 0.051249218996284152 7.06e-09
11391 0.051249218996284047 4.38e-09
11392 0.051249218996284381 5.22e-09
11393 0.1788673374273618 1.1e-08
11394 0.051249218996284159 4.7e-09
11395 0.23400567685299253 9.95e-09
11396 0.051249218996284214 4.61e-09
11397 0.051249218996284131 3.97e-09
11398 0.051249218996284207 5.58e-09
11399 0.051249218996284096 4.15e-09
11400 0.051249218996284138 6.46e-09
11401 0.23400567685299226 7.21e-09
11402 0.051249218996284041 3.86e-09
11403 0.26194870771428941 2.07e-08
11404 0.17886733742735889 1.3e-08
11405 0.051249218996284179 4.15e-09
11406 0.05124921899628411 4.24e-09
11407 0.051249218996284145 4.15e-09
11408 0.05124921899628429 5.03e-09
11409 0.19565212039147678 6.76e-09
11410 0.051249218996284103 3.83e-09
11411 0.23400567685299178 7.68e-09
11412 0.051249218996284103 5.12e-09
11413 0.051249218996284256 5.79e-09
11414 0.19565212039147759 1.07e-08
11415 0.051249218996283916 3.6e-09
11416 0.23400567685299284 1.28e-08
11417 0.051249218996284013 5.23e-09
11418 0.051249218996284047 3.48e-09
11419 0.051249218996284103 3.96e-09
11420 0.051249218996284034 3.27e-09
11421 0.051249218996284221 5.51e-09
11422 0.05124921899628393 2.57e-09
11423 0.051249218996284068 3.44e-09
11424 0.23400567685299276 1.09e-08
11425 0.051249218996283909 2.47e-09
11426 0.23400567685299214 7.4e-09
11427 0.051249218996284068 4.11e-09
11428 0.051249218996284165 4.67e-09
11429 0.26194870771428108 2.44e-08
11430 0.051249218996284152 7.15e-09
11431 0.17886733742735927 1.66e-08
11432 0.19565212039147914 1.45e-08
11433 0.051249218996284499 6.74e-09
11434 0.051249218996283957 6.37e-09
11435 0.051249218996283985 3.04e-09
11436 0.23400567685299398 1.17e-08
11437 0.23400567685299295 1.01e-08
11438 0.23400567685299378 1.02e-08
11439 0.23400567685299228 7.27e-09
11440 0.2771320937767105 1.2e-08
11441 0.23400567685299209 6.41e-09
11442 0.051249218996284089 3.7e-09
11443 0.051249218996284374 1e-08
11444 0.19565212039147659 6.31e-09
11445 0.23400567685299289 1.43e-08
11446 0.23400567685299253 8.66e-09
11447 0.19565212039147653 6.78e-09
11448 0.051249218996284124 4.66e-09
11449 0.051249218996283943 5.34e-09
11450 0.051249218996284235 4.47e-09
11451 0.051249218996284047 3.47e-09
11452 0.051249218996284082 3.73e-09
11453 0.05124921899628427 6.07e-09
11454 0.234005676852994 9.95e-09
11455 0.051249218996284207 6.14e-09
11456 0.051249218996284068 4.47e-09
11457 0.19565212039147747 9.73e-09
11458 0.19565212039147761 9.42e-09
11459 0.051249218996284193 5.1e-09
11460 0.051249218996284096 6.8e-09
11461 0.051249218996284089 3.69e-09
11462 0.051249218996284068 3.5e-09
11463 0.23400567685299628 2.21e-08
11464 0.051249218996284138 3.94e-09
11465 0.195652120391478 2.4e-08
11466 0.051249218996284027 3.3e-09
11467 0.051249218996284006 3.33e-09
11468 0.17886733742735875 7.62e-09
11469 0.17886733742736347 1.58e-08
11470 0.26194870771428092 1.3e-08
11471 0.051249218996283964 3.29e-09
11472 0.23400567685299328 9.34e-09
11473 0.19565212039147742 1.03e-08
11474 0.19565212039147689 8.05e-09
11475 0.051249218996283999 3.45e-09
11476 0.051249218996284603 6.16e-09
11477 0.23400567685299248 8.36e-09
11478 0.051249218996284103 4.9e-09
11479 0.051249218996284061 4.35e-09
11480 0.21223225941084173 2.04e-08
11481 0.05124921899628436 5.23e-09
11482 0.051249218996284103 3.99e-09
11483 0.051249218996283971 2.96e-09
11484 0.05124921899628393 2.96e-09
11485 0.23400567685299289 1.07e-08
11486 0.051249218996284145 9.86e-09
11487 0.051249218996284221 6.73e-09
11488 0.05124921899628395 2.86e-09
11489 0.051249218996284034 3.68e-09
11490 0.23400567685299442 1.06e-08
11491 0.051249218996284061 3.46e-09
11492 0.051249218996284089 4.83e-09
11493 0.05124921899628436 1.03e-08
11494 0.051249218996284256 5.42e-09
11495 0.051249218996283964 2.69e-09
11496 0.051249218996283818 2.18e-09
11497 0.051249218996284207 4.46e-09
11498 0.05124921899628429 7.43e-09
11499 0.2340056768529945 1.79e-08
11500 0.051249218996284068 3.78e-09
11501 0.051249218996284006 3.04e-09
11502 0.051249218996284249 4.96e-09
11503 0.051249218996284041 4.87e-09
11504 0.051249218996283936 2.59e-09
11505 0.051249218996284283 6.57e-09
11506 0.051249218996284047 3.43e-09
11507 0.051249218996284054 4.87e-09
11508 0.2619487077142772 1.28e-08
11509 0.29414667819034662 2.26e-08
11510 0.05124921899628427 5.45e-09
11511 0.051249218996284047 3.34e-09
11512 0.051249218996284249 7.28e-09
11513 0.19565212039147756 1.43e-08
11514 0.2340056768529917 5.87e-09
11515 0.051249218996284138 4.04e-09
11516 0.051249218996284061 4.08e-09
11517 0.051249218996283964 3.34e-09
11518 0.05124921899628386 1.76e-09
11519 0.23400567685299314 7.99e-09
11520 0.051249218996284256 7.87e-09
11521 0.17886733742735994 1.03e-08
11522 0.051249218996284054 3.52e-09
11523 0.051249218996284159 4.6e-09
11524 0.051249218996284193 4.52e-09
11525 0.23400567685299356 1.67e-08
11526 0.23400567685299434 1.06e-08
11527 0.1956521203914777 9.77e-09
11528 0.051249218996284603 8.88e-09
11529 0.19565212039147833 1.28e-08
11530 0.23400567685299289 1.21e-08
11531 0.05124921899628393 2.64e-09
11532 0.051249218996283971 6.58e-09
11533 0.23400567685299198 6.12e-09
11534 0.23400567685299314 8.71e-09
11535 0.19565212039147639 8.99e-09
11536 0.051249218996284235 5.47e-09
11537 0.051249218996284172 4.07e-09
11538 0.19565212039147739 1e-08
11539 0.051249218996284117 4.73e-09
11540 0.051249218996284082 3.75e-09
11541 0.051249218996284082 3.59e-09
11542 0.23400567685299212 6.27e-09
11543 0.051249218996284027 3.27e-09
11544 0.051249218996283985 2.93e-09
11545 0.1788673374273618 1.27e-08
11546 0.051249218996284138 3.92e-09
11547 0.051249218996284325 5.65e-09
11548 0.051249218996284221 4.64e-09
11549 0.051249218996284443 6.55e-09
11550 0.051249218996284103 3.69e-09
11551 0.051249218996284165 4.34e-09
11552 0.051249218996283992 3.3e-09
11553 0.29414667819032098 2.09e-08
11554 0.05124921899628429 5.21e-09
11555 0.0512492189962842 7.47e-09
11556 0.17886733742735897 7.96e-09
11557 0.23400567685299231 8.5e-09
11558 0.051249218996284131 4.76e-09
11559 0.2340056768529932 1.12e-08
11560 0.19565212039147747 9.92e-09
11561 0.051249218996284061 3.47e-09
11562 0.051249218996284082 4.22e-09
11563 0.051249218996284138 6.77e-09
11564 0.051249218996284401 5.57e-09
11565 0.19565212039147717 1.7e-08
11566 0.051249218996284318 8.78e-09
11567 0.051249218996284096 4.03e-09
11568 0.051249218996284075 3.89e-09
11569 0.051249218996284221 4.71e-09
11570 0.051249218996284235 8.49e-09
11571 0.051249218996283916 3.36e-09
11572 0.051249218996283895 5.46e-09
11573 0.051249218996284068 3.48e-09
11574 0.051249218996284047 3.46e-09
11575 0.051249218996284145 6.41e-09
11576 0.051249218996284103 3.85e-09
11577 0.051249218996284242 5.38e-09
11578 0.051249218996284082 3.8e-09
11579 0.051249218996284193 4.24e-09
11580 0.051249218996284276 5.03e-09
11581 0.051249218996284013 3.24e-09
11582 0.23400567685299392 1.05e-08
11583 0.051249218996284061 3.63e-09
11584 0.051249218996284068 3.77e-09
11585 0.051249218996284027 3.54e-09
11586 0.051249218996284145 4.86e-09
11587 0.051249218996284082 3.69e-09
11588 0.23400567685299234 1.04e-08
11589 0.051249218996284214 4.61e-09
11590 0.19565212039147739 9.08e-09
11591 0.23400567685299439 1.05e-08
11592 0.051249218996284242 5.95e-09
11593 0.051249218996283999 3.01e-09
11594 0.051249218996284519 9.5e-09
11595 0.05124921899628411 6.19e-09
11596 0.051249218996284061 3.54e-09
11597 0.051249218996283867 5.66e-09
11598 0.051249218996284096 3.75e-09
11599 0.051249218996284075 3.53e-09
11600 0.051249218996284159 4.12e-09
11601 0.26194870771428103 1.22e-08
11602 0.051249218996284165 4.04e-09
11603 0.051249218996284034 4.02e-09
11604 0.051249218996284124 6.79e-09
11605 0.051249218996284034 3.26e-09
11606 0.051249218996284103 3.83e-09
11607 0.23400567685299345 9.5e-09
11608 0.051249218996284075 3.93e-09
11609 0.051249218996284027 3.53e-09
11610 0.051249218996284283 5.08e-09
11611 0.051249218996284672 8.13e-09
11612 0.051249218996284034 3.35e-09
11613 0.19565212039147706 1.04e-08
11614 0.051249218996283999 3.62e-09
11615 0.051249218996284138 1.14e-08
11616 0.05124921899628411 3.81e-09
11617 0.051249218996284304 5.75e-09
11618 0.051249218996284075 3.74e-09
11619 0.05124921899628411 5.56e-09
11620 0.051249218996284228 7.45e-09
11621 0.051249218996284082 3.63e-09
11622 0.19565212039147734 9.06e-09
11623 0.19565212039147703 8.51e-09
11624 0.051249218996283978 2.84e-09
11625 0.19565212039147686 1.2e-08
11626 0.17886733742736247 1.31e-08
11627 0.051249218996284249 5.16e-09
11628 0.051249218996284054 3.43e-09
11629 0.051249218996283971 2.98e-09
11630 0.051249218996284131 3.96e-09
11631 0.19565212039147628 4.67e-09
11632 0.05124921899628402 3.44e-09
11633 0.23400567685299278 7.6e-09
11634 0.051249218996284013 3.14e-09
11635 0.051249218996284096 7.52e-09
11636 0.051249218996283916 2.34e-09
11637 0.051249218996284103 8.32e-09
11638 0.051249218996283992 2.99e-09
11639 0.23400567685299273 9.01e-09
11640 0.051249218996284034 3.23e-09
11641 0.051249218996283978 2.89e-09
11642 0.051249218996284041 3.31e-09
11643 0.051249218996284242 7.12e-09
11644 0.051249218996284332 5.33e-09
11645 0.051249218996284145 4.31e-09
11646 0.051249218996284054 3.46e-09
11647 0.19565212039147778 1.4e-08
11648 0.051249218996284068 3.36e-09
11649 0.051249218996284152 6.25e-09
11650 0.051249218996284047 3.53e-09
11651 0.051249218996283888 1.97e-09
11652 0.051249218996284283 5.02e-09
11653 0.17886733742735822 7.76e-09
11654 0.05124921899628427 5.27e-09
11655 0.05124921899628427 1.02e-08
11656 0.051249218996284075 3.63e-09
11657 0.051249218996284117 4.04e-09
11658 0.051249218996284186 5.65e-09
11659 0.19565212039147653 5.78e-09
11660 0.051249218996284013 3.95e-09
11661 0.19565212039147767 1.05e-08
11662 0.19565212039147678 8.16e-09
11663 0.23400567685299201 5.97e-09
11664 0.21223225941083873 1.23e-08
11665 0.051249218996284117 4.95e-09
11666 0.051249218996284096 3.71e-09
11667 0.051249218996283999 3.07e-09
11668 0.051249218996284006 3.03e-09
11669 0.051249218996283999 3.37e-09
11670 0.051249218996284124 3.91e-09
11671 0.051249218996284221 1.04e-08
11672 0.05124921899628429 9.95e-09
11673 0.051249218996284103 3.69e-09
11674 0.051249218996284165 4.78e-09
11675 0.051249218996284124 4.13e-09
11676 0.19565212039147709 1.22e-08
11677 0.19565212039147767 9.73e-09
11678 0.051249218996283978 4.04e-09
11679 0.051249218996283957 3.33e-09
11680 0.1956521203914772 8.74e-09
11681 0.051249218996283957 3.01e-09
11682 0.19565212039147686 8.74e-09
11683 0.17886733742736222 1.26e-08
11684 0.17886733742735916 7.43e-09
11685 0.051249218996283999 5.44e-09
11686 0.051249218996284061 8.11e-09
11687 0.051249218996284061 4.49e-09
11688 0.17886733742736391 1.65e-08
11689 0.27713209377670878 9.94e-09
11690 0.051249218996284408 6.92e-09
11691 0.051249218996284283 5.11e-09
11692 0.051249218996284068 3.85e-09
11693 0.19565212039147711 8.39e-09
11694 0.051249218996284214 5.47e-09
11695 0.051249218996284145 3.92e-09
11696 0.051249218996284013 3.29e-09
11697 0.23400567685299176 4.84e-09
11698 0.051249218996284061 4.66e-09
11699 0.051249218996284193 4.58e-09
11700 0.23400567685299295 1.06e-08
11701 0.051249218996283923 2.91e-09
11702 0.051249218996284089 6.27e-09
11703 0.051249218996284117 4.17e-09
11704 0.051249218996284054 3.76e-09
11705 0.051249218996284138 4.35e-09
11706 0.23400567685299287 7.52e-09
11707 0.051249218996283909 2.37e-09
11708 0.051249218996283999 3.75e-09
11709 0.19565212039147623 1.03e-08
11710 0.051249218996284068 4.88e-09
11711 0.17886733742735869 9.95e-09
11712 0.051249218996284165 6.96e-09
11713 0.051249218996284054 3.35e-09
11714 0.051249218996284096 3.72e-09
11715 0.1788673374273578 7.04e-09
11716 0.051249218996283957 2.88e-09
11717 0.051249218996284172 4.37e-09
11718 0.051249218996284068 5.22e-09
11719 0.19565212039147667 7.26e-09
11720 0.051249218996284478 6.25e-09
11721 0.0512492189962842 4.32e-09
11722 0.051249218996284159 4.41e-09
11723 0.051249218996283936 3.6e-09
11724 0.051249218996284041 6.49e-09
11725 0.051249218996284256 4.62e-09
11726 0.051249218996284165 4.74e-09
11727 0.051249218996284131 3.92e-09
11728 0.051249218996284138 4.11e-09
11729 0.051249218996284124 3.89e-09
11730 0.051249218996283909 2.39e-09
11731 0.051249218996284117 5.19e-09
11732 0.05124921899628395 2.81e-09
11733 0.051249218996284186 1.31e-08
11734 0.051249218996284006 6.42e-09
11735 0.051249218996284013 3.19e-09
11736 0.19565212039147784 1.01e-08
11737 0.23400567685299237 1.04e-08
11738 0.051249218996284165 4.85e-09
11739 0.051249218996284124 3.99e-09
11740 0.051249218996284172 4.79e-09
11741 0.051249218996284124 3.92e-09
11742 0.051249218996284041 3.61e-09
11743 0.051249218996284283 5.18e-09
11744 0.051249218996284117 3.76e-09
11745 0.051249218996284283 7.66e-09
11746 0.051249218996283992 3.11e-09
11747 0.051249218996284082 7.22e-09
11748 0.051249218996284179 6.49e-09
11749 0.051249218996284103 4.15e-09
11750 0.051249218996284165 4.65e-09
11751 0.051249218996284228 7.17e-09
11752 0.051249218996283985 3.47e-09
11753 0.051249218996284006 3.24e-09
11754 0.23400567685299234 8.23e-09
11755 0.051249218996284054 3.53e-09
11756 0.23400567685299406 1.01e-08
11757 0.051249218996284256 4.62e-09
11758 0.23400567685299348 9.81e-09
11759 0.051249218996284124 4.2e-09
11760 0.05124921899628436 5.06e-09
11761 0.051249218996284117 4.08e-09
11762 0.051249218996284256 7.14e-09
11763 0.051249218996284145 5.9e-09
11764 0.05124921899628427 4.78e-09
11765 0.27713209377671139 2.18e-08
11766 0.051249218996283957 5.76e-09
11767 0.051249218996284159 4.95e-09
11768 0.051249218996284283 5.58e-09
11769 0.23400567685299184 4.82e-09
11770 0.051249218996284047 3.46e-09
11771 0.23400567685299228 9.56e-09
11772 0.051249218996284013 3.98e-09
11773 0.051249218996284131 4.79e-09
11774 0.051249218996284172 5.17e-09
11775 0.051249218996283957 2.71e-09
11776 0.23400567685299453 1.46e-08
11777 0.19565212039147714 1.18e-08
11778 0.19565212039147806 1.05e-08
11779 0.051249218996284818 1.09e-08
11780 0.17886733742735914 1.34e-08
11781 0.26194870771427931 1.05e-08
11782 0.051249218996284117 3.88e-09
11783 0.051249218996284228 5.78e-09
11784 0.051249218996284034 3.56e-09
11785 0.05124921899628427 1.05e-08
11786 0.051249218996284054 3.62e-09
11787 0.051249218996284408 5.39e-09
11788 0.19565212039147692 9.66e-09
11789 0.051249218996283978 3.12e-09
11790 0.19565212039147653 5.74e-09
11791 0.051249218996284311 5.15e-09
11792 0.051249218996284117 4.23e-09
11793 0.051249218996284061 4.28e-09
11794 0.051249218996284131 3.93e-09
11795 0.051249218996284054 3.51e-09
11796 0.051249218996283957 4.24e-09
11797 0.2340056768529937 1e-08
11798 0.051249218996284263 4.64e-09
11799 0.05124921899628402 4.2e-09
11800 0.051249218996283992 6.36e-09
11801 0.23400567685299317 9.94e-09
11802 0.23400567685299226 7.39e-09
11803 0.051249218996284047 4.18e-09
11804 0.26194870771427803 8.82e-09
11805 0.051249218996284256 7.89e-09
11806 0.051249218996284117 6.2e-09
11807 0.26194870771428047 1.12e-08
11808 0.23400567685299228 8.07e-09
11809 0.051249218996284131 4.57e-09
11810 0.051249218996283992 2.87e-09
11811 0.051249218996284131 1.14e-08
11812 0.051249218996284242 5.37e-09
11813 0.051249218996284041 3.67e-09
11814 0.051249218996284159 9.4e-09
11815 0.051249218996284318 5.23e-09
11816 0.051249218996283964 2.9e-09
11817 0.051249218996284152 4.98e-09
11818 0.051249218996284242 4.88e-09
11819 0.051249218996284159 4.22e-09
11820 0.19565212039147681 8.38e-09
11821 0.051249218996284138 6.71e-09
11822 0.051249218996284013 3.4e-09
11823 0.051249218996284186 4.3e-09
11824 0.051249218996284214 4.6e-09
11825 0.051249218996284172 5.77e-09
11826 0.051249218996284089 4.11e-09
11827 0.26767860546962752 1.34e-08
11828 0.051249218996284061 5.62e-09
11829 0.051249218996283957 2.78e-09
11830 0.051249218996284332 8.24e-09
11831 0.23400567685299284 1.15e-08
11832 0.051249218996284013 3.44e-09
11833 0.05124921899628402 3.16e-09
11834 0.05124921899628402 3.38e-09
11835 0.051249218996283978 4.05e-09
11836 0.051249218996284103 3.64e-09
11837 0.051249218996284374 5.32e-09
11838 0.051249218996284131 3.86e-09
11839 0.051249218996283985 2.83e-09
11840 0.051249218996283909 4.7e-09
11841 0.051249218996283999 2.95e-09
11842 0.051249218996284041 3.51e-09
11843 0.051249218996284131 3.97e-09
11844 0.051249218996284575 6.95e-09
11845 0.051249218996284089 3.53e-09
11846 0.051249218996284068 7.29e-09
11847 0.051249218996284186 4.47e-09
11848 0.051249218996283957 2.67e-09
11849 0.051249218996284221 4.38e-09
11850 0.051249218996283978 2.96e-09
11851 0.17886733742736183 1.26e-08
11852 0.051249218996283867 6.58e-09
11853 0.051249218996284089 3.68e-09
11854 0.051249218996283867 1.69e-09
11855 0.051249218996284221 8.97e-09
11856 0.051249218996284193 5.67e-09
11857 0.05124921899628402 3.1e-09
11858 0.27713209377670894 5.1e-09
11859 0.19565212039147639 5.76e-09
11860 0.051249218996284054 4.69e-09
11861 0.051249218996283971 2.94e-09
11862 0.19565212039147692 9.01e-09
11863 0.051249218996284075 4.33e-09
11864 0.05124921899628429 8.27e-09
11865 0.051249218996284061 3.47e-09
11866 0.051249218996284027 3.44e-09
11867 0.2340056768529937 1.19e-08
11868 0.051249218996284165 4.42e-09
11869 0.051249218996284075 3.47e-09
11870 0.19565212039147795 1.16e-08
11871 0.17886733742735816 7.75e-09
11872 0.26767860546962424 1.48e-08
11873 0.051249218996283999 5.14e-09
11874 0.19565212039147706 8.09e-09
11875 0.19565212039147736 9.31e-09
11876 0.051249218996283964 5.21e-09
11877 0.051249218996283999 3.05e-09
11878 0.05124921899628395 2.74e-09
11879 0.19565212039147892 1.36e-08
11880 0.19565212039147803 1.17e-08
11881 0.051249218996284096 4.65e-09
11882 0.051249218996284006 5.76e-09
11883 0.051249218996284159 4.14e-09
11884 0.051249218996284221 4.6e-09
11885 0.051249218996284124 3.99e-09
11886 0.23400567685299498 1.44e-08
11887 0.19565212039147675 7.24e-09
11888 0.23400567685299334 9.52e-09
11889 0.051249218996284138 4.15e-09
11890 0.05124921899628402 3.64e-09
11891 0.051249218996284165 4.16e-09
11892 0.051249218996284339 6.4e-09
11893 0.051249218996283992 2.84e-09
11894 0.19565212039147642 5.83e-09
11895 0.05124921899628402 4.89e-09
11896 0.051249218996284027 3.34e-09
11897 0.051249218996284068 3.7e-09
11898 0.05124921899628411 7.33e-09
11899 0.051249218996284041 3.6e-09
11900 0.051249218996284207 5.65e-09
11901 0.17886733742736211 2.15e-08
11902 0.051249218996284075 8.67e-09
11903 0.05124921899628395 2.85e-09
11904 0.05124921899628402 3.54e-09
11905 0.051249218996284193 4.58e-09
11906 0.1956521203914765 6.51e-09
11907 0.051249218996284068 3.58e-09
11908 0.051249218996284242 4.51e-09
11909 0.23400567685299212 1.81e-08
11910 0.23400567685299231 7.36e-09
11911 0.23400567685299439 1.15e-08
11912 0.19565212039147803 1.21e-08
11913 0.19565212039147778 1.33e-08
11914 0.19565212039147675 6.57e-09
11915 0.051249218996284145 5.47e-09
11916 0.051249218996284152 4.05e-09
11917 0.2340056768529952 1.25e-08
11918 0.051249218996283971 3.03e-09
11919 0.051249218996284047 4.17e-09
11920 0.051249218996284075 5.52e-09
11921 0.05124921899628402 3.3e-09
11922 0.051249218996284249 4.59e-09
11923 0.23400567685299228 9.36e-09
11924 0.051249218996284138 5.79e-09
11925 0.051249218996284061 3.96e-09
11926 0.051249218996284276 5.88e-09
11927 0.051249218996284235 4.42e-09
11928 0.05124921899628427 4.66e-09
11929 0.051249218996284103 3.99e-09
11930 0.17886733742735814 7.67e-09
11931 0.051249218996284117 3.82e-09
11932 0.051249218996284339 5.04e-09
11933 0.051249218996284145 4.05e-09
11934 0.051249218996283943 4.25e-09
11935 0.051249218996284318 5.16e-09
11936 0.051249218996284193 4.4e-09
11937 0.19565212039147639 8.87e-09
11938 0.23400567685299334 9.08e-09
11939 0.05124921899628436 5.44e-09
11940 0.19565212039147681 1.15e-08
11941 0.051249218996284041 8.07e-09
11942 0.23400567685299312 1.15e-08
11943 0.051249218996284041 4.72e-09
11944 0.051249218996284082 4.39e-09
11945 0.051249218996284082 3.88e-09
11946 0.051249218996284249 4.64e-09
11947 0.051249218996283971 2.85e-09
11948 0.051249218996284165 4.14e-09
11949 0.051249218996284027 3.23e-09
11950 0.051249218996283999 3.21e-09
11951 0.051249218996284152 5.06e-09
11952 0.051249218996284172 4.23e-09
11953 0.051249218996284283 5.89e-09
11954 0.051249218996284068 3.47e-09
11955 0.051249218996284249 4.61e-09
11956 0.051249218996284117 7.45e-09
11957 0.051249218996284131 3.97e-09
11958 0.051249218996284124 3.89e-09
11959 0.051249218996284186 6.71e-09
11960 0.051249218996284172 4.24e-09
11961 0.051249218996284068 4.7e-09
11962 0.051249218996284297 4.84e-09
11963 0.26194870771427814 8.99e-09
11964 0.051249218996284131 3.85e-09
11965 0.17886733742736177 1.16e-08
11966 0.051249218996284089 4.16e-09
11967 0.2941466781903011 2.43e-08
11968 0.051249218996283957 4.06e-09
11969 0.051249218996283971 4.36e-09
11970 0.051249218996284131 4.09e-09
11971 0.05124921899628402 4.16e-09
11972 0.051249218996283936 3.89e-09
11973 0.27713209377670933 8.31e-09
11974 0.051249218996284075 3.52e-09
11975 0.05124921899628402 3.56e-09
11976 0.051249218996284117 3.92e-09
11977 0.05124921899628411 4.23e-09
11978 0.05124921899628411 8.01e-09
11979 0.17886733742735997 1.91e-08
11980 0.29414667819036033 1.78e-08
11981 0.26767860546962963 1.15e-08
11982 0.1956521203914782 1.31e-08
11983 0.051249218996284082 4.27e-09
11984 0.23400567685299434 1.17e-08
11985 0.23400567685299251 8.57e-09
11986 0.05124921899628429 5.54e-09
11987 0.051249218996284068 3.77e-09
11988 0.051249218996284103 4.11e-09
11989 0.23400567685299359 1.23e-08
11990 0.19565212039147706 8.23e-09
11991 0.051249218996284075 3.53e-09
11992 0.19565212039147731 8.95e-09
11993 0.051249218996283992 3.75e-09
11994 0.05124921899628402 3.19e-09
11995 0.178867337427359 8.18e-09
11996 0.051249218996284041 9.14e-09
11997 0.051249218996284082 3.77e-09
11998 0.051249218996284103 3.9e-09
11999 0.051249218996284006 3.36e-09
12000 0.23400567685299284 1.41e-08
12001 0.23400567685299334 8.5e-09
12002 0.05124921899628393 2.74e-09
12003 0.19565212039147667 1.64e-08
12004 0.1788673374273658 1.63e-08
12005 0.051249218996284159 5.97e-09
12006 0.051249218996284429 5.47e-09
12007 0.051249218996284096 4.14e-09
12008 0.05124921899628393 6.05e-09
12009 0.05124921899628427 4.75e-09
12010 0.051249218996284152 4.45e-09
12011 0.051249218996284006 3.23e-09
12012 0.19565212039147722 1.27e-08
12013 0.05124921899628427 8.11e-09
12014 0.051249218996284075 3.89e-09
12015 0.051249218996284332 5.08e-09
12016 0.051249218996284117 4.75e-09
12017 0.051249218996284075 3.91e-09
12018 0.051249218996284138 4.34e-09
12019 0.19565212039147675 6.91e-09
12020 0.26194870771427897 1.04e-08
12021 0.17886733742736102 1.37e-08
12022 0.23400567685299473 1.29e-08
12023 0.19565212039147778 1.08e-08
12024 0.051249218996284061 5.38e-09
12025 0.051249218996284075 3.59e-09
12026 0.17886733742736216 1.29e-08
12027 0.051249218996284138 4.42e-09
12028 0.23400567685299317 9.14e-09
12029 0.23400567685299334 2.29e-08
12030 0.051249218996284242 5.48e-09
12031 0.23400567685299226 9.28e-09
12032 0.051249218996284054 3.96e-09
12033 0.051249218996284103 3.78e-09
12034 0.051249218996284138 3.93e-09
12035 0.051249218996283943 3.67e-09
12036 0.051249218996284068 3.65e-09
12037 0.051249218996284172 4.22e-09
12038 0.051249218996284006 4.57e-09
12039 0.26194870771428019 1.75e-08
12040 0.051249218996284311 5.08e-09
12041 0.051249218996284207 4.27e-09
12042 0.1956521203914767 8.29e-09
12043 0.23400567685299306 1.48e-08
12044 0.051249218996283999 4.73e-09
12045 0.23400567685299528 1.2e-08
12046 0.051249218996284186 6.77e-09
12047 0.051249218996284131 4.85e-09
12048 0.051249218996284172 6.73e-09
12049 0.051249218996283971 2.88e-09
12050 0.051249218996284096 3.79e-09
12051 0.051249218996284096 3.76e-09
12052 0.051249218996283936 2.61e-09
12053 0.1956521203914785 1.15e-08
12054 0.051249218996284027 3.33e-09
12055 0.051249218996284075 3.45e-09
12056 0.19565212039147667 6.54e-09
12057 0.051249218996284172 5.15e-09
12058 0.19565212039147659 6.33e-09
12059 0.23400567685299345 9.37e-09
12060 0.05124921899628402 3.24e-09
12061 0.29414667819044216 3.01e-08
12062 0.05124921899628445 5.53e-09
12063 0.19565212039147706 1.15e-08
12064 0.26194870771428336 1.33e-08
12065 0.051249218996284207 9.42e-09
12066 0.05124921899628402 3.18e-09
12067 0.21223225941084237 1.74e-08
12068 0.051249218996283964 2.93e-09
12069 0.051249218996284276 5.09e-09
12070 0.051249218996283923 2.88e-09
12071 0.051249218996284096 4.24e-09
12072 0.051249218996283909 2.12e-09
12073 0.17886733742736027 1.07e-08
12074 0.23400567685299364 8.99e-09
12075 0.051249218996284256 7.92e-09
12076 0.051249218996284054 6.29e-09
12077 0.23400567685299303 1.01e-08
12078 0.051249218996284006 3.88e-09
12079 0.19565212039147764 9.51e-09
12080 0.051249218996284075 3.59e-09
12081 0.051249218996284193 4.25e-09
12082 0.051249218996284034 3.39e-09
12083 0.17886733742735841 8.28e-09
12084 0.051249218996284096 3.9e-09
12085 0.051249218996284152 4e-09
12086 0.051249218996284096 3.78e-09
12087 0.051249218996284221 7.46e-09
12088 0.051249218996283964 2.89e-09
12089 0.051249218996283985 2.85e-09
12090 0.051249218996284124 3.83e-09
12091 0.051249218996284089 3.91e-09
12092 0.051249218996284165 4.13e-09
12093 0.2619487077142838 1.75e-08
12094 0.051249218996284165 4.31e-09
12095 0.051249218996284415 5.66e-09
12096 0.29414667819029644 2.99e-08
12097 0.051249218996284013 3.22e-09
12098 0.051249218996284276 6.54e-09
12099 0.2340056768529919 6.28e-09
12100 0.051249218996283992 3e-09
12101 0.17886733742736111 1.2e-08
12102 0.19565212039147661 7.23e-09
12103 0.23400567685299337 9.21e-09
12104 0.051249218996284054 4.37e-09
12105 0.19565212039147661 6.88e-09
12106 0.051249218996283909 3.27e-09
12107 0.17886733742736005 1.03e-08
12108 0.051249218996284089 4.64e-09
12109 0.051249218996283999 3e-09
12110 0.23400567685299253 8.51e-09
12111 0.05124921899628411 7.74e-09
12112 0.051249218996283971 3.73e-09
12113 0.051249218996283999 4.48e-09
12114 0.21223225941083845 1.4e-08
12115 0.051249218996284013 3.31e-09
12116 0.051249218996284103 4e-09
12117 0.051249218996284041 3.61e-09
12118 0.05124921899628402 3.06e-09
12119 0.051249218996284138 4.19e-09
12120 0.051249218996284145 6.75e-09
12121 0.195652120391477 1.12e-08
12122 0.051249218996283964 4.29e-09
12123 0.051249218996284013 3.25e-09
12124 0.2619487077142833 1.33e-08
12125 0.051249218996284068 3.65e-09
12126 0.051249218996284096 6.95e-09
12127 0.23400567685299414 1.21e-08
12128 0.051249218996284041 3.27e-09
12129 0.0512492189962842 5.68e-09
12130 0.051249218996284082 3.59e-09
12131 0.051249218996284297 4.85e-09
12132 0.17886733742735939 1.31e-08
12133 0.23400567685299278 9.5e-09
12134 0.051249218996284214 6.24e-09
12135 0.051249218996283902 4.56e-09
12136 0.051249218996284159 9.2e-09
12137 0.051249218996283957 4.1e-09
12138 0.051249218996284186 4.49e-09
12139 0.0512492189962842 4.95e-09
12140 0.051249218996283936 2.67e-09
12141 0.19565212039147714 9.23e-09
12142 0.051249218996284145 7.12e-09
12143 0.051249218996284235 4.99e-09
12144 0.051249218996283992 3.31e-09
12145 0.051249218996284616 9e-09
12146 0.19565212039147692 7.16e-09
12147 0.051249218996283943 2.98e-09
12148 0.17886733742735778 8.05e-09
12149 0.051249218996284096 3.61e-09
12150 0.05124921899628395 2.58e-09
12151 0.051249218996284152 4.1e-09
12152 0.23400567685299212 7.1e-09
12153 0.051249218996284075 3.53e-09
12154 0.23400567685299228 8.25e-09
12155 0.051249218996284186 6.17e-09
12156 0.21223225941084134 1.75e-08
12157 0.051249218996284221 4.78e-09
12158 0.051249218996284172 4.26e-09
12159 0.051249218996283992 3.07e-09
12160 0.23400567685299314 8.99e-09
12161 0.051249218996284186 4.44e-09
12162 0.0512492189962842 6.44e-09
12163 0.23400567685299234 6.94e-09
12164 0.051249218996283923 3e-09
12165 0.051249218996283936 2.74e-09
12166 0.051249218996283985 2.86e-09
12167 0.17886733742736402 1.53e-08
12168 0.051249218996283964 3.57e-09
12169 0.051249218996283916 2.25e-09
12170 0.051249218996284082 3.7e-09
12171 0.051249218996284068 3.76e-09
12172 0.17886733742735944 1.73e-08
12173 0.051249218996284089 3.72e-09
12174 0.051249218996284006 3.59e-09
12175 0.17886733742736066 1.07e-08
12176 0.051249218996284221 4.38e-09
12177 0.051249218996284089 5.43e-09
12178 0.051249218996284263 4.87e-09
12179 0.23400567685299328 9.75e-09
12180 0.051249218996284235 4.5e-09
12181 0.051249218996284124 3.77e-09
12182 0.178867337427361 1.56e-08
12183 0.051249218996283923 2.36e-09
12184 0.051249218996284325 1.2e-08
12185 0.051249218996283888 2.13e-09
12186 0.051249218996284082 3.81e-09
12187 0.17886733742735958 1.27e-08
12188 0.23400567685299395 9.73e-09
12189 0.051249218996283999 3.16e-09
12190 0.32558312951161372 2.44e-08
12191 0.19565212039147689 8.57e-09
12192 0.051249218996284242 6.28e-09
12193 0.051249218996284006 3.08e-09
12194 0.05124921899628393 2.54e-09
12195 0.051249218996284006 3.78e-09
12196 0.051249218996284131 4.76e-09
12197 0.051249218996284179 4.18e-09
12198 0.051249218996284276 6.12e-09
12199 0.2340056768529942 1.13e-08
12200 0.051249218996284089 4.26e-09
12201 0.05124921899628402 3.33e-09
12202 0.051249218996284027 4.9e-09
12203 0.051249218996284089 4.03e-09
12204 0.29414667819032336 2.1e-08
12205 0.051249218996284103 3.77e-09
12206 0.26194870771428025 1.08e-08
12207 0.051249218996284159 4.38e-09
12208 0.051249218996284013 3.04e-09
12209 0.051249218996284186 4.39e-09
12210 0.23400567685299209 6.4e-09
12211 0.051249218996284276 8.05e-09
12212 0.051249218996284228 7.03e-09
12213 0.051249218996284082 5.06e-09
12214 0.2340056768529937 9.14e-09
12215 0.23400567685299181 5.05e-09
12216 0.051249218996284138 4.43e-09
12217 0.051249218996284054 3.47e-09
12218 0.1956521203914767 6.96e-09
12219 0.051249218996284263 5.66e-09
12220 0.051249218996284103 4.88e-09
12221 0.19565212039147728 1.04e-08
12222 0.051249218996284172 4.83e-09
12223 0.051249218996284311 4.85e-09
12224 0.051249218996284089 3.75e-09
12225 0.051249218996284242 4.55e-09
12226 0.051249218996284346 1.02e-08
12227 0.051249218996284061 5.66e-09
12228 0.051249218996284096 3.81e-09
12229 0.26194870771428141 1.19e-08
12230 0.051249218996284082 3.55e-09
12231 0.051249218996284061 5.12e-09
12232 0.051249218996284054 3.4e-09
12233 0.051249218996284297 4.93e-09
12234 0.051249218996284131 5.03e-09
12235 0.051249218996284068 3.93e-09
12236 0.19565212039147761 9.47e-09
12237 0.051249218996284159 7.45e-09
12238 0.23400567685299478 1.55e-08
12239 0.051249218996283978 5.06e-09
12240 0.27713209377671066 1.59e-08
12241 0.051249218996284103 5.09e-09
12242 0.23400567685299367 9.9e-09
12243 0.26767860546962863 2.58e-08
12244 0.051249218996284027 3.29e-09
12245 0.051249218996283957 2.89e-09
12246 0.051249218996284061 3.39e-09
12247 0.051249218996284221 7.5e-09
12248 0.051249218996284117 4.19e-09
12249 0.051249218996284054 3.7e-09
12250 0.19565212039147728 1.45e-08
12251 0.051249218996284027 3.17e-09
12252 0.051249218996284186 4.23e-09
12253 0.051249218996283902 2.33e-09
12254 0.051249218996284089 5.67e-09
12255 0.051249218996283902 3.61e-09
12256 0.051249218996284478 6e-09
12257 0.051249218996283964 2.78e-09
12258 0.051249218996284242 5.16e-09
12259 0.051249218996284443 6.91e-09
12260 0.051249218996283902 4.43e-09
12261 0.19565212039147684 7.48e-09
12262 0.051249218996284041 4.67e-09
12263 0.051249218996283964 2.96e-09
12264 0.051249218996284089 4.64e-09
12265 0.051249218996284068 4.05e-09
12266 0.05124921899628393 5.02e-09
12267 0.26194870771428302 1.32e-08
12268 0.23400567685299245 1.06e-08
12269 0.051249218996284242 6.07e-09
12270 0.051249218996284054 3.49e-09
12271 0.051249218996283867 1.71e-09
12272 0.051249218996284068 3.78e-09
12273 0.051249218996284124 3.83e-09
12274 0.051249218996283874 2.59e-09
12275 0.19565212039147656 7.89e-09
12276 0.051249218996284152 4.49e-09
12277 0.051249218996284096 3.69e-09
12278 0.051249218996284068 3.5e-09
12279 0.051249218996284159 6.38e-09
12280 0.051249218996284283 4.86e-09
12281 0.051249218996284082 3.58e-09
12282 0.051249218996284263 4.84e-09
12283 0.051249218996284068 7.8e-09
12284 0.19565212039147653 6.38e-09
12285 0.051249218996284263 6.3e-09
12286 0.051249218996283971 2.76e-09
12287 0.29414667819027218 1.71e-08
12288 0.051249218996284221 4.4e-09
12289 0.051249218996283985 2.78e-09
12290 0.051249218996284124 4.16e-09
12291 0.051249218996283985 7.33e-09
12292 0.051249218996284138 4.06e-09
12293 0.051249218996284526 8.97e-09
12294 0.051249218996284089 7.03e-09
12295 0.26194870771427986 1.11e-08
12296 0.051249218996284165 4.89e-09
12297 0.21223225941084051 2e-08
12298 0.051249218996284165 4.1e-09
12299 0.051249218996284228 4.56e-09
12300 0.05124921899628402 3.34e-09
12301 0.051249218996283978 3.95e-09
12302 0.051249218996283971 8.62e-09
12303 0.0512492189962842 6.77e-09
12304 0.21223225941083515 1.36e-08
12305 0.05124921899628386 1.54e-09
12306 0.17886733742736288 1.34e-08
12307 0.23400567685299178 4.41e-09
12308 0.2340056768529927 8.6e-09
12309 0.051249218996284096 4.14e-09
12310 0.051249218996283957 2.78e-09
12311 0.19565212039147692 1.08e-08
12312 0.051249218996284242 1.15e-08
12313 0.051249218996284054 3.58e-09
12314 0.19565212039147659 6.73e-09
12315 0.051249218996284013 4.19e-09
12316 0.051249218996284152 4.03e-09
12317 0.23400567685299273 1.02e-08
12318 0.051249218996284165 4.54e-09
12319 0.051249218996283936 3.2e-09
12320 0.29414667819032836 3.08e-08
12321 0.051249218996284096 4e-09
12322 0.051249218996284131 3.97e-09
12323 0.051249218996284041 3.22e-09
12324 0.051249218996283978 2.81e-09
12325 0.051249218996284145 4.28e-09
12326 0.051249218996283971 2.85e-09
12327 0.19565212039147648 9.89e-09
12328 0.051249218996284089 3.7e-09
12329 0.051249218996284394 5.67e-09
12330 0.051249218996283999 5.75e-09
12331 0.051249218996284228 7.43e-09
12332 0.051249218996284172 4.28e-09
12333 0.051249218996284006 5.55e-09
12334 0.051249218996284186 7.11e-09
12335 0.051249218996284138 4.6e-09
12336 0.051249218996284061 3.53e-09
12337 0.051249218996284179 4.2e-09
12338 0.051249218996284214 5.02e-09
12339 0.051249218996283957 3e-09
12340 0.0512492189962842 4.71e-09
12341 0.051249218996284422 6.54e-09
12342 0.051249218996284061 3.41e-09
12343 0.051249218996284242 6.09e-09
12344 0.19565212039147767 1e-08
12345 0.051249218996283964 2.75e-09
12346 0.17886733742735986 9.82e-09
12347 0.051249218996284165 6.69e-09
12348 0.051249218996284006 5.71e-09
12349 0.051249218996283881 1.98e-09
12350 0.05124921899628427 5.02e-09
12351 0.051249218996283985 2.92e-09
12352 0.051249218996283992 5.41e-09
12353 0.051249218996284096 3.7e-09
12354 0.051249218996284089 5.38e-09
12355 0.051249218996284159 4.3e-09
12356 0.17886733742736541 1.57e-08
12357 0.19565212039147742 9.21e-09
12358 0.051249218996284068 3.74e-09
12359 0.051249218996284075 3.55e-09
12360 0.051249218996284103 5.97e-09
12361 0.051249218996284193 8e-09
12362 0.26194870771428186 1.23e-08
12363 0.051249218996283992 3.25e-09
12364 0.05124921899628395 4.96e-09
12365 0.051249218996284061 3.74e-09
12366 0.23400567685299253 1.02e-08
12367 0.051249218996283992 2.97e-09
12368 0.051249218996284179 4.45e-09
12369 0.051249218996284436 5.49e-09
12370 0.27713209377670928 8.52e-09
12371 0.051249218996283999 2.94e-09
12372 0.26767860546962474 1.24e-08
12373 0.051249218996284068 3.49e-09
12374 0.051249218996284068 3.68e-09
12375 0.051249218996284138 3.97e-09
12376 0.051249218996284061 3.45e-09
12377 0.051249218996284006 3.05e-09
12378 0.051249218996284256 4.88e-09
12379 0.051249218996284068 3.49e-09
12380 0.051249218996284068 5.65e-09
12381 0.19565212039147595 3.61e-09
12382 0.051249218996284075 3.56e-09
12383 0.051249218996284235 4.49e-09
12384 0.21223225941083443 7.46e-09
12385 0.051249218996284235 4.53e-09
12386 0.051249218996283999 4.18e-09
12387 0.26194870771428119 1.21e-08
12388 0.051249218996284027 3.15e-09
12389 0.051249218996284492 7.14e-09
12390 0.19565212039147747 1.02e-08
12391 0.29414667819043527 2.43e-08
12392 0.051249218996284082 8.31e-09
12393 0.23400567685299256 8.5e-09
12394 0.051249218996284027 3.16e-09
12395 0.05124921899628411 3.72e-09
12396 0.051249218996283943 3.07e-09
12397 0.051249218996284159 5.23e-09
12398 0.051249218996284089 3.69e-09
12399 0.23400567685299356 1.28e-08
12400 0.051249218996283992 3.09e-09
12401 0.051249218996284047 4.02e-09
12402 0.051249218996284131 4.95e-09
12403 0.19565212039147761 9.32e-09
12404 0.051249218996284276 5.52e-09
12405 0.05124921899628429 4.73e-09
12406 0.17886733742735883 9.52e-09
12407 0.051249218996284443 5.54e-09
12408 0.23400567685299378 1.27e-08
12409 0.051249218996284117 5.96e-09
12410 0.23400567685299198 6.12e-09
12411 0.051249218996283964 3.31e-09
12412 0.051249218996284082 3.66e-09
12413 0.051249218996284186 5.35e-09
12414 0.05124921899628411 3.87e-09
12415 0.051249218996284131 3.91e-09
12416 0.2340056768529922 6.93e-09
12417 0.051249218996284152 4.23e-09
12418 0.051249218996283992 5.48e-09
12419 0.19565212039147725 8.7e-09
12420 0.051249218996284013 7e-09
12421 0.051249218996284061 3.39e-09
12422 0.051249218996284408 5.66e-09
12423 0.051249218996283999 3.37e-09
12424 0.23400567685299437 1.43e-08
12425 0.051249218996284054 7.28e-09
12426 0.23400567685299289 1.05e-08
12427 0.05124921899628454 6.62e-09
12428 0.23400567685299345 9.54e-09
12429 0.051249218996283971 3.18e-09
12430 0.17886733742735811 1.19e-08
12431 0.051249218996284047 3.72e-09
12432 0.051249218996284041 3.47e-09
12433 0.051249218996283992 3.03e-09
12434 0.051249218996284214 4.54e-09
12435 0.051249218996284027 3.3e-09
12436 0.05124921899628427 4.69e-09
12437 0.051249218996283971 6.05e-09
12438 0.23400567685299248 8.7e-09
12439 0.051249218996284034 3.26e-09
12440 0.051249218996284221 4.67e-09
12441 0.051249218996284165 4.04e-09
12442 0.051249218996284186 4.47e-09
12443 0.26767860546962124 1.03e-08
12444 0.051249218996284138 4.02e-09
12445 0.1788673374273651 1.53e-08
12446 0.051249218996284027 7.89e-09
12447 0.051249218996284034 3.36e-09
12448 0.051249218996284103 3.9e-09
12449 0.051249218996283978 3.08e-09
12450 0.19565212039147822 1.36e-08
12451 0.23400567685299364 1.07e-08
12452 0.26194870771427964 2.68e-08
12453 0.051249218996284145 4.53e-09
12454 0.26194870771427875 1.33e-08
12455 0.051249218996284242 6.76e-09
12456 0.051249218996284068 3.52e-09
12457 0.051249218996283999 3.05e-09
12458 0.051249218996284221 5.04e-09
12459 0.27713209377670917 9.96e-09
12460 0.23400567685299237 8.31e-09
12461 0.19565212039147625 5.31e-09
12462 0.051249218996284075 3.7e-09
12463 0.23400567685299192 8.96e-09
12464 0.23400567685299298 1.37e-08
12465 0.051249218996284013 3.06e-09
12466 0.051249218996284027 3.72e-09
12467 0.051249218996283957 2.7e-09
12468 0.051249218996283964 2.8e-09
12469 0.051249218996284061 3.55e-09
12470 0.05124921899628402 6.44e-09
12471 0.27713209377670889 5.23e-09
12472 0.23400567685299192 5.47e-09
12473 0.05124921899628445 9.02e-09
12474 0.051249218996284193 4.29e-09
12475 0.19565212039147795 1.09e-08
12476 0.29414667819042262 2.05e-08
12477 0.051249218996283943 2.7e-09
12478 0.051249218996284228 8.74e-09
12479 0.051249218996284242 4.5e-09
12480 0.051249218996284249 8.06e-09
12481 0.051249218996284159 4.91e-09
12482 0.051249218996284006 3.85e-09
12483 0.051249218996284061 5.92e-09
12484 0.051249218996283971 2.89e-09
12485 0.23400567685299517 1.16e-08
12486 0.23400567685299242 8.52e-09
12487 0.051249218996284117 5.82e-09
12488 0.051249218996284041 3.33e-09
12489 0.051249218996284221 5.25e-09
12490 0.051249218996284061 3.88e-09
12491 0.051249218996284068 3.47e-09
12492 0.051249218996284061 6.19e-09
12493 0.05124921899628436 5.12e-09
12494 0.051249218996283881 1.7e-09
12495 0.051249218996283971 3.57e-09
12496 0.051249218996283895 2.46e-09
12497 0.051249218996284214 5.32e-09
12498 0.051249218996283992 3.91e-09
12499 0.19565212039147603 3.56e-09
12500 0.051249218996283999 7.39e-09
12501 0.051249218996284165 4.59e-09
12502 0.051249218996284047 5.98e-09
12503 0.051249218996284103 3.84e-09
12504 0.05124921899628411 6.52e-09
12505 0.051249218996284256 8.83e-09
12506 0.051249218996284089 3.66e-09
12507 0.051249218996284145 4.88e-09
12508 0.051249218996284034 4.13e-09
12509 0.051249218996284034 3.21e-09
12510 0.23400567685299486 1.12e-08
12511 0.051249218996284068 4.22e-09
12512 0.051249218996284047 3.63e-09
12513 0.051249218996284145 4.05e-09
12514 0.051249218996284103 3.84e-09
12515 0.051249218996284117 3.87e-09
12516 0.051249218996284152 4.25e-09
12517 0.2340056768529932 9.58e-09
12518 0.051249218996284152 4.01e-09
12519 0.17886733742735864 7.28e-09
12520 0.051249218996284054 4.15e-09
12521 0.23400567685299284 1.64e-08
12522 0.23400567685299278 8.11e-09
12523 0.051249218996284034 3.81e-09
12524 0.051249218996284103 3.94e-09
12525 0.051249218996284172 5.38e-09
12526 0.23400567685299253 9.42e-09
12527 0.051249218996283971 2.74e-09
12528 0.19565212039147742 8.81e-09
12529 0.051249218996283985 3.56e-09
12530 0.051249218996284117 4.98e-09
12531 0.051249218996284228 5.14e-09
12532 0.051249218996284145 5.55e-09
12533 0.17886733742735905 8.58e-09
12534 0.051249218996283992 2.79e-09
12535 0.051249218996283985 3.2e-09
12536 0.05124921899628411 4.31e-09
12537 0.19565212039147617 5.83e-09
12538 0.051249218996284006 3.16e-09
12539 0.051249218996284041 3.47e-09
12540 0.051249218996284172 4.48e-09
12541 0.051249218996284061 3.46e-09
12542 0.051249218996284089 3.52e-09
12543 0.23400567685299378 9.73e-09
12544 0.051249218996284311 5.53e-09
12545 0.33888848476464756 1.22e-08
12546 0.05124921899628402 3.22e-09
12547 0.23400567685299212 6.7e-09
12548 0.17886733742736069 1.38e-08
12549 0.051249218996284096 3.76e-09
12550 0.051249218996284013 3.28e-09
12551 0.051249218996283978 3.01e-09
12552 0.051249218996284089 3.65e-09
12553 0.051249218996284193 4.52e-09
12554 0.051249218996283971 3.36e-09
12555 0.051249218996283957 3.84e-09
12556 0.051249218996284367 5.39e-09
12557 0.051249218996284464 5.65e-09
12558 0.051249218996284221 4.41e-09
12559 0.051249218996284096 3.92e-09
12560 0.051249218996284082 3.6e-09
12561 0.19565212039147695 9.91e-09
12562 0.051249218996284304 4.78e-09
12563 0.051249218996284075 7.12e-09
12564 0.051249218996284235 8.07e-09
12565 0.051249218996284068 3.59e-09
12566 0.19565212039147772 1.02e-08
12567 0.051249218996284096 4.58e-09
12568 0.051249218996284186 4.32e-09
12569 0.051249218996284186 8.64e-09
12570 0.051249218996284131 4.08e-09
12571 0.051249218996284159 4.25e-09
12572 0.051249218996284041 3.34e-09
12573 0.23400567685299278 7.19e-09
12574 0.051249218996284013 3.67e-09
12575 0.051249218996284068 6.38e-09
12576 0.26767860546963496 1.55e-08
12577 0.051249218996284041 3.42e-09
12578 0.051249218996284193 4.32e-09
12579 0.051249218996283985 3.94e-09
12580 0.17886733742735927 1.18e-08
12581 0.051249218996284235 8.21e-09
12582 0.051249218996284027 3.39e-09
12583 0.19565212039147639 5.61e-09
12584 0.051249218996284186 4.2e-09
12585 0.051249218996284387 5.26e-09
12586 0.05124921899628411 4.86e-09
12587 0.05124921899628429 4.84e-09
12588 0.051249218996284027 3.15e-09
12589 0.051249218996284374 5.5e-09
12590 0.051249218996284041 3.27e-09
12591 0.23400567685299387 9.9e-09
12592 0.051249218996284103 6.48e-09
12593 0.05124921899628395 3.2e-09
12594 0.051249218996284096 8.06e-09
12595 0.17886733742736047 1.24e-08
12596 0.051249218996284089 3.63e-09
12597 0.051249218996283985 9.74e-09
12598 0.051249218996284061 4.1e-09
12599 0.051249218996284263 6.8e-09
12600 0.051249218996284235 4.78e-09
12601 0.051249218996283964 2.79e-09
12602 0.051249218996284103 3.73e-09
12603 0.195652120391477 7.42e-09
12604 0.234005676852995 1.16e-08
12605 0.051249218996284061 3.56e-09
12606 0.21223225941083548 1.05e-08
12607 0.051249218996283909 2.4e-09
12608 0.051249218996284214 5.09e-09
12609 0.26194870771427697 1.11e-08
12610 0.051249218996284124 4.34e-09
12611 0.23400567685299237 6.88e-09
12612 0.051249218996283957 4.19e-09
12613 0.051249218996283909 2.32e-09
12614 0.05124921899628393 5.27e-09
12615 0.051249218996284131 3.95e-09
12616 0.051249218996284207 1.13e-08
12617 0.051249218996284297 5.23e-09
12618 0.051249218996284054 5.29e-09
12619 0.051249218996284575 6.54e-09
12620 0.05124921899628411 3.78e-09
12621 0.051249218996283846 4.19e-09
12622 0.051249218996283943 2.58e-09
12623 0.17886733742736116 1.6e-08
12624 0.051249218996284131 5.89e-09
12625 0.051249218996284381 5.52e-09
12626 0.051249218996284138 7.31e-09
12627 0.19565212039147714 9.25e-09
12628 0.051249218996284082 6.03e-09
12629 0.17886733742735947 7.52e-09
12630 0.051249218996284041 3.31e-09
12631 0.051249218996284061 3.65e-09
12632 0.051249218996283957 6.85e-09
12633 0.19565212039147672 6.72e-09
12634 0.051249218996284297 5.14e-09
12635 0.051249218996284103 6.37e-09
12636 0.051249218996284124 4.01e-09
12637 0.051249218996284041 5.4e-09
12638 0.051249218996284117 5.52e-09
12639 0.051249218996284186 4.22e-09
12640 0.051249218996284165 4.43e-09
12641 0.051249218996284242 7.09e-09
12642 0.051249218996284075 3.64e-09
12643 0.051249218996284103 3.99e-09
12644 0.051249218996284006 8.67e-09
12645 0.26767860546962602 1.26e-08
12646 0.051249218996284207 4.64e-09
12647 0.051249218996284138 5.66e-09
12648 0.23400567685299231 1.28e-08
12649 0.05124921899628402 3.54e-09
12650 0.051249218996284193 5.02e-09
12651 0.19565212039147831 1.42e-08
12652 0.051249218996284186 7.9e-09
12653 0.05124921899628402 4.78e-09
12654 0.051249218996284221 4.47e-09
12655 0.26194870771428092 1.18e-08
12656 0.051249218996284103 3.74e-09
12657 0.051249218996284006 3.16e-09
12658 0.051249218996284165 8.48e-09
12659 0.051249218996284013 4.29e-09
12660 0.051249218996284006 6.34e-09
12661 0.051249218996284075 6.54e-09
12662 0.051249218996283964 2.82e-09
12663 0.051249218996284145 6.71e-09
12664 0.051249218996284207 4.37e-09
12665 0.19565212039147689 1.91e-08
12666 0.051249218996284096 3.7e-09
12667 0.051249218996284041 3.46e-09
12668 0.051249218996284082 3.8e-09
12669 0.051249218996283999 3.06e-09
12670 0.051249218996284061 3.48e-09
12671 0.051249218996284013 4.14e-09
12672 0.051249218996284152 4.62e-09
12673 0.051249218996284159 4.2e-09
12674 0.051249218996284047 3.48e-09
12675 0.051249218996283971 3.24e-09
12676 0.051249218996284256 4.84e-09
12677 0.051249218996284256 4.7e-09
12678 0.19565212039147689 9.48e-09
12679 0.051249218996284457 8.47e-09
12680 0.051249218996284068 4.65e-09
12681 0.19565212039147711 1.23e-08
12682 0.051249218996283992 3.66e-09
12683 0.051249218996284387 6.09e-09
12684 0.051249218996284276 5.84e-09
12685 0.051249218996284047 3.35e-09
12686 0.17886733742735866 9.08e-09
12687 0.19565212039147731 1.23e-08
12688 0.051249218996284117 8.02e-09
12689 0.051249218996283923 3.18e-09
12690 0.0512492189962842 8.03e-09
12691 0.19565212039147689 7.29e-09
12692 0.051249218996283992 3.2e-09
12693 0.051249218996284138 5e-09
12694 0.05124921899628402 3.25e-09
12695 0.051249218996284027 5.66e-09
12696 0.051249218996284172 4.09e-09
12697 0.051249218996284228 5.65e-09
12698 0.051249218996284339 5.45e-09
12699 0.051249218996283999 3.44e-09
12700 0.23400567685299586 2.67e-08
12701 0.051249218996284089 3.86e-09
12702 0.17886733742735839 1.44e-08
12703 0.051249218996284103 4.22e-09
12704 0.19565212039147625 7.23e-09
12705 0.19565212039147734 8.72e-09
12706 0.051249218996284117 4.27e-09
12707 0.051249218996284013 9.22e-09
12708 0.051249218996284214 6.2e-09
12709 0.17886733742735933 1.09e-08
12710 0.051249218996284027 1.05e-08
12711 0.05124921899628429 5.21e-09
12712 0.051249218996284318 4.98e-09
12713 0.05124921899628411 5.16e-09
12714 0.051249218996284061 3.85e-09
12715 0.051249218996284172 5e-09
12716 0.32558312951166229 1.9e-08
12717 0.051249218996284145 5.1e-09
12718 0.051249218996283943 2.73e-09
12719 0.051249218996284429 5.42e-09
12720 0.051249218996284096 4.06e-09
12721 0.051249218996284131 3.89e-09
12722 0.051249218996284422 7.2e-09
12723 0.051249218996284318 4.93e-09
12724 0.19565212039147645 6.46e-09
12725 0.17886733742736316 1.4e-08
12726 0.051249218996284117 5.77e-09
12727 0.19565212039147664 6.44e-09
12728 0.051249218996284186 4.91e-09
12729 0.051249218996284034 3.48e-09
12730 0.051249218996284256 4.59e-09
12731 0.051249218996284041 3.4e-09
12732 0.051249218996284367 7e-09
12733 0.051249218996284006 5.16e-09
12734 0.051249218996284415 5.83e-09
12735 0.051249218996284096 3.73e-09
12736 0.051249218996284138 3.89e-09
12737 0.051249218996283936 4.79e-09
12738 0.17886733742736169 1.08e-08
12739 0.051249218996284117 3.84e-09
12740 0.05124921899628427 4.98e-09
12741 0.051249218996284436 7.3e-09
12742 0.051249218996284117 5.98e-09
12743 0.051249218996284047 3.61e-09
12744 0.051249218996284054 4.7e-09
12745 0.051249218996284054 3.93e-09
12746 0.19565212039147681 7.89e-09
12747 0.23400567685299242 1.12e-08
12748 0.05124921899628411 3.87e-09
12749 0.051249218996284054 3.86e-09
12750 0.23400567685299259 1.52e-08
12751 0.051249218996283895 2.21e-09
12752 0.051249218996284172 6.55e-09
12753 0.051249218996283978 4.58e-09
12754 0.051249218996284131 6.96e-09
12755 0.051249218996284131 5.37e-09
12756 0.051249218996284235 9.56e-09
12757 0.21223225941084856 1.76e-08
12758 0.051249218996283992 3.3e-09
12759 0.23400567685299342 8.81e-09
12760 0.23400567685299392 1.1e-08
12761 0.051249218996284131 3.91e-09
12762 0.17886733742735836 8.23e-09
12763 0.051249218996284041 4.03e-09
12764 0.05124921899628402 4.12e-09
12765 0.27713209377670994 1.64e-08
12766 0.051249218996284061 3.43e-09
12767 0.17886733742735797 7.53e-09
12768 0.23400567685299206 7.18e-09
12769 0.051249218996284047 6.86e-09
12770 0.17886733742736685 1.74e-08
12771 0.051249218996284193 6.24e-09
12772 0.051249218996283985 8.11e-09
12773 0.051249218996284124 6.88e-09
12774 0.051249218996284283 9.25e-09
12775 0.051249218996283999 3.03e-09
12776 0.051249218996284152 4.16e-09
12777 0.05124921899628411 3.79e-09
12778 0.23400567685299242 7.85e-09
12779 0.26767860546963357 1.53e-08
12780 0.051249218996284179 4.15e-09
12781 0.051249218996283971 2.85e-09
12782 0.2340056768529922 7.22e-09
12783 0.051249218996284221 5.86e-09
12784 0.17886733742735958 1.25e-08
12785 0.23400567685299267 9.25e-09
12786 0.051249218996284138 4.2e-09
12787 0.051249218996284172 4.39e-09
12788 0.051249218996284068 4.62e-09
12789 0.05124921899628393 2.51e-09
12790 0.051249218996284318 5.72e-09
12791 0.17886733742736091 1.32e-08
12792 0.051249218996284061 4.68e-09
12793 0.051249218996284381 6.06e-09
12794 0.051249218996284165 4.08e-09
12795 0.23400567685299339 8.73e-09
12796 0.051249218996284096 3.58e-09
12797 0.051249218996284061 3.91e-09
12798 0.23400567685299478 2.34e-08
12799 0.051249218996284047 3.36e-09
12800 0.051249218996284263 4.74e-09
12801 0.19565212039147747 1.69e-08
12802 0.051249218996283943 2.89e-09
12803 0.23400567685299303 8.93e-09
12804 0.051249218996284214 5.84e-09
12805 0.051249218996284013 4.04e-09
12806 0.05124921899628395 2.63e-09
12807 0.051249218996284006 4.37e-09
12808 0.17886733742735886 9.76e-09
12809 0.051249218996284006 3.38e-09
12810 0.051249218996284283 4.81e-09
12811 0.1956521203914777 1.43e-08
12812 0.051249218996284311 4.84e-09
12813 0.051249218996284027 3.22e-09
12814 0.19565212039147706 7.8e-09
12815 0.051249218996283985 2.93e-09
12816 0.051249218996284117 4.37e-09
12817 0.051249218996284353 6.15e-09
12818 0.051249218996284027 5.03e-09
12819 0.23400567685299264 7.59e-09
12820 0.051249218996284485 6.05e-09
12821 0.05124921899628395 3.33e-09
12822 0.19565212039147709 8.49e-09
12823 0.051249218996284034 3.25e-09
12824 0.051249218996284096 4.98e-09
12825 0.051249218996283916 8.14e-09
12826 0.19565212039147656 7.17e-09
12827 0.19565212039147642 5.81e-09
12828 0.19565212039147764 1.45e-08
12829 0.051249218996284263 4.66e-09
12830 0.05124921899628402 3.36e-09
12831 0.23400567685299228 6.81e-09
12832 0.23400567685299456 1.66e-08
12833 0.051249218996284214 1.01e-08
12834 0.051249218996284089 4.15e-09
12835 0.23400567685299248 8.32e-09
12836 0.051249218996284159 4.12e-09
12837 0.051249218996284089 3.9e-09
12838 0.051249218996284096 3.81e-09
12839 0.051249218996284367 1.01e-08
12840 0.051249218996284047 3.73e-09
12841 0.051249218996284041 3.36e-09
12842 0.051249218996283985 3.35e-09
12843 0.051249218996284256 4.91e-09
12844 0.051249218996284082 4.07e-09
12845 0.051249218996284054 4e-09
12846 0.051249218996284575 9.26e-09
12847 0.19565212039147761 1.48e-08
12848 0.051249218996284013 3.41e-09
12849 0.051249218996283936 4.38e-09
12850 0.051249218996284297 4.9e-09
12851 0.051249218996284145 3.94e-09
12852 0.17886733742736396 1.45e-08
12853 0.051249218996284047 3.71e-09
12854 0.051249218996283971 2.88e-09
12855 0.051249218996284179 4.22e-09
12856 0.05124921899628395 2.86e-09
12857 0.051249218996284214 4.76e-09
12858 0.21223225941084337 2.01e-08
12859 0.17886733742736255 1.4e-08
12860 0.051249218996284152 5.06e-09
12861 0.051249218996284235 4.86e-09
12862 0.051249218996284124 4.19e-09
12863 0.23400567685299217 9.15e-09
12864 0.19565212039147711 8.07e-09
12865 0.051249218996284124 3.94e-09
12866 0.051249218996284103 6.12e-09
12867 0.2340056768529932 1.05e-08
12868 0.051249218996284061 3.63e-09
12869 0.051249218996284186 4.22e-09
12870 0.051249218996283964 2.79e-09
12871 0.051249218996283985 3.31e-09
12872 0.051249218996283867 1.91e-09
12873 0.1956521203914777 1.61e-08
12874 0.23400567685299409 1.03e-08
12875 0.051249218996284318 8.29e-09
12876 0.05124921899628402 3.58e-09
12877 0.051249218996284242 8.57e-09
12878 0.051249218996284374 5.74e-09
12879 0.23400567685299467 1.22e-08
12880 0.051249218996284034 4.33e-09
12881 0.051249218996284172 4.41e-09
12882 0.23400567685299195 5.86e-09
12883 0.051249218996284172 4.15e-09
12884 0.051249218996284179 4.88e-09
12885 0.051249218996283964 2.8e-09
12886 0.051249218996284172 4.17e-09
12887 0.051249218996283992 3.06e-09
12888 0.051249218996284387 6.11e-09
12889 0.051249218996284235 6.16e-09
12890 0.051249218996284325 5.26e-09
12891 0.29414667819038176 1.99e-08
12892 0.051249218996284054 3.46e-09
12893 0.051249218996284082 3.88e-09
12894 0.051249218996284276 5.18e-09
12895 0.23400567685299437 1.9e-08
12896 0.26194870771428086 1.9e-08
12897 0.05124921899628402 4.07e-09
12898 0.19565212039147914 1.72e-08
12899 0.051249218996283964 2.83e-09
12900 0.051249218996284186 8.8e-09
12901 0.0512492189962842 4.4e-09
12902 0.051249218996284027 5.48e-09
12903 0.051249218996284165 4.14e-09
12904 0.051249218996283964 2.75e-09
12905 0.051249218996283964 2.96e-09
12906 0.051249218996284131 3.89e-09
12907 0.19565212039147703 7.89e-09
12908 0.051249218996284054 3.41e-09
12909 0.051249218996283943 4.33e-09
12910 0.051249218996284054 3.44e-09
12911 0.19565212039147689 7.68e-09
12912 0.051249218996284075 7.48e-09
12913 0.051249218996284152 1.02e-08
12914 0.051249218996284006 8.97e-09
12915 0.051249218996284047 3.41e-09
12916 0.26767860546962868 1.91e-08
12917 0.051249218996284304 4.92e-09
12918 0.051249218996283978 6.81e-09
12919 0.051249218996284186 4.57e-09
12920 0.19565212039147695 7.21e-09
12921 0.2340056768529937 9.63e-09
12922 0.051249218996283936 4.75e-09
12923 0.19565212039147706 9.1e-09
12924 0.051249218996284367 6.03e-09
12925 0.26767860546962258 1.14e-08
12926 0.051249218996284027 3.45e-09
12927 0.051249218996284138 4.2e-09
12928 0.051249218996284068 3.72e-09
12929 0.051249218996284047 3.48e-09
12930 0.051249218996284068 3.7e-09
12931 0.23400567685299364 1.02e-08
12932 0.051249218996284068 3.54e-09
12933 0.051249218996284276 5.09e-09
12934 0.051249218996284117 3.93e-09
12935 0.05124921899628427 7.23e-09
12936 0.17886733742735825 6.5e-09
12937 0.051249218996283881 1.82e-09
12938 0.051249218996284034 3.41e-09
12939 0.051249218996284623 9.47e-09
12940 0.051249218996283978 4.43e-09
12941 0.23400567685299492 1.34e-08
12942 0.051249218996284145 6.61e-09
12943 0.051249218996284027 3.29e-09
12944 0.051249218996284103 3.69e-09
12945 0.051249218996284047 3.63e-09
12946 0.05124921899628393 2.38e-09
12947 0.051249218996284263 4.68e-09
12948 0.19565212039147703 8.86e-09
12949 0.051249218996284242 1.1e-08
12950 0.051249218996284145 9.34e-09
12951 0.051249218996284124 3.86e-09
12952 0.051249218996284159 4.14e-09
12953 0.23400567685299273 8.66e-09
12954 0.17886733742735897 9.83e-09
12955 0.051249218996284082 3.52e-09
12956 0.051249218996284138 3.89e-09
12957 0.051249218996284068 3.99e-09
12958 0.17886733742736177 1.46e-08
12959 0.17886733742735975 1.41e-08
12960 0.051249218996284242 5.46e-09
12961 0.1956521203914772 9.35e-09
12962 0.051249218996284034 3.36e-09
12963 0.051249218996284047 3.36e-09
12964 0.051249218996284159 4.02e-09
12965 0.051249218996284214 5.89e-09
12966 0.19565212039147695 7.35e-09
12967 0.051249218996284276 6.48e-09
12968 0.051249218996284318 4.99e-09
12969 0.051249218996284152 4.98e-09
12970 0.051249218996283992 3.2e-09
12971 0.051249218996284082 3.62e-09
12972 0.051249218996284117 9.62e-09
12973 0.051249218996284165 1.03e-08
12974 0.051249218996284159 4.53e-09
12975 0.19565212039147722 8.64e-09
12976 0.051249218996284089 3.99e-09
12977 0.17886733742735875 9.09e-09
12978 0.051249218996284089 3.62e-09
12979 0.051249218996284408 5.31e-09
12980 0.051249218996284075 4.87e-09
12981 0.21223225941085017 1.9e-08
12982 0.051249218996284165 1.06e-08
12983 0.051249218996283999 3.01e-09
12984 0.05124921899628402 3.14e-09
12985 0.051249218996284124 8.41e-09
12986 0.051249218996284047 3.43e-09
12987 0.051249218996284242 4.86e-09
12988 0.05124921899628402 3.24e-09
12989 0.051249218996284152 4.96e-09
12990 0.051249218996284096 7.21e-09
12991 0.051249218996284526 8.15e-09
12992 0.051249218996284061 3.57e-09
12993 0.051249218996283923 3.32e-09
12994 0.19565212039147686 9.43e-09
12995 0.051249218996284485 5.71e-09
12996 0.23400567685299378 9.56e-09
12997 0.051249218996284096 4.91e-09
12998 0.19565212039147642 6.47e-09
12999 0.051249218996284117 9.48e-09
13000 0.1956521203914767 7.01e-09
13001 0.051249218996284353 6.33e-09
13002 0.19565212039147706 9.15e-09
13003 0.17886733742735839 6.67e-09
13004 0.19565212039147623 5.44e-09
13005 0.051249218996284276 5.12e-09
13006 0.23400567685299251 8.29e-09
13007 0.2340056768529932 8.2e-09
13008 0.23400567685299345 1.1e-08
13009 0.23400567685299406 1.21e-08
13010 0.051249218996283971 2.92e-09
13011 0.051249218996284103 6.67e-09
13012 0.051249218996284089 3.57e-09
13013 0.051249218996284124 5.36e-09
13014 0.051249218996283978 3.46e-09
13015 0.051249218996283923 2.44e-09
13016 0.051249218996284068 6.08e-09
13017 0.051249218996284089 3.56e-09
13018 0.23400567685299489 1.25e-08
13019 0.051249218996284159 4.4e-09
13020 0.29414667819031304 2.14e-08
13021 0.051249218996284061 4.24e-09
13022 0.051249218996284013 3.25e-09
13023 0.051249218996284152 4.67e-09
13024 0.051249218996284145 5.25e-09
13025 0.23400567685299214 7.15e-09
13026 0.051249218996284346 6.9e-09
13027 0.1956521203914777 1.19e-08
13028 0.051249218996284256 4.67e-09
13029 0.051249218996284179 4.25e-09
13030 0.19565212039147742 1.07e-08
13031 0.051249218996283992 3.01e-09
13032 0.051249218996284068 4.26e-09
13033 0.051249218996284221 4.89e-09
13034 0.051249218996284124 8.02e-09
13035 0.051249218996284034 3.76e-09
13036 0.19565212039147778 9.81e-09
13037 0.051249218996283999 3.14e-09
13038 0.05124921899628402 3.56e-09
13039 0.051249218996284263 5.55e-09
13040 0.23400567685299228 7.64e-09
13041 0.051249218996284075 5.73e-09
13042 0.19565212039147706 7.85e-09
13043 0.051249218996284131 3.88e-09
13044 0.051249218996283999 2.96e-09
13045 0.051249218996284041 3.34e-09
13046 0.05124921899628411 5.03e-09
13047 0.051249218996284159 5.43e-09
13048 0.27713209377670928 8.4e-09
13049 0.051249218996284207 4.64e-09
13050 0.2340056768529935 1.19e-08
13051 0.051249218996284256 4.97e-09
13052 0.051249218996284145 4.06e-09
13053 0.051249218996284318 7.02e-09
13054 0.051249218996284013 5.19e-09
13055 0.19565212039147667 6.56e-09
13056 0.051249218996284089 4.85e-09
13057 0.051249218996284235 4.58e-09
13058 0.19565212039147659 9.14e-09
13059 0.23400567685299445 1.23e-08
13060 0.051249218996283909 2.35e-09
13061 0.051249218996284221 4.48e-09
13062 0.1956521203914772 8.44e-09
13063 0.19565212039147653 5.88e-09
13064 0.26767860546962252 1.58e-08
13065 0.05124921899628411 6.49e-09
13066 0.051249218996284075 4.05e-09
13067 0.051249218996283964 2.79e-09
13068 0.051249218996284193 4.43e-09
13069 0.23400567685299292 7.64e-09
13070 0.05124921899628427 7.14e-09
13071 0.21223225941083795 1.21e-08
13072 0.19565212039147711 8.16e-09
13073 0.05124921899628411 3.77e-09
13074 0.051249218996284221 4.38e-09
13075 0.051249218996284138 6.56e-09
13076 0.051249218996284256 5.27e-09
13077 0.19565212039147961 1.38e-08
13078 0.05124921899628411 3.75e-09
13079 0.051249218996284228 5e-09
13080 0.051249218996284263 4.95e-09
13081 0.05124921899628393 2.4e-09
13082 0.23400567685299306 1.58e-08
13083 0.051249218996283978 3.9e-09
13084 0.051249218996284054 6.47e-09
13085 0.051249218996284117 4.01e-09
13086 0.19565212039147689 9.82e-09
13087 0.2619487077142772 2.05e-08
13088 0.23400567685299276 7.61e-09
13089 0.2340056768529922 7.05e-09
13090 0.2771320937767105 1.66e-08
13091 0.19565212039147631 5.41e-09
13092 0.051249218996284214 4.59e-09
13093 0.23400567685299226 7.3e-09
13094 0.26194870771428241 1.8e-08
13095 0.051249218996284027 4.07e-09
13096 0.051249218996283957 3.42e-09
13097 0.051249218996283936 2.44e-09
13098 0.1956521203914765 7.89e-09
13099 0.051249218996284165 6.09e-09
13100 0.195652120391477 9.91e-09
13101 0.051249218996283957 2.84e-09
13102 0.051249218996284006 3.25e-09
13103 0.19565212039147814 1.13e-08
13104 0.051249218996284172 8.43e-09
13105 0.051249218996284054 4.25e-09
13106 0.051249218996284096 4.34e-09
13107 0.17886733742735805 9.25e-09
13108 0.051249218996284221 6.49e-09
13109 0.23400567685299212 8.22e-09
13110 0.17886733742735772 5.38e-09
13111 0.2340056768529927 1e-08
13112 0.051249218996284165 4.05e-09
13113 0.26767860546961958 1.1e-08
13114 0.051249218996284332 6.1e-09
13115 0.051249218996284082 3.59e-09
13116 0.23400567685299217 9.99e-09
13117 0.17886733742736399 1.29e-08
13118 0.051249218996284152 4.32e-09
13119 0.19565212039147711 1.32e-08
13120 0.051249218996284047 3.43e-09
13121 0.051249218996284179 5.99e-09
13122 0.051249218996284186 6.91e-09
13123 0.23400567685299345 1.05e-08
13124 0.27713209377670955 9.83e-09
13125 0.051249218996284034 3.56e-09
13126 0.23400567685299253 7.57e-09
13127 0.19565212039147764 9.87e-09
13128 0.051249218996284152 4.07e-09
13129 0.17886733742735911 1.37e-08
13130 0.051249218996284193 6.41e-09
13131 0.19565212039147759 1.06e-08
13132 0.051249218996284054 3.46e-09
13133 0.19565212039147667 7.67e-09
13134 0.19565212039147645 6.26e-09
13135 0.19565212039147659 6.99e-09
13136 0.051249218996284006 3.89e-09
13137 0.051249218996283992 6.28e-09
13138 0.19565212039147675 8.25e-09
13139 0.19565212039147822 1.12e-08
13140 0.051249218996284117 5.36e-09
13141 0.051249218996284124 4.28e-09
13142 0.051249218996284131 4.09e-09
13143 0.051249218996284325 6.02e-09
13144 0.051249218996284145 4.21e-09
13145 0.19565212039147795 1.58e-08
13146 0.19565212039147714 8.68e-09
13147 0.051249218996284256 5.83e-09
13148 0.051249218996284027 3.14e-09
13149 0.23400567685299303 8.16e-09
13150 0.19565212039147634 1.15e-08
13151 0.21223225941084309 2.11e-08
13152 0.051249218996284054 3.68e-09
13153 0.17886733742736158 1.1e-08
13154 0.23400567685299339 9.03e-09
13155 0.051249218996283909 2.32e-09
13156 0.051249218996284061 3.5e-09
13157 0.17886733742735983 1.19e-08
13158 0.23400567685299214 7.83e-09
13159 0.051249218996284054 3.94e-09
13160 0.051249218996283943 2.71e-09
13161 0.05124921899628411 4.57e-09
13162 0.17886733742735944 7.5e-09
13163 0.051249218996283992 3.61e-09
13164 0.05124921899628411 4.15e-09
13165 0.23400567685299253 8.47e-09
13166 0.051249218996284068 3.84e-09
13167 0.19565212039147642 7.72e-09
13168 0.051249218996284193 8.92e-09
13169 0.051249218996283957 2.91e-09
13170 0.051249218996284041 3.86e-09
13171 0.05124921899628411 4.08e-09
13172 0.23400567685299226 6.94e-09
13173 0.051249218996283964 5.28e-09
13174 0.19565212039147781 1.07e-08
13175 0.051249218996284152 5.52e-09
13176 0.051249218996284332 6.16e-09
13177 0.19565212039147642 5.47e-09
13178 0.19565212039147753 1.74e-08
13179 0.051249218996284103 4.37e-09
13180 0.051249218996284138 8.96e-09
13181 0.277132093776709 6.02e-09
13182 0.051249218996284061 5.04e-09
13183 0.23400567685299323 8.32e-09
13184 0.051249218996284013 3.2e-09
13185 0.051249218996283978 2.95e-09
13186 0.19565212039147697 9.33e-09
13187 0.051249218996283978 2.89e-09
13188 0.32558312951146795 1.77e-08
13189 0.051249218996284047 3.83e-09
13190 0.051249218996283964 9.08e-09
13191 0.051249218996283992 2.98e-09
13192 0.051249218996283964 2.64e-09
13193 0.051249218996284013 3.04e-09
13194 0.051249218996284054 3.38e-09
13195 0.051249218996284034 3.57e-09
13196 0.051249218996284311 4.96e-09
13197 0.23400567685299439 1.24e-08
13198 0.05124921899628411 4.11e-09
13199 0.051249218996284054 3.81e-09
13200 0.051249218996284283 4.98e-09
13201 0.0512492189962842 4.34e-09
13202 0.051249218996284374 5.17e-09
13203 0.051249218996284214 4.99e-09
13204 0.051249218996284131 4.6e-09
13205 0.19565212039147695 7.83e-09
13206 0.23400567685299212 7.41e-09
13207 0.26194870771428019 1.09e-08
13208 0.051249218996284422 7.03e-09
13209 0.17886733742735783 6.63e-09
13210 0.051249218996284131 3.86e-09
13211 0.051249218996283992 2.94e-09
13212 0.051249218996283978 4.02e-09
13213 0.23400567685299326 8.92e-09
13214 0.0512492189962842 7.48e-09
13215 0.051249218996284041 4.83e-09
13216 0.051249218996284165 4.14e-09
13217 0.051249218996284131 3.9e-09
13218 0.051249218996284172 4.15e-09
13219 0.051249218996284138 6.28e-09
13220 0.051249218996284297 8.35e-09
13221 0.051249218996284061 7.54e-09
13222 0.051249218996284089 3.68e-09
13223 0.05124921899628429 6.16e-09
13224 0.051249218996284214 4.52e-09
13225 0.05124921899628395 2.94e-09
13226 0.2122322594108399 1.65e-08
13227 0.051249218996284214 4.55e-09
13228 0.051249218996283902 3.72e-09
13229 0.23400567685299442 1.98e-08
13230 0.051249218996283971 2.91e-09
13231 0.051249218996284054 3.51e-09
13232 0.051249218996284027 3.27e-09
13233 0.1956521203914765 6.35e-09
13234 0.051249218996284041 3.43e-09
13235 0.26194870771428058 1.15e-08
13236 0.051249218996283999 5.5e-09
13237 0.051249218996284061 5.76e-09
13238 0.19565212039147672 7.58e-09
13239 0.051249218996283832 1.37e-09
13240 0.051249218996284041 5.58e-09
13241 0.051249218996284124 3.96e-09
13242 0.05124921899628402 3.61e-09
13243 0.23400567685299253 1.07e-08
13244 0.05124921899628386 1.68e-09
13245 0.051249218996284283 6.8e-09
13246 0.051249218996284193 5.94e-09
13247 0.195652120391477 7.6e-09
13248 0.051249218996284353 5.25e-09
13249 0.051249218996284117 7.26e-09
13250 0.051249218996284276 7.37e-09
13251 0.05124921899628402 5.59e-09
13252 0.26194870771428469 2.24e-08
13253 0.051249218996284457 8.05e-09
13254 0.051249218996284242 5.33e-09
13255 0.051249218996284096 3.68e-09
13256 0.051249218996284131 4.08e-09
13257 0.23400567685299201 7.12e-09
13258 0.051249218996284075 5.91e-09
13259 0.051249218996284075 3.96e-09
13260 0.17886733742735877 1.43e-08
13261 0.051249218996284075 6.69e-09
13262 0.19565212039147672 6.85e-09
13263 0.051249218996283992 4.44e-09
13264 0.051249218996284061 3.64e-09
13265 0.051249218996284221 7.99e-09
13266 0.17886733742736205 1.36e-08
13267 0.19565212039147808 2.11e-08
13268 0.051249218996284082 3.65e-09
13269 0.051249218996284145 4.22e-09
13270 0.051249218996283936 2.86e-09
13271 0.23400567685299184 9.12e-09
13272 0.21223225941083504 9.47e-09
13273 0.051249218996283992 3.25e-09
13274 0.26194870771428669 1.64e-08
13275 0.23400567685299242 1.01e-08
13276 0.051249218996284103 3.76e-09
13277 0.27713209377670933 8.51e-09
13278 0.051249218996284276 5.7e-09
13279 0.19565212039147767 1.4e-08
13280 0.17886733742736266 1.33e-08
13281 0.051249218996284346 6.37e-09
13282 0.19565212039147795 1.21e-08
13283 0.051249218996284061 4.27e-09
13284 0.051249218996283985 3e-09
13285 0.29414667819046253 2.68e-08
13286 0.051249218996284193 4.33e-09
13287 0.051249218996284325 5.56e-09
13288 0.2340056768529947 2.34e-08
13289 0.051249218996284054 3.44e-09
13290 0.051249218996284172 4.31e-09
13291 0.19565212039147725 9.24e-09
13292 0.23400567685299289 9.82e-09
13293 0.051249218996284249 4.68e-09
13294 0.051249218996283964 3.33e-09
13295 0.051249218996284145 5.33e-09
13296 0.051249218996284131 3.96e-09
13297 0.05124921899628402 6.57e-09
13298 0.051249218996284117 4.46e-09
13299 0.051249218996284381 6.39e-09
13300 0.23400567685299251 7.11e-09
13301 0.29414667819038587 2.67e-08
13302 0.178867337427361 1.11e-08
13303 0.051249218996284381 9.04e-09
13304 0.051249218996284082 3.64e-09
13305 0.19565212039147706 8.1e-09
13306 0.1956521203914767 7.02e-09
13307 0.051249218996284075 3.83e-09
13308 0.19565212039147634 5.96e-09
13309 0.05124921899628402 3.57e-09
13310 0.051249218996284103 3.99e-09
13311 0.05124921899628402 3.44e-09
13312 0.051249218996284221 4.39e-09
13313 0.19565212039147692 7.32e-09
13314 0.051249218996284138 4.1e-09
13315 0.051249218996284214 5.01e-09
13316 0.051249218996284214 6.73e-09
13317 0.051249218996284179 4.68e-09
13318 0.19565212039147731 9.47e-09
13319 0.1788673374273603 1.06e-08
13320 0.051249218996284034 3.41e-09
13321 0.051249218996284124 4e-09
13322 0.23400567685299251 8.41e-09
13323 0.051249218996284117 3.85e-09
13324 0.051249218996284297 4.8e-09
13325 0.051249218996284103 4.03e-09
13326 0.051249218996284186 1.12e-08
13327 0.19565212039147675 1.04e-08
13328 0.051249218996284145 4.41e-09
13329 0.051249218996284131 5.69e-09
13330 0.051249218996284165 4.76e-09
13331 0.051249218996284013 3.09e-09
13332 0.051249218996284041 4.13e-09
13333 0.051249218996284242 4.52e-09
13334 0.051249218996283985 3.01e-09
13335 0.051249218996284547 7e-09
13336 0.051249218996283999 3.05e-09
13337 0.051249218996284034 3.42e-09
13338 0.27713209377670928 1.24e-08
13339 0.0512492189962842 4.84e-09
13340 0.051249218996284047 4.04e-09
13341 0.051249218996284214 4.63e-09
13342 0.051249218996284152 4.33e-09
13343 0.051249218996284145 7.48e-09
13344 0.23400567685299212 9.55e-09
13345 0.23400567685299187 5.34e-09
13346 0.051249218996284228 5.28e-09
13347 0.051249218996284131 5.26e-09
13348 0.23400567685299242 6.24e-09
13349 0.05124921899628402 3.07e-09
13350 0.051249218996284145 4.06e-09
13351 0.23400567685299384 9.32e-09
13352 0.051249218996284131 4.02e-09
13353 0.051249218996284568 1.04e-08
13354 0.294146678190293 2.03e-08
13355 0.17886733742735914 1.01e-08
13356 0.05124921899628445 5.53e-09
13357 0.23400567685299217 1.24e-08
13358 0.051249218996284297 4.87e-09
13359 0.051249218996283957 2.72e-09
13360 0.051249218996284047 3.33e-09
13361 0.051249218996283943 2.56e-09
13362 0.051249218996283943 2.61e-09
13363 0.051249218996284332 7.21e-09
13364 0.17886733742736141 1.76e-08
13365 0.051249218996284152 4.5e-09
13366 0.051249218996284138 6.28e-09
13367 0.051249218996283992 4.92e-09
13368 0.051249218996283978 5.68e-09
13369 0.26194870771427908 1.25e-08
13370 0.051249218996284256 4.56e-09
13371 0.051249218996284075 3.8e-09
13372 0.23400567685299301 9.96e-09
13373 0.21223225941083859 1.19e-08
13374 0.051249218996283846 1.35e-09
13375 0.23400567685299292 9.04e-09
13376 0.23400567685299331 1.36e-08
13377 0.17886733742736058 1e-08
13378 0.051249218996284103 3.75e-09
13379 0.051249218996284172 4.19e-09
13380 0.051249218996284131 4.36e-09
13381 0.051249218996283964 2.89e-09
13382 0.05124921899628411 5.55e-09
13383 0.051249218996284013 5.03e-09
13384 0.051249218996284304 5.23e-09
13385 0.051249218996284186 6.54e-09
13386 0.051249218996284047 3.39e-09
13387 0.1956521203914775 9.97e-09
13388 0.051249218996284082 3.91e-09
13389 0.195652120391477 7.31e-09
13390 0.19565212039147817 1.09e-08
13391 0.17886733742735836 8.14e-09
13392 0.051249218996284027 3.63e-09
13393 0.051249218996284006 3.24e-09
13394 0.23400567685299334 8.6e-09
13395 0.17886733742735958 1.14e-08
13396 0.051249218996283964 3.99e-09
13397 0.051249218996284436 8.54e-09
13398 0.051249218996284054 5.89e-09
13399 0.051249218996283999 3.69e-09
13400 0.051249218996283999 2.97e-09
13401 0.05124921899628411 3.8e-09
13402 0.051249218996284082 3.58e-09
13403 0.17886733742735939 1.1e-08
13404 0.17886733742735864 7.48e-09
13405 0.19565212039147764 9.48e-09
13406 0.051249218996284297 7.46e-09
13407 0.051249218996284089 3.75e-09
13408 0.051249218996284124 4.3e-09
13409 0.051249218996284027 5.33e-09
13410 0.051249218996284276 5.54e-09
13411 0.21223225941084206 2.48e-08
13412 0.051249218996284131 4.75e-09
13413 0.051249218996284207 4.66e-09
13414 0.051249218996284131 4.15e-09
13415 0.051249218996284047 4.85e-09
13416 0.051249218996284034 3.27e-09
13417 0.051249218996283978 3.96e-09
13418 0.051249218996284027 3.12e-09
13419 0.23400567685299259 9.06e-09
13420 0.051249218996283964 3.02e-09
13421 0.05124921899628402 3.67e-09
13422 0.051249218996284214 6.28e-09
13423 0.29414667819035956 1.77e-08
13424 0.23400567685299228 8.86e-09
13425 0.051249218996284145 5.26e-09
13426 0.051249218996284013 6.06e-09
13427 0.051249218996284034 4.14e-09
13428 0.051249218996284159 4e-09
13429 0.051249218996283909 2.5e-09
13430 0.051249218996284075 4.12e-09
13431 0.27713209377671127 1.33e-08
13432 0.051249218996284103 5.24e-09
13433 0.05124921899628411 6.04e-09
13434 0.051249218996283895 2.13e-09
13435 0.0512492189962842 4.36e-09
13436 0.051249218996284117 3.82e-09
13437 0.051249218996284054 3.41e-09
13438 0.051249218996284082 6.13e-09
13439 0.051249218996284061 3.46e-09
13440 0.051249218996284367 5.33e-09
13441 0.051249218996284047 5.38e-09
13442 0.051249218996284221 7.23e-09
13443 0.051249218996284027 3.23e-09
13444 0.26767860546962363 1.59e-08
13445 0.051249218996284103 5.08e-09
13446 0.29414667819041668 3.06e-08
13447 0.051249218996284214 4.38e-09
13448 0.051249218996284047 3.43e-09
13449 0.23400567685299251 8.72e-09
13450 0.23400567685299203 6.35e-09
13451 0.19565212039147772 1.16e-08
13452 0.19565212039147642 6.05e-09
13453 0.051249218996284145 4.47e-09
13454 0.051249218996284283 6.29e-09
13455 0.23400567685299378 1.02e-08
13456 0.051249218996284089 4.53e-09
13457 0.051249218996284041 3.69e-09
13458 0.27713209377671144 1.93e-08
13459 0.051249218996284131 4.65e-09
13460 0.051249218996284193 7.34e-09
13461 0.051249218996284089 3.73e-09
13462 0.051249218996284047 3.63e-09
13463 0.051249218996284179 6.79e-09
13464 0.23400567685299276 9.53e-09
13465 0.051249218996284103 4.35e-09
13466 0.051249218996284013 3.09e-09
13467 0.051249218996284471 8.43e-09
13468 0.051249218996284221 8.07e-09
13469 0.051249218996284138 4.17e-09
13470 0.051249218996284075 5.06e-09
13471 0.051249218996284138 5.11e-09
13472 0.051249218996284138 4e-09
13473 0.051249218996284145 5.71e-09
13474 0.051249218996284047 5.11e-09
13475 0.051249218996284242 4.49e-09
13476 0.051249218996284159 4.98e-09
13477 0.051249218996283916 2.24e-09
13478 0.051249218996284249 4.89e-09
13479 0.051249218996284103 3.97e-09
13480 0.05124921899628429 6.85e-09
13481 0.051249218996283895 4.81e-09
13482 0.051249218996284096 3.86e-09
13483 0.051249218996284047 3.62e-09
13484 0.21223225941083687 1.2e-08
13485 0.051249218996284304 4.79e-09
13486 0.051249218996284054 3.58e-09
13487 0.051249218996284068 3.68e-09
13488 0.051249218996284034 3.48e-09
13489 0.051249218996284145 4.1e-09
13490 0.051249218996284152 6.28e-09
13491 0.17886733742735947 9.21e-09
13492 0.17886733742735902 9.92e-09
13493 0.051249218996283923 4.22e-09
13494 0.19565212039147689 7.26e-09
13495 0.051249218996284041 4.95e-09
13496 0.23400567685299437 1.77e-08
13497 0.051249218996284103 6.05e-09
13498 0.26194870771428236 1.64e-08
13499 0.23400567685299237 7.59e-09
13500 0.051249218996284152 4.29e-09
13501 0.23400567685299398 9.77e-09
13502 0.051249218996284394 5.29e-09
13503 0.051249218996284103 4.03e-09
13504 0.051249218996284179 6.68e-09
13505 0.051249218996284082 3.84e-09
13506 0.051249218996284089 4.05e-09
13507 0.19565212039147789 1.13e-08
13508 0.051249218996284034 3.59e-09
13509 0.051249218996284096 3.71e-09
13510 0.23400567685299253 6.95e-09
13511 0.051249218996284047 3.57e-09
13512 0.23400567685299306 8.5e-09
13513 0.19565212039147681 7.86e-09
13514 0.051249218996284068 3.48e-09
13515 0.051249218996284221 4.74e-09
13516 0.051249218996284068 3.56e-09
13517 0.051249218996284152 4.02e-09
13518 0.05124921899628411 3.76e-09
13519 0.17886733742735814 1.21e-08
13520 0.051249218996284013 3.93e-09
13521 0.051249218996284027 3.24e-09
13522 0.051249218996284013 3.94e-09
13523 0.051249218996284041 5.81e-09
13524 0.051249218996284124 4.08e-09
13525 0.051249218996284172 7.23e-09
13526 0.051249218996284256 4.75e-09
13527 0.23400567685299256 7.43e-09
13528 0.051249218996284283 5.46e-09
13529 0.19565212039147672 1.07e-08
13530 0.051249218996284325 4.91e-09
13531 0.26767860546962219 1.05e-08
13532 0.051249218996283999 3.28e-09
13533 0.051249218996284651 7.72e-09
13534 0.051249218996284172 5.03e-09
13535 0.05124921899628454 7.22e-09
13536 0.051249218996284117 3.79e-09
13537 0.0512492189962842 5.09e-09
13538 0.19565212039147725 8.44e-09
13539 0.051249218996284006 3.14e-09
13540 0.051249218996284068 3.83e-09
13541 0.26767860546962635 1.24e-08
13542 0.051249218996284152 6.97e-09
13543 0.05124921899628411 3.8e-09
13544 0.34159213938510441 1.91e-08
13545 0.23400567685299356 1.57e-08
13546 0.05124921899628402 3.52e-09
13547 0.19565212039147697 1.55e-08
13548 0.17886733742736474 1.55e-08
13549 0.051249218996283999 2.95e-09
13550 0.051249218996284117 6e-09
13551 0.1956521203914772 1.93e-08
13552 0.23400567685299328 1.05e-08
13553 0.051249218996284068 3.58e-09
13554 0.051249218996284089 3.63e-09
13555 0.051249218996284068 3.65e-09
13556 0.051249218996284145 3.93e-09
13557 0.051249218996284047 3.49e-09
13558 0.051249218996283978 4.17e-09
13559 0.29414667819029583 1.96e-08
13560 0.051249218996284061 3.72e-09
13561 0.051249218996284131 6.1e-09
13562 0.051249218996283923 2.42e-09
13563 0.051249218996283999 3.83e-09
13564 0.051249218996284124 4.41e-09
13565 0.051249218996283985 2.99e-09
13566 0.051249218996284103 4.05e-09
13567 0.051249218996284082 3.57e-09
13568 0.17886733742736408 1.43e-08
13569 0.051249218996284006 3.28e-09
13570 0.051249218996284228 5.9e-09
13571 0.19565212039147725 8.72e-09
13572 0.051249218996283971 3.08e-09
13573 0.23400567685299178 4.74e-09
13574 0.051249218996283978 6.64e-09
13575 0.05124921899628395 6.99e-09
13576 0.19565212039147767 9.79e-09
13577 0.051249218996284096 3.95e-09
13578 0.1956521203914772 8.59e-09
13579 0.051249218996284089 3.66e-09
13580 0.23400567685299276 7.35e-09
13581 0.051249218996284186 5.26e-09
13582 0.17886733742735889 7.93e-09
13583 0.051249218996284061 3.57e-09
13584 0.051249218996284263 4.66e-09
13585 0.051249218996284193 4.8e-09
13586 0.051249218996284152 4.11e-09
13587 0.051249218996283916 2.35e-09
13588 0.17886733742735975 1.07e-08
13589 0.17886733742736041 9.04e-09
13590 0.051249218996284276 4.89e-09
13591 0.051249218996284263 7.36e-09
13592 0.051249218996284443 9.07e-09
13593 0.19565212039147784 1.26e-08
13594 0.17886733742736266 1.42e-08
13595 0.051249218996284068 5.74e-09
13596 0.051249218996284054 3.64e-09
13597 0.051249218996283895 2.26e-09
13598 0.05124921899628427 4.66e-09
13599 0.051249218996284186 4.22e-09
13600 0.051249218996284145 4.16e-09
13601 0.26194870771428103 1.29e-08
13602 0.051249218996284047 3.37e-09
13603 0.23400567685299295 9.81e-09
13604 0.19565212039147764 9.45e-09
13605 0.051249218996283936 2.86e-09
13606 0.23400567685299331 1.66e-08
13607 0.051249218996284339 5.38e-09
13608 0.05124921899628436 5.59e-09
13609 0.051249218996284061 3.47e-09
13610 0.051249218996284117 3.97e-09
13611 0.19565212039147803 1.06e-08
13612 0.051249218996283943 2.78e-09
13613 0.26767860546962663 1.27e-08
13614 0.051249218996284152 4.13e-09
13615 0.051249218996284075 3.56e-09
13616 0.051249218996283992 3.43e-09
13617 0.051249218996284068 3.64e-09
13618 0.051249218996283943 3.33e-09
13619 0.051249218996283992 3.42e-09
13620 0.051249218996283971 2.94e-09
13621 0.051249218996283971 2.75e-09
13622 0.19565212039147767 1.47e-08
13623 0.051249218996284596 6.56e-09
13624 0.051249218996283964 4.5e-09
13625 0.23400567685299353 9.19e-09
13626 0.051249218996284124 4.08e-09
13627 0.051249218996284499 5.93e-09
13628 0.051249218996283999 3.34e-09
13629 0.0512492189962842 4.27e-09
13630 0.19565212039147686 7.41e-09
13631 0.051249218996284061 3.77e-09
13632 0.051249218996284214 4.44e-09
13633 0.051249218996284061 4.53e-09
13634 0.051249218996284214 5.3e-09
13635 0.05124921899628411 3.76e-09
13636 0.051249218996284172 4.62e-09
13637 0.19565212039147634 6.07e-09
13638 0.051249218996283978 4.9e-09
13639 0.051249218996284339 1.04e-08
13640 0.051249218996284034 3.23e-09
13641 0.051249218996283888 3.23e-09
13642 0.051249218996284075 6.22e-09
13643 0.051249218996284089 3.94e-09
13644 0.2340056768529922 6.76e-09
13645 0.051249218996284103 3.95e-09
13646 0.23400567685299223 7.38e-09
13647 0.19565212039147739 2.26e-08
13648 0.051249218996284027 4.98e-09
13649 0.27713209377670944 9.04e-09
13650 0.051249218996283999 3.11e-09
13651 0.23400567685299403 1.13e-08
13652 0.23400567685299431 1.03e-08
13653 0.051249218996284207 5e-09
13654 0.051249218996284075 3.62e-09
13655 0.051249218996284103 3.8e-09
13656 0.051249218996284353 5.5e-09
13657 0.051249218996284047 3.77e-09
13658 0.051249218996284235 4.83e-09
13659 0.051249218996284401 8.77e-09
13660 0.051249218996284068 4.7e-09
13661 0.26194870771427786 1.77e-08
13662 0.051249218996284478 7.35e-09
13663 0.19565212039147722 9.05e-09
13664 0.051249218996284089 4.28e-09
13665 0.051249218996284138 4.56e-09
13666 0.051249218996284096 3.71e-09
13667 0.051249218996284047 3.54e-09
13668 0.051249218996283923 2.68e-09
13669 0.051249218996284283 8.76e-09
13670 0.051249218996284297 5.23e-09
13671 0.051249218996284054 3.43e-09
13672 0.051249218996284186 7.12e-09
13673 0.17886733742736668 2.11e-08
13674 0.26194870771428003 1.25e-08
13675 0.17886733742735819 7.63e-09
13676 0.051249218996284096 3.61e-09
13677 0.19565212039147634 9.14e-09
13678 0.051249218996283867 2.71e-09
13679 0.051249218996284117 5.1e-09
13680 0.051249218996284068 3.9e-09
13681 0.37005911453513401 1.33e-08
13682 0.051249218996284096 4.24e-09
13683 0.26767860546962818 1.34e-08
13684 0.051249218996283992 3.11e-09
13685 0.051249218996284117 3.78e-09
13686 0.29414667819032514 2.15e-08
13687 0.051249218996284047 3.35e-09
13688 0.19565212039147709 1.05e-08
13689 0.051249218996284027 3.22e-09
13690 0.051249218996283999 3.64e-09
13691 0.2619487077142853 1.47e-08
13692 0.051249218996284263 5.18e-09
13693 0.051249218996284061 3.81e-09
13694 0.051249218996284047 3.65e-09
13695 0.051249218996284152 4.3e-09
13696 0.051249218996283902 2.33e-09
13697 0.23400567685299298 7.57e-09
13698 0.051249218996283978 7.3e-09
13699 0.19565212039147659 6.28e-09
13700 0.19565212039147661 1.21e-08
13701 0.05124921899628411 5.34e-09
13702 0.051249218996284068 6.36e-09
13703 0.051249218996284047 4.31e-09
13704 0.051249218996284221 7.16e-09
13705 0.19565212039147678 1.11e-08
13706 0.051249218996283895 2.22e-09
13707 0.051249218996284152 4.28e-09
13708 0.051249218996283936 3.42e-09
13709 0.17886733742736377 1.43e-08
13710 0.19565212039147661 6.59e-09
13711 0.051249218996284193 6.68e-09
13712 0.051249218996284089 4.03e-09
13713 0.051249218996284054 3.94e-09
13714 0.051249218996284145 4.01e-09
13715 0.051249218996284075 4.93e-09
13716 0.051249218996283978 9.17e-09
13717 0.051249218996283909 5.57e-09
13718 0.051249218996284068 5.24e-09
13719 0.051249218996284082 4.88e-09
13720 0.051249218996284172 1.08e-08
13721 0.051249218996284207 4.81e-09
13722 0.23400567685299228 8.42e-09
13723 0.17886733742736022 2.09e-08
13724 0.051249218996284068 3.81e-09
13725 0.05124921899628395 4.89e-09
13726 0.19565212039147742 9.05e-09
13727 0.051249218996283978 3.76e-09
13728 0.051249218996283985 4.6e-09
13729 0.051249218996284117 3.8e-09
13730 0.051249218996284263 4.67e-09
13731 0.051249218996284318 4.86e-09
13732 0.051249218996284013 3.24e-09
13733 0.051249218996284075 3.53e-09
13734 0.051249218996284096 3.68e-09
13735 0.23400567685299567 1.36e-08
13736 0.05124921899628402 3.24e-09
13737 0.051249218996284214 5.5e-09
13738 0.19565212039147858 1.29e-08
13739 0.051249218996284124 3.87e-09
13740 0.051249218996283943 2.61e-09
13741 0.23400567685299642 2.6e-08
13742 0.2340056768529977 1.56e-08
13743 0.33888848476464833 1.33e-08
13744 0.051249218996284103 3.75e-09
13745 0.051249218996284047 5.51e-09
13746 0.40937858963105866 1.59e-08
13747 0.051249218996284027 3.3e-09
13748 0.26767860546962624 1.62e-08
13749 0.19565212039147742 9.93e-09
13750 0.051249218996284082 7.64e-09
13751 0.19565212039147667 6.7e-09
13752 0.051249218996283943 4.3e-09
13753 0.23400567685299195 6.04e-09
13754 0.051249218996283992 2.95e-09
13755 0.23400567685299228 6.45e-09
13756 0.051249218996284054 3.71e-09
13757 0.051249218996284096 3.54e-09
13758 0.051249218996284006 3.17e-09
13759 0.29414667819041529 2.16e-08
13760 0.29414667819053858 2.74e-08
13761 0.051249218996283971 4.11e-09
13762 0.19565212039147756 2.01e-08
13763 0.051249218996284422 6.26e-09
13764 0.051249218996284186 4.52e-09
13765 0.19565212039147672 6.85e-09
13766 0.05124921899628411 5.24e-09
13767 0.051249218996284339 5.39e-09
13768 0.23400567685299412 1.41e-08
13769 0.05124921899628429 8.16e-09
13770 0.17886733742736047 1e-08
13771 0.051249218996284124 5.95e-09
13772 0.051249218996283978 2.8e-09
13773 0.051249218996284061 3.6e-09
13774 0.051249218996283992 3.14e-09
13775 0.23400567685299253 8.6e-09
13776 0.19565212039147692 7.48e-09
13777 0.051249218996284311 4.92e-09
13778 0.2340056768529927 9.22e-09
13779 0.051249218996284034 6.95e-09
13780 0.051249218996284297 6.06e-09
13781 0.23400567685299278 2.31e-08
13782 0.051249218996284027 3.42e-09
13783 0.051249218996284159 4.17e-09
13784 0.23400567685299231 9.85e-09
13785 0.05124921899628411 3.82e-09
13786 0.19565212039147667 8.13e-09
13787 0.051249218996284297 6.11e-09
13788 0.051249218996284061 3.44e-09
13789 0.051249218996284041 3.63e-09
13790 0.051249218996284047 5.27e-09
13791 0.051249218996283985 2.97e-09
13792 0.051249218996284131 4.55e-09
13793 0.27713209377670933 1.16e-08
13794 0.23400567685299192 5.4e-09
13795 0.27713209377670917 1.17e-08
13796 0.051249218996283992 3.7e-09
13797 0.23400567685299509 1.26e-08
13798 0.051249218996284054 3.48e-09
13799 0.051249218996284103 4.45e-09
13800 0.051249218996284117 4.14e-09
13801 0.051249218996284152 4.98e-09
13802 0.051249218996284138 3.86e-09
13803 0.19565212039147709 8.43e-09
13804 0.051249218996284235 6.63e-09
13805 0.051249218996284221 4.46e-09
13806 0.051249218996284131 5.3e-09
13807 0.26767860546962868 1.33e-08
13808 0.21223225941083473 7.62e-09
13809 0.051249218996284061 3.58e-09
13810 0.051249218996284283 4.81e-09
13811 0.21223225941084087 1.38e-08
13812 0.051249218996283936 2.41e-09
13813 0.17886733742735858 1.7e-08
13814 0.051249218996284186 9.52e-09
13815 0.051249218996283999 2.95e-09
13816 0.051249218996284006 6.52e-09
13817 0.23400567685299453 1.2e-08
13818 0.051249218996284082 9.18e-09
13819 0.051249218996284172 4.42e-09
13820 0.051249218996284221 4.4e-09
13821 0.051249218996284096 3.68e-09
13822 0.051249218996284068 3.48e-09
13823 0.19565212039147745 1.01e-08
13824 0.051249218996284082 3.65e-09
13825 0.23400567685299237 6.73e-09
13826 0.051249218996284061 4.96e-09
13827 0.051249218996284061 3.82e-09
13828 0.17886733742735803 7.03e-09
13829 0.051249218996283936 3.19e-09
13830 0.051249218996284013 5.72e-09
13831 0.19565212039147667 6.74e-09
13832 0.26194870771427914 1.1e-08
13833 0.051249218996284422 5.82e-09
13834 0.05124921899628402 5.68e-09
13835 0.17886733742736291 2.42e-08
13836 0.051249218996284006 3.23e-09
13837 0.05124921899628402 3.17e-09
13838 0.051249218996284207 7.4e-09
13839 0.23400567685299373 9.49e-09
13840 0.26767860546962924 1.59e-08
13841 0.051249218996284061 6.09e-09
13842 0.27713209377670917 8.97e-09
13843 0.051249218996284165 6.48e-09
13844 0.051249218996284041 3.27e-09
13845 0.051249218996284297 4.82e-09
13846 0.051249218996284145 4.21e-09
13847 0.051249218996284145 4.01e-09
13848 0.051249218996284013 3.27e-09
13849 0.051249218996284089 3.95e-09
13850 0.23400567685299262 8.77e-09
13851 0.05124921899628429 5.01e-09
13852 0.19565212039147745 8.84e-09
13853 0.23400567685299373 1.48e-08
13854 0.051249218996284082 4.27e-09
13855 0.23400567685299309 1.14e-08
13856 0.051249218996284061 4.15e-09
13857 0.051249218996284061 3.48e-09
13858 0.051249218996284068 5.13e-09
13859 0.051249218996284242 5.09e-09
13860 0.21223225941083512 1.19e-08
13861 0.27713209377670911 6.83e-09
13862 0.23400567685299295 1.23e-08
13863 0.051249218996284297 7.77e-09
13864 0.23400567685299264 8.85e-09
13865 0.051249218996284193 4.3e-09
13866 0.051249218996284061 4.05e-09
13867 0.051249218996284047 3.58e-09
13868 0.19565212039147711 7.94e-09
13869 0.051249218996284214 5.7e-09
13870 0.051249218996284117 5.1e-09
13871 0.051249218996284117 3.76e-09
13872 0.051249218996284103 3.68e-09
13873 0.17886733742735958 1.39e-08
13874 0.051249218996284124 3.84e-09
13875 0.051249218996284207 4.37e-09
13876 0.17886733742735872 7.85e-09
13877 0.051249218996284172 5.02e-09
13878 0.051249218996284526 9.66e-09
13879 0.051249218996283999 3.21e-09
13880 0.26767860546962113 1.02e-08
13881 0.051249218996283964 2.97e-09
13882 0.051249218996284068 3.8e-09
13883 0.051249218996284145 5.12e-09
13884 0.051249218996284103 4.16e-09
13885 0.05124921899628427 9.03e-09
13886 0.27713209377671039 1.31e-08
13887 0.051249218996283936 2.78e-09
13888 0.26767860546962796 1.31e-08
13889 0.051249218996284013 3.1e-09
13890 0.051249218996284096 5.49e-09
13891 0.195652120391477 7.99e-09
13892 0.051249218996284152 3.97e-09
13893 0.0512492189962842 4.93e-09
13894 0.051249218996284006 3.17e-09
13895 0.051249218996284075 3.58e-09
13896 0.051249218996284394 1.13e-08
13897 0.23400567685299281 9.1e-09
13898 0.051249218996284027 5.04e-09
13899 0.051249218996284103 4.52e-09
13900 0.051249218996284034 3.44e-09
13901 0.0512492189962842 4.35e-09
13902 0.40361731995195815 1.67e-08
13903 0.17886733742735994 1.11e-08
13904 0.051249218996284041 4.14e-09
13905 0.051249218996284075 4.94e-09
13906 0.051249218996284152 4.39e-09
13907 0.051249218996283923 2.65e-09
13908 0.051249218996284304 9.43e-09
13909 0.051249218996284193 4.26e-09
13910 0.051249218996284027 3.56e-09
13911 0.051249218996284047 3.26e-09
13912 0.051249218996284089 6.04e-09
13913 0.051249218996284103 4.35e-09
13914 0.05124921899628402 4.81e-09
13915 0.17886733742735955 7.93e-09
13916 0.051249218996284172 4.11e-09
13917 0.23400567685299195 7.97e-09
13918 0.051249218996283978 2.9e-09
13919 0.051249218996283992 5.53e-09
13920 0.05124921899628393 3.07e-09
13921 0.051249218996284096 5.17e-09
13922 0.17886733742735816 6.23e-09
13923 0.051249218996284165 4.29e-09
13924 0.21223225941084167 1.59e-08
13925 0.23400567685299267 1.65e-08
13926 0.23400567685299231 1.25e-08
13927 0.051249218996284165 4.17e-09
13928 0.23400567685299364 9.88e-09
13929 0.051249218996284533 5.87e-09
13930 0.051249218996284256 4.83e-09
13931 0.21223225941083895 1.23e-08
13932 0.051249218996283971 3.73e-09
13933 0.051249218996284207 4.69e-09
13934 0.23400567685299339 9.43e-09
13935 0.051249218996283874 1.85e-09
13936 0.051249218996284283 6.78e-09
13937 0.051249218996284214 4.69e-09
13938 0.051249218996284082 3.63e-09
13939 0.051249218996283978 3.07e-09
13940 0.051249218996284276 6.68e-09
13941 0.19565212039147759 9.52e-09
13942 0.051249218996283971 3.81e-09
13943 0.051249218996284006 3.08e-09
13944 0.23400567685299231 7.67e-09
13945 0.051249218996284103 4.97e-09
13946 0.051249218996284054 3.59e-09
13947 0.051249218996284165 4.14e-09
13948 0.051249218996284159 4.12e-09
13949 0.051249218996284117 4.01e-09
13950 0.051249218996283978 3.26e-09
13951 0.051249218996284068 3.61e-09
13952 0.051249218996284332 4.99e-09
13953 0.19565212039147828 1.24e-08
13954 0.05124921899628395 4.02e-09
13955 0.051249218996284054 6.48e-09
13956 0.17886733742736236 1.28e-08
13957 0.051249218996283978 2.8e-09
13958 0.051249218996284096 3.6e-09
13959 0.17886733742737032 2.26e-08
13960 0.051249218996284068 3.73e-09
13961 0.051249218996284075 3.61e-09
13962 0.051249218996284283 4.82e-09
13963 0.19565212039147731 9e-09
13964 0.051249218996284346 6.89e-09
13965 0.23400567685299223 1.72e-08
13966 0.051249218996284165 5.02e-09
13967 0.051249218996284089 6.8e-09
13968 0.32558312951162466 1.79e-08
13969 0.051249218996284034 3.33e-09
13970 0.23400567685299267 9.14e-09
13971 0.051249218996284089 4.07e-09
13972 0.051249218996284027 7.04e-09
13973 0.051249218996284103 3.95e-09
13974 0.19565212039147692 7.22e-09
13975 0.051249218996284214 4.38e-09
13976 0.1788673374273593 8.68e-09
13977 0.27713209377670928 1.2e-08
13978 0.051249218996284047 3.42e-09
13979 0.051249218996284214 4.43e-09
13980 0.051249218996284117 3.99e-09
13981 0.17886733742735883 1.33e-08
13982 0.23400567685299176 6.29e-09
13983 0.051249218996284096 4e-09
13984 0.051249218996284186 8.71e-09
13985 0.23400567685299331 1.13e-08
13986 0.051249218996283964 3.74e-09
13987 0.051249218996284165 4.14e-09
13988 0.051249218996284034 3.48e-09
13989 0.1956521203914765 9.37e-09
13990 0.051249218996284179 4.36e-09
13991 0.23400567685299323 8.84e-09
13992 0.051249218996284228 5.22e-09
13993 0.051249218996284214 4.7e-09
13994 0.051249218996284221 4.71e-09
13995 0.051249218996284478 6.35e-09
13996 0.23400567685299342 1.26e-08
13997 0.051249218996283874 5.44e-09
13998 0.05124921899628427 4.85e-09
13999 0.051249218996284082 5.49e-09
14000 0.1956521203914772 8.39e-09
14001 0.051249218996284075 3.69e-09
14002 0.23400567685299409 1e-08
14003 0.23400567685299395 1.06e-08
14004 0.051249218996284131 4.32e-09
14005 0.19565212039147692 9.65e-09
14006 0.19565212039147686 7.25e-09
14007 0.19565212039147686 7.96e-09
14008 0.17886733742735922 9.46e-09
14009 0.23400567685299389 1.87e-08
14010 0.23400567685299353 1.25e-08
14011 0.051249218996284096 3.76e-09
14012 0.051249218996284089 3.93e-09
14013 0.17886733742736488 1.37e-08
14014 0.051249218996284179 6.87e-09
14015 0.1956521203914772 9.45e-09
14016 0.051249218996284193 8.49e-09
14017 0.19565212039147686 1.5e-08
14018 0.051249218996283936 2.52e-09
14019 0.051249218996284179 4.43e-09
14020 0.051249218996284103 4.37e-09
14021 0.19565212039147675 9.11e-09
14022 0.19565212039147628 6.78e-09
14023 0.051249218996284297 4.77e-09
14024 0.051249218996284082 3.74e-09
14025 0.27713209377670944 9.55e-09
14026 0.19565212039147686 7.67e-09
14027 0.19565212039147664 6.38e-09
14028 0.051249218996283992 3.04e-09
14029 0.051249218996284054 5.11e-09
14030 0.05124921899628429 5.11e-09
14031 0.051249218996284068 4.25e-09
14032 0.051249218996284117 3.93e-09
14033 0.051249218996284228 4.46e-09
14034 0.051249218996284096 3.69e-09
14035 0.051249218996284061 3.65e-09
14036 0.051249218996283978 6.13e-09
14037 0.051249218996284117 3.88e-09
14038 0.051249218996284054 3.42e-09
14039 0.051249218996284096 4.09e-09
14040 0.05124921899628402 4.09e-09
14041 0.2340056768529927 8.94e-09
14042 0.23400567685299192 5.53e-09
14043 0.051249218996284159 4.04e-09
14044 0.051249218996283964 3.15e-09
14045 0.0512492189962842 5.16e-09
14046 0.051249218996284034 3.34e-09
14047 0.23400567685299362 9.12e-09
14048 0.051249218996284027 3.25e-09
14049 0.26194870771428341 1.43e-08
14050 0.051249218996284041 3.78e-09
14051 0.17886733742736297 1.22e-08
14052 0.051249218996284096 4.89e-09
14053 0.051249218996284179 4.24e-09
14054 0.051249218996284256 6.3e-09
14055 0.051249218996284214 5.03e-09
14056 0.051249218996284485 5.67e-09
14057 0.27713209377670894 6.5e-09
14058 0.05124921899628393 2.68e-09
14059 0.26194870771428053 1.18e-08
14060 0.051249218996284145 4.83e-09
14061 0.051249218996284221 4.81e-09
14062 0.051249218996284353 5.91e-09
14063 0.051249218996284117 4.18e-09
14064 0.051249218996283978 1.14e-08
14065 0.051249218996284186 4.41e-09
14066 0.051249218996284006 2.99e-09
14067 0.051249218996284061 3.45e-09
14068 0.051249218996284061 5.11e-09
14069 0.05124921899628427 5.61e-09
14070 0.23400567685299267 8.82e-09
14071 0.051249218996284492 5.84e-09
14072 0.051249218996284047 3.37e-09
14073 0.051249218996284256 5.45e-09
14074 0.19565212039147722 8.39e-09
14075 0.19565212039147734 1.34e-08
14076 0.23400567685299287 8.02e-09
14077 0.051249218996284276 4.78e-09
14078 0.17886733742736066 1.46e-08
14079 0.05124921899628427 4.89e-09
14080 0.051249218996283999 4.83e-09
14081 0.05124921899628402 4.21e-09
14082 0.051249218996284075 3.67e-09
14083 0.051249218996284027 3.62e-09
14084 0.051249218996284131 4.15e-09
14085 0.051249218996284138 3.96e-09
14086 0.051249218996283964 6.72e-09
14087 0.051249218996284276 4.61e-09
14088 0.19565212039147667 7.22e-09
14089 0.051249218996284054 3.93e-09
14090 0.051249218996283999 4.19e-09
14091 0.051249218996284457 7.46e-09
14092 0.23400567685299212 6.38e-09
14093 0.051249218996284214 5e-09
14094 0.051249218996283985 3.1e-09
14095 0.19565212039147714 9.48e-09
14096 0.051249218996284304 5.61e-09
14097 0.051249218996284117 4.4e-09
14098 0.051249218996283992 3.7e-09
14099 0.051249218996284103 4.14e-09
14100 0.051249218996284082 3.55e-09
14101 0.19565212039147722 8.38e-09
14102 0.051249218996283936 2.46e-09
14103 0.051249218996284179 6.87e-09
14104 0.051249218996284041 8.24e-09
14105 0.051249218996283999 3.28e-09
14106 0.051249218996284228 4.91e-09
14107 0.051249218996284034 3.21e-09
14108 0.05124921899628393 2.88e-09
14109 0.051249218996284131 5.56e-09
14110 0.051249218996284096 4.05e-09
14111 0.26194870771428169 1.21e-08
14112 0.19565212039147731 1.01e-08
14113 0.051249218996284041 3.48e-09
14114 0.051249218996283999 5.3e-09
14115 0.051249218996284034 3.35e-09
14116 0.051249218996283999 3.03e-09
14117 0.051249218996284304 5.33e-09
14118 0.051249218996284207 4.67e-09
14119 0.051249218996284353 5.6e-09
14120 0.17886733742735883 1.45e-08
14121 0.051249218996283992 3.75e-09
14122 0.051249218996284027 4.37e-09
14123 0.051249218996284568 1.08e-08
14124 0.17886733742735961 9.25e-09
14125 0.051249218996284034 6.05e-09
14126 0.051249218996284117 4.44e-09
14127 0.051249218996284034 5.46e-09
14128 0.338888484764646 1.08e-08
14129 0.051249218996284131 4.31e-09
14130 0.051249218996284152 6.89e-09
14131 0.05124921899628393 2.75e-09
14132 0.051249218996284061 3.61e-09
14133 0.051249218996284006 3.23e-09
14134 0.29414667819030421 2.92e-08
14135 0.17886733742736149 1.19e-08
14136 0.23400567685299389 9.68e-09
14137 0.051249218996284276 4.72e-09
14138 0.051249218996284068 3.51e-09
14139 0.19565212039147772 1.12e-08
14140 0.17886733742736546 1.85e-08
14141 0.23400567685299203 8.09e-09
14142 0.051249218996284145 3.89e-09
14143 0.1956521203914782 1.12e-08
14144 0.051249218996284249 4.52e-09
14145 0.19565212039147853 1.83e-08
14146 0.051249218996284249 4.92e-09
14147 0.051249218996284179 5.67e-09
14148 0.32558312951141405 1.44e-08
14149 0.051249218996284068 3.61e-09
14150 0.051249218996284186 5.43e-09
14151 0.17886733742735914 1.03e-08
14152 0.05124921899628427 4.91e-09
14153 0.23400567685299342 1.45e-08
14154 0.32558312951140883 1.38e-08
14155 0.051249218996284096 3.6e-09
14156 0.19565212039147642 8.83e-09
14157 0.051249218996284387 8.8e-09
14158 0.23400567685299237 1.16e-08
14159 0.17886733742735769 5.33e-09
14160 0.051249218996284159 4e-09
14161 0.051249218996283985 3.17e-09
14162 0.051249218996284138 4.25e-09
14163 0.051249218996284068 3.57e-09
14164 0.23400567685299267 1.22e-08
14165 0.051249218996284061 4.68e-09
14166 0.051249218996283985 2.85e-09
14167 0.051249218996284179 5.11e-09
14168 0.17886733742736455 1.36e-08
14169 0.051249218996284124 4.13e-09
14170 0.26767860546963762 1.39e-08
14171 0.051249218996284138 3.97e-09
14172 0.05124921899628411 4.12e-09
14173 0.23400567685299259 8.65e-09
14174 0.051249218996284568 7.28e-09
14175 0.19565212039147742 1.8e-08
14176 0.051249218996284061 3.47e-09
14177 0.051249218996284006 3.15e-09
14178 0.051249218996284082 3.71e-09
14179 0.23400567685299314 1.05e-08
14180 0.19565212039147739 9.93e-09
14181 0.051249218996284311 6.71e-09
14182 0.051249218996284082 4.04e-09
14183 0.21223225941084337 1.89e-08
14184 0.21223225941085672 2.69e-08
14185 0.051249218996284138 4.07e-09
14186 0.23400567685299359 1.36e-08
14187 0.23400567685299356 1.58e-08
14188 0.051249218996284179 4.5e-09
14189 0.051249218996284533 7.38e-09
14190 0.05124921899628402 3.29e-09
14191 0.19565212039147706 8.93e-09
14192 0.051249218996284325 5.91e-09
14193 0.051249218996284034 3.2e-09
14194 0.051249218996284172 4.21e-09
14195 0.17886733742735908 9.91e-09
14196 0.051249218996284249 4.94e-09
14197 0.051249218996284214 6.35e-09
14198 0.051249218996284179 4.46e-09
14199 0.051249218996283992 4.83e-09
14200 0.23400567685299437 1.05e-08
14201 0.23400567685299289 1.81e-08
14202 0.19565212039147714 1.09e-08
14203 0.051249218996284221 4.63e-09
14204 0.19565212039147889 1.34e-08
14205 0.051249218996283971 2.9e-09
14206 0.051249218996284047 3.55e-09
14207 0.051249218996284159 4.1e-09
14208 0.23400567685299331 1.06e-08
14209 0.051249218996283992 5.83e-09
14210 0.051249218996284103 3.82e-09
14211 0.051249218996284263 6.33e-09
14212 0.051249218996284172 6.91e-09
14213 0.23400567685299198 5.54e-09
14214 0.05124921899628429 7.76e-09
14215 0.23400567685299226 7.58e-09
14216 0.051249218996284325 4.93e-09
14217 0.051249218996284596 6.35e-09
14218 0.051249218996284228 4.36e-09
14219 0.23400567685299251 7.46e-09
14220 0.051249218996284138 4e-09
14221 0.051249218996284013 3.08e-09
14222 0.051249218996283902 2e-09
14223 0.23400567685299303 1.29e-08
14224 0.051249218996284381 6.77e-09
14225 0.26194870771427831 1.17e-08
14226 0.051249218996284443 8.99e-09
14227 0.23400567685299242 1.66e-08
14228 0.1956521203914775 1.27e-08
14229 0.051249218996284096 4.96e-09
14230 0.051249218996284089 3.88e-09
14231 0.0512492189962842 4.58e-09
14232 0.051249218996284034 3.33e-09
14233 0.051249218996283999 3.35e-09
14234 0.051249218996283943 4.17e-09
14235 0.051249218996283964 7.49e-09
14236 0.05124921899628402 6.14e-09
14237 0.051249218996284124 6.92e-09
14238 0.05124921899628395 2.7e-09
14239 0.1956521203914767 1.33e-08
14240 0.051249218996284304 5.42e-09
14241 0.051249218996284082 6.21e-09
14242 0.23400567685299259 8.47e-09
14243 0.051249218996284117 4.68e-09
14244 0.051249218996284165 4.05e-09
14245 0.051249218996284172 6.97e-09
14246 0.051249218996283943 3.43e-09
14247 0.051249218996284283 5.08e-09
14248 0.051249218996283978 3.4e-09
14249 0.19565212039147853 1.24e-08
14250 0.2619487077142848 1.65e-08
14251 0.051249218996284075 3.63e-09
14252 0.23400567685299226 9.44e-09
14253 0.21223225941085053 2.35e-08
14254 0.26194870771428158 1.22e-08
14255 0.051249218996283985 5.46e-09
14256 0.051249218996284152 4.03e-09
14257 0.051249218996284152 4.07e-09
14258 0.23400567685299214 6.95e-09
14259 0.051249218996284082 3.99e-09
14260 0.051249218996284297 5.13e-09
14261 0.29414667819038037 3.05e-08
14262 0.051249218996284367 5.88e-09
14263 0.05124921899628402 3.33e-09
14264 0.19565212039147745 9.2e-09
14265 0.051249218996284013 3.05e-09
14266 0.051249218996284047 3.47e-09
14267 0.051249218996284318 7.13e-09
14268 0.23400567685299259 2e-08
14269 0.23400567685299301 8.91e-09
14270 0.051249218996284214 4.61e-09
14271 0.051249218996284041 3.93e-09
14272 0.23400567685299334 8.37e-09
14273 0.051249218996284159 5.26e-09
14274 0.23400567685299509 1.54e-08
14275 0.051249218996284214 4.65e-09
14276 0.051249218996284047 5.76e-09
14277 0.051249218996284013 3.08e-09
14278 0.051249218996284061 4.86e-09
14279 0.05124921899628402 3.12e-09
14280 0.19565212039147728 8.91e-09
14281 0.051249218996284082 3.75e-09
14282 0.051249218996284054 3.39e-09
14283 0.051249218996284041 3.35e-09
14284 0.051249218996283999 5.75e-09
14285 0.051249218996284103 3.91e-09
14286 0.051249218996283992 4.95e-09
14287 0.051249218996284165 6.44e-09
14288 0.05124921899628427 4.7e-09
14289 0.19565212039147795 1.42e-08
14290 0.23400567685299528 1.31e-08
14291 0.051249218996283992 2.85e-09
14292 0.19565212039147659 6.46e-09
14293 0.051249218996284443 5.55e-09
14294 0.051249218996284165 5.83e-09
14295 0.23400567685299353 1.83e-08
14296 0.051249218996284547 6.14e-09
14297 0.051249218996284131 4.11e-09
14298 0.051249218996284131 4.53e-09
14299 0.23400567685299326 8.52e-09
14300 0.051249218996284124 4.7e-09
14301 0.051249218996283902 2.75e-09
14302 0.051249218996284145 6.77e-09
14303 0.051249218996284159 4.08e-09
14304 0.051249218996284276 5.02e-09
14305 0.23400567685299248 1.42e-08
14306 0.051249218996284304 5.17e-09
14307 0.23400567685299209 8.11e-09
14308 0.1956521203914775 1.02e-08
14309 0.26767860546963246 1.64e-08
14310 0.051249218996284263 4.7e-09
14311 0.051249218996284228 4.72e-09
14312 0.051249218996284061 5.56e-09
14313 0.051249218996284186 4.44e-09
14314 0.051249218996284006 3.02e-09
14315 0.051249218996284131 6.94e-09
14316 0.05124921899628436 5.17e-09
14317 0.051249218996284297 5.01e-09
14318 0.051249218996284041 1.12e-08
14319 0.051249218996284138 3.93e-09
14320 0.051249218996284061 3.84e-09
14321 0.21223225941084001 2.31e-08
14322 0.051249218996284027 7.33e-09
14323 0.26194870771427958 1.05e-08
14324 0.051249218996284165 5.25e-09
14325 0.051249218996283978 2.95e-09
14326 0.05124921899628427 4.79e-09
14327 0.19565212039147767 1.12e-08
14328 0.19565212039147731 8.48e-09
14329 0.05124921899628402 3.61e-09
14330 0.19565212039147725 8.77e-09
14331 0.051249218996284207 4.63e-09
14332 0.051249218996283867 7.04e-09
14333 0.051249218996284117 3.82e-09
14334 0.27713209377670928 8.27e-09
14335 0.051249218996284172 7.15e-09
14336 0.051249218996284374 5.22e-09
14337 0.21223225941084031 1.83e-08
14338 0.051249218996284054 3.63e-09
14339 0.051249218996283971 3.74e-09
14340 0.051249218996284394 6.53e-09
14341 0.19565212039147697 1.08e-08
14342 0.051249218996284124 3.97e-09
14343 0.051249218996284193 4.29e-09
14344 0.051249218996284096 6.63e-09
14345 0.17886733742736816 2.79e-08
14346 0.051249218996284207 4.71e-09
14347 0.23400567685299303 1.3e-08
14348 0.05124921899628402 3.45e-09
14349 0.26194870771427792 1.7e-08
14350 0.23400567685299206 6.52e-09
14351 0.05124921899628393 6.59e-09
14352 0.051249218996284256 6.73e-09
14353 0.23400567685299287 8.23e-09
14354 0.051249218996284041 3.73e-09
14355 0.19565212039147667 6.43e-09
14356 0.051249218996284221 6.37e-09
14357 0.23400567685299259 1.01e-08
14358 0.051249218996284089 7.02e-09
14359 0.051249218996284075 5.38e-09
14360 0.051249218996284214 4.57e-09
14361 0.0512492189962842 4.67e-09
14362 0.051249218996284138 5.81e-09
14363 0.051249218996283992 3.49e-09
14364 0.051249218996284075 3.63e-09
14365 0.23400567685299292 1.36e-08
14366 0.051249218996284367 5.32e-09
14367 0.051249218996284096 3.9e-09
14368 0.05124921899628411 4.17e-09
14369 0.051249218996284221 5.15e-09
14370 0.051249218996284068 3.7e-09
14371 0.23400567685299314 8.35e-09
14372 0.051249218996284124 3.84e-09
14373 0.23400567685299345 1.25e-08
14374 0.17886733742736186 1.21e-08
14375 0.051249218996284027 3.79e-09
14376 0.23400567685299201 5.58e-09
14377 0.27713209377671016 1.3e-08
14378 0.23400567685299481 1.42e-08
14379 0.051249218996283992 3.34e-09
14380 0.051249218996284138 4.13e-09
14381 0.051249218996284207 4.36e-09
14382 0.051249218996284304 6.08e-09
14383 0.23400567685299445 1.53e-08
14384 0.2340056768529932 1.05e-08
14385 0.051249218996284068 3.46e-09
14386 0.051249218996284131 3.88e-09
14387 0.23400567685299323 8.74e-09
14388 0.0512492189962842 5.12e-09
14389 0.051249218996284152 7.15e-09
14390 0.051249218996284075 6.27e-09
14391 0.17886733742735891 8.65e-09
14392 0.1956521203914767 1.16e-08
14393 0.1956521203914775 9.32e-09
14394 0.051249218996284172 4.64e-09
14395 0.051249218996283999 3.28e-09
14396 0.051249218996283936 3.45e-09
14397 0.051249218996284172 4.11e-09
14398 0.051249218996284027 3.86e-09
14399 0.051249218996284061 3.57e-09
14400 0.051249218996284228 1.2e-08
14401 0.051249218996284047 3.39e-09
14402 0.051249218996284047 5.98e-09
14403 0.05124921899628429 8.84e-09
14404 0.051249218996283985 4.56e-09
14405 0.23400567685299256 1.51e-08
14406 0.17886733742736083 1.08e-08
14407 0.051249218996284256 4.99e-09
14408 0.19565212039147711 1.64e-08
14409 0.19565212039147639 5.73e-09
14410 0.0512492189962842 4.59e-09
14411 0.051249218996284047 3.4e-09
14412 0.19565212039147725 1.6e-08
14413 0.05124921899628411 4.94e-09
14414 0.051249218996284235 4.7e-09
14415 0.338888484764646 9.61e-09
14416 0.051249218996284124 3.81e-09
14417 0.051249218996284429 6.75e-09
14418 0.19565212039147684 8.19e-09
14419 0.051249218996283957 2.55e-09
14420 0.051249218996284186 4.42e-09
14421 0.27713209377670939 9.04e-09
14422 0.051249218996284054 5.39e-09
14423 0.21223225941084523 1.64e-08
14424 0.051249218996284894 8.05e-09
14425 0.051249218996284041 3.8e-09
14426 0.051249218996284117 4.56e-09
14427 0.051249218996283971 3.05e-09
14428 0.051249218996284193 4.54e-09
14429 0.051249218996284117 4e-09
14430 0.23400567685299301 7.74e-09
14431 0.05124921899628427 5.19e-09
14432 0.19565212039147656 6.88e-09
14433 0.0512492189962842 4.4e-09
14434 0.051249218996284311 5.34e-09
14435 0.051249218996284041 3.44e-09
14436 0.23400567685299284 8.24e-09
14437 0.051249218996284089 3.61e-09
14438 0.051249218996284075 5.44e-09
14439 0.23400567685299348 1.55e-08
14440 0.051249218996284041 3.33e-09
14441 0.051249218996284117 4.21e-09
14442 0.29414667819035734 1.75e-08
14443 0.051249218996284103 3.71e-09
14444 0.051249218996284068 3.79e-09
14445 0.051249218996284089 9.16e-09
14446 0.19565212039147811 1.34e-08
14447 0.051249218996284096 4.94e-09
14448 0.2340056768529927 1.13e-08
14449 0.051249218996284006 3.1e-09
14450 0.17886733742736391 1.46e-08
14451 0.19565212039147722 8.3e-09
14452 0.051249218996284145 3.95e-09
14453 0.051249218996284165 6.34e-09
14454 0.23400567685299548 1.34e-08
14455 0.051249218996284075 9.78e-09
14456 0.27713209377671083 2.31e-08
14457 0.051249218996284159 4.61e-09
14458 0.05124921899628402 5.02e-09
14459 0.05124921899628427 4.63e-09
14460 0.23400567685299201 5.86e-09
14461 0.19565212039147739 1.55e-08
14462 0.051249218996284006 3.27e-09
14463 0.051249218996284263 4.89e-09
14464 0.051249218996283964 2.75e-09
14465 0.051249218996283936 2.33e-09
14466 0.051249218996284089 3.67e-09
14467 0.051249218996283957 2.79e-09
14468 0.19565212039147695 8.35e-09
14469 0.051249218996284068 3.86e-09
14470 0.17886733742735922 8.54e-09
14471 0.26767860546962119 1.1e-08
14472 0.051249218996284089 3.66e-09
14473 0.051249218996284006 3.39e-09
14474 0.051249218996284297 5.02e-09
14475 0.051249218996284047 4.82e-09
14476 0.051249218996284207 4.66e-09
14477 0.27713209377670917 7.52e-09
14478 0.051249218996284374 5.51e-09
14479 0.05124921899628427 6.61e-09
14480 0.05124921899628411 3.7e-09
14481 0.1956521203914765 5.51e-09
14482 0.051249218996284235 4.51e-09
14483 0.17886733742736438 1.52e-08
14484 0.051249218996283846 1.31e-09
14485 0.23400567685299353 1.25e-08
14486 0.051249218996284096 3.71e-09
14487 0.051249218996283992 4.86e-09
14488 0.21223225941085008 2.4e-08
14489 0.19565212039147703 8.53e-09
14490 0.051249218996284013 3.85e-09
14491 0.051249218996284159 6.55e-09
14492 0.051249218996284096 4.74e-09
14493 0.23400567685299437 1.15e-08
14494 0.051249218996283902 2.1e-09
14495 0.051249218996284145 4.28e-09
14496 0.23400567685299287 7.31e-09
14497 0.0512492189962842 5.38e-09
14498 0.23400567685299389 1.02e-08
14499 0.051249218996284082 5.27e-09
14500 0.2122322594108417 1.61e-08
14501 0.19565212039147659 7.61e-09
14502 0.23400567685299242 6.12e-09
14503 0.19565212039147667 6.43e-09
14504 0.051249218996283957 2.78e-09
14505 0.051249218996284054 4.21e-09
14506 0.051249218996284131 7.42e-09
14507 0.051249218996284013 3.09e-09
14508 0.051249218996284034 3.22e-09
14509 0.051249218996284103 3.71e-09
14510 0.33888848476464761 1.16e-08
14511 0.051249218996283985 3.07e-09
14512 0.23400567685299203 5.31e-09
14513 0.19565212039147692 1.35e-08
14514 0.27713209377670944 8.79e-09
14515 0.051249218996284249 4.58e-09
14516 0.051249218996284089 4.68e-09
14517 0.051249218996283943 2.79e-09
14518 0.051249218996284061 3.69e-09
14519 0.051249218996284103 3.74e-09
14520 0.23400567685299217 7.7e-09
14521 0.051249218996284027 3.28e-09
14522 0.051249218996284311 4.91e-09
14523 0.051249218996284131 4.67e-09
14524 0.051249218996284082 3.53e-09
14525 0.051249218996284054 4.92e-09
14526 0.051249218996284186 4.59e-09
14527 0.051249218996284131 3.93e-09
14528 0.051249218996284325 9.07e-09
14529 0.051249218996284047 3.75e-09
14530 0.051249218996284408 5.48e-09
14531 0.051249218996283923 3.2e-09
14532 0.051249218996283999 3.2e-09
14533 0.19565212039147731 9.38e-09
14534 0.051249218996283999 6.65e-09
14535 0.051249218996284034 9.11e-09
14536 0.23400567685299237 6.3e-09
14537 0.23400567685299314 8.03e-09
14538 0.051249218996284374 5.18e-09
14539 0.19565212039147861 1.8e-08
14540 0.051249218996284145 4.04e-09
14541 0.051249218996284061 3.69e-09
14542 0.2340056768529922 7.53e-09
14543 0.051249218996284214 5.63e-09
14544 0.051249218996284047 5.92e-09
14545 0.051249218996284138 9.17e-09
14546 0.051249218996284047 3.99e-09
14547 0.051249218996284082 3.75e-09
14548 0.051249218996284103 6.17e-09
14549 0.23400567685299373 9.39e-09
14550 0.051249218996284047 4.88e-09
14551 0.051249218996284131 5.02e-09
14552 0.051249218996283964 2.86e-09
14553 0.051249218996284027 3.89e-09
14554 0.051249218996284117 3.83e-09
14555 0.21223225941083701 1.05e-08
14556 0.051249218996284103 4e-09
14557 0.05124921899628402 3.11e-09
14558 0.051249218996284159 4.77e-09
14559 0.051249218996284138 5.09e-09
14560 0.051249218996284047 3.52e-09
14561 0.051249218996284381 6.61e-09
14562 0.051249218996284242 4.95e-09
14563 0.17886733742735894 1.09e-08
14564 0.051249218996284068 3.57e-09
14565 0.051249218996284249 7.05e-09
14566 0.051249218996284124 4.91e-09
14567 0.051249218996284304 4.87e-09
14568 0.051249218996284006 3.18e-09
14569 0.17886733742735797 5.77e-09
14570 0.19565212039147659 6.33e-09
14571 0.051249218996284061 3.73e-09
14572 0.051249218996283985 3.16e-09
14573 0.051249218996284318 5.59e-09
14574 0.05124921899628429 8.08e-09
14575 0.23400567685299217 8.84e-09
14576 0.051249218996284103 9.2e-09
14577 0.19565212039147689 7.32e-09
14578 0.051249218996284103 4.83e-09
14579 0.051249218996284485 6.05e-09
14580 0.051249218996284179 9.1e-09
14581 0.051249218996284124 4.87e-09
14582 0.051249218996284138 9.13e-09
14583 0.051249218996284172 5.49e-09
14584 0.051249218996284499 6.68e-09
14585 0.051249218996284131 6.21e-09
14586 0.051249218996284304 4.78e-09
14587 0.051249218996284179 4.4e-09
14588 0.051249218996284249 5.7e-09
14589 0.051249218996283999 3e-09
14590 0.19565212039147659 2.11e-08
14591 0.051249218996283992 3.19e-09
14592 0.051249218996284013 3.39e-09
14593 0.1956521203914775 9.27e-09
14594 0.051249218996284263 4.66e-09
14595 0.051249218996284186 7.86e-09
14596 0.23400567685299403 1.05e-08
14597 0.05124921899628402 3.18e-09
14598 0.051249218996284124 4.17e-09
14599 0.234005676852995 1.29e-08
14600 0.17886733742735961 1.82e-08
14601 0.051249218996284172 5.13e-09
14602 0.051249218996284041 3.26e-09
14603 0.05124921899628402 3.29e-09
14604 0.051249218996284006 3.75e-09
14605 0.051249218996284311 6.22e-09
14606 0.0512492189962842 5.39e-09
14607 0.051249218996284089 3.59e-09
14608 0.051249218996284089 4.64e-09
14609 0.051249218996284047 4.64e-09
14610 0.051249218996284131 3.96e-09
14611 0.051249218996284027 3.39e-09
14612 0.051249218996284276 5.9e-09
14613 0.051249218996284228 8.35e-09
14614 0.051249218996284103 3.68e-09
14615 0.23400567685299256 8.83e-09
14616 0.0512492189962842 4.28e-09
14617 0.051249218996284193 4.31e-09
14618 0.051249218996284242 4.58e-09
14619 0.051249218996284089 4.26e-09
14620 0.051249218996284214 4.37e-09
14621 0.2340056768529917 3.86e-09
14622 0.21223225941084112 1.97e-08
14623 0.19565212039147625 5.26e-09
14624 0.21223225941084042 2.08e-08
14625 0.23400567685299312 1.46e-08
14626 0.17886733742736544 1.64e-08
14627 0.051249218996284131 3.9e-09
14628 0.05124921899628427 8.71e-09
14629 0.051249218996284145 3.91e-09
14630 0.21223225941084115 1.43e-08
14631 0.051249218996284235 6.85e-09
14632 0.17886733742736149 1.25e-08
14633 0.051249218996284179 4.25e-09
14634 0.051249218996284214 4.61e-09
14635 0.0512492189962842 4.35e-09
14636 0.051249218996284325 5.06e-09
14637 0.23400567685299292 1.33e-08
14638 0.051249218996283992 2.93e-09
14639 0.051249218996284103 5.11e-09
14640 0.23400567685299434 1.15e-08
14641 0.051249218996284027 3.39e-09
14642 0.051249218996283943 3.08e-09
14643 0.051249218996284068 3.65e-09
14644 0.051249218996284075 6.53e-09
14645 0.051249218996284054 3.54e-09
14646 0.051249218996284096 3.67e-09
14647 0.051249218996284041 3.41e-09
14648 0.051249218996284047 5.44e-09
14649 0.19565212039147709 8.34e-09
14650 0.051249218996284221 4.49e-09
14651 0.051249218996283999 3.14e-09
14652 0.17886733742736002 1.51e-08
14653 0.051249218996284145 3.93e-09
14654 0.051249218996284422 6.05e-09
14655 0.051249218996284089 3.71e-09
14656 0.051249218996284047 4.03e-09
14657 0.051249218996284041 3.47e-09
14658 0.051249218996284054 3.83e-09
14659 0.051249218996284214 4.37e-09
14660 0.051249218996284047 9.49e-09
14661 0.17886733742736616 1.49e-08
14662 0.051249218996284047 3.48e-09
14663 0.051249218996284096 3.8e-09
14664 0.051249218996284346 9.56e-09
14665 0.21223225941083695 2.41e-08
14666 0.19565212039147678 6.84e-09
14667 0.27713209377671 1.2e-08
14668 0.19565212039147689 7.64e-09
14669 0.23400567685299187 5.02e-09
14670 0.051249218996283971 3.6e-09
14671 0.1956521203914785 1.6e-08
14672 0.05124921899628395 4.54e-09
14673 0.051249218996284047 3.33e-09
14674 0.051249218996284387 8.23e-09
14675 0.19565212039147695 7.74e-09
14676 0.051249218996283985 2.94e-09
14677 0.23400567685299301 1.35e-08
14678 0.051249218996284256 4.89e-09
14679 0.23400567685299342 8.57e-09
14680 0.051249218996284027 3.33e-09
14681 0.051249218996284131 7.86e-09
14682 0.05124921899628411 3.86e-09
14683 0.051249218996284103 4.01e-09
14684 0.051249218996284041 3.33e-09
14685 0.051249218996284075 3.66e-09
14686 0.19565212039147728 1.02e-08
14687 0.178867337427358 6.91e-09
14688 0.23400567685299345 1.36e-08
14689 0.051249218996284124 3.86e-09
14690 0.051249218996284193 4.23e-09
14691 0.19565212039147711 8.01e-09
14692 0.051249218996283902 3.56e-09
14693 0.051249218996284387 5.81e-09
14694 0.051249218996284041 3.77e-09
14695 0.051249218996284124 4.22e-09
14696 0.051249218996284047 5.88e-09
14697 0.19565212039147689 7.54e-09
14698 0.051249218996284263 4.92e-09
14699 0.051249218996284082 4.57e-09
14700 0.051249218996284242 4.77e-09
14701 0.051249218996284256 7.57e-09
14702 0.051249218996284124 8.1e-09
14703 0.051249218996284207 4.39e-09
14704 0.05124921899628411 6.29e-09
14705 0.05124921899628402 3.45e-09
14706 0.051249218996284353 5.43e-09
14707 0.051249218996284047 3.58e-09
14708 0.051249218996284152 4.3e-09
14709 0.051249218996283985 2.83e-09
14710 0.051249218996284131 4.52e-09
14711 0.27713209377670917 1.5e-08
14712 0.051249218996284249 5.75e-09
14713 0.23400567685299214 8.54e-09
14714 0.051249218996283943 3.61e-09
14715 0.19565212039147714 1.15e-08
14716 0.23400567685299323 1.99e-08
14717 0.2340056768529917 7.43e-09
14718 0.051249218996283999 2.93e-09
14719 0.051249218996284332 4.95e-09
14720 0.051249218996283992 6.04e-09
14721 0.051249218996284041 3.3e-09
14722 0.23400567685299289 8.48e-09
14723 0.05124921899628395 3e-09
14724 0.26194870771428008 1.37e-08
14725 0.23400567685299276 9.03e-09
14726 0.19565212039147797 1.03e-08
14727 0.23400567685299248 6.4e-09
14728 0.051249218996284214 5.84e-09
14729 0.051249218996284117 6.25e-09
14730 0.23400567685299253 6.89e-09
14731 0.23400567685299328 8.59e-09
14732 0.19565212039147695 8.89e-09
14733 0.0512492189962842 4.59e-09
14734 0.051249218996283999 3.02e-09
14735 0.051249218996284089 3.69e-09
14736 0.051249218996284013 3.19e-09
14737 0.051249218996284013 3.15e-09
14738 0.19565212039147736 9.38e-09
14739 0.19565212039147675 6.75e-09
14740 0.051249218996284152 3.98e-09
14741 0.051249218996284186 4.6e-09
14742 0.051249218996283971 4.3e-09
14743 0.051249218996284159 8.51e-09
14744 0.051249218996284117 5.73e-09
14745 0.051249218996284089 3.65e-09
14746 0.05124921899628429 4.73e-09
14747 0.17886733742736016 1.36e-08
14748 0.051249218996284401 6.91e-09
14749 0.051249218996284193 4.56e-09
14750 0.17886733742735872 1.29e-08
14751 0.05124921899628402 4.51e-09
14752 0.19565212039147709 1.79e-08
14753 0.051249218996284124 9.87e-09
14754 0.19565212039147692 7.61e-09
14755 0.051249218996284047 3.39e-09
14756 0.051249218996284214 4.38e-09
14757 0.051249218996284276 4.74e-09
14758 0.051249218996284214 4.8e-09
14759 0.051249218996284117 3.92e-09
14760 0.051249218996284068 3.6e-09
14761 0.051249218996283971 3.5e-09
14762 0.051249218996284124 3.86e-09
14763 0.051249218996284179 4.85e-09
14764 0.23400567685299309 1.1e-08
14765 0.051249218996283999 3.79e-09
14766 0.05124921899628411 3.91e-09
14767 0.19565212039147722 9.22e-09
14768 0.051249218996283999 4.14e-09
14769 0.051249218996283999 3.13e-09
14770 0.17886733742736066 1.29e-08
14771 0.05124921899628402 3.61e-09
14772 0.051249218996283916 2.56e-09
14773 0.051249218996284152 4.08e-09
14774 0.051249218996284207 4.38e-09
14775 0.051249218996284283 5.23e-09
14776 0.05124921899628411 3.92e-09
14777 0.19565212039147756 1.1e-08
14778 0.051249218996283895 1.98e-09
14779 0.051249218996284006 3.68e-09
14780 0.19565212039147731 9.23e-09
14781 0.051249218996284089 3.76e-09
14782 0.23400567685299489 1.24e-08
14783 0.29414667819030399 2.26e-08
14784 0.051249218996284103 3.77e-09
14785 0.051249218996284138 5.51e-09
14786 0.051249218996284263 4.8e-09
14787 0.17886733742736224 1.91e-08
14788 0.051249218996283978 3.62e-09
14789 0.051249218996284131 4.5e-09
14790 0.19565212039147695 7.65e-09
14791 0.051249218996283971 4.43e-09
14792 0.051249218996284311 5.57e-09
14793 0.0512492189962842 4.32e-09
14794 0.05124921899628436 6.1e-09
14795 0.051249218996284034 3.42e-09
14796 0.051249218996284138 4.01e-09
14797 0.19565212039147695 1.55e-08
14798 0.051249218996284172 4.14e-09
14799 0.051249218996284061 3.89e-09
14800 0.051249218996284061 3.67e-09
14801 0.1788673374273608 9.9e-09
14802 0.26194870771427786 1.11e-08
14803 0.051249218996284159 5.82e-09
14804 0.051249218996284207 4.6e-09
14805 0.051249218996284089 7.46e-09
14806 0.17886733742736086 2.65e-08
14807 0.23400567685299434 1.14e-08
14808 0.051249218996284089 3.99e-09
14809 0.051249218996284235 5.71e-09
14810 0.051249218996283943 2.87e-09
14811 0.051249218996284221 4.51e-09
14812 0.051249218996284047 5.13e-09
14813 0.051249218996283964 3.14e-09
14814 0.051249218996284117 3.88e-09
14815 0.23400567685299267 9.87e-09
14816 0.051249218996284124 4.11e-09
14817 0.051249218996283964 2.89e-09
14818 0.17886733742736022 8.94e-09
14819 0.17886733742735833 1.75e-08
14820 0.051249218996284297 4.89e-09
14821 0.051249218996284304 7.88e-09
14822 0.051249218996283999 6.31e-09
14823 0.051249218996284006 3.1e-09
14824 0.19565212039147856 1.23e-08
14825 0.23400567685299264 1.45e-08
14826 0.19565212039147778 1.14e-08
14827 0.051249218996284346 5.49e-09
14828 0.051249218996284131 3.94e-09
14829 0.051249218996284263 6.55e-09
14830 0.051249218996284124 5.34e-09
14831 0.051249218996284138 5.81e-09
14832 0.051249218996283971 3.59e-09
14833 0.051249218996284138 3.95e-09
14834 0.051249218996284172 4.3e-09
14835 0.051249218996284221 4.65e-09
14836 0.26194870771428025 1.87e-08
14837 0.19565212039147725 9.56e-09
14838 0.051249218996284117 4.29e-09
14839 0.05124921899628411 5.13e-09
14840 0.051249218996284089 3.64e-09
14841 0.05124921899628395 2.54e-09
14842 0.19565212039147709 1e-08
14843 0.19565212039147747 1.59e-08
14844 0.051249218996284061 4.97e-09
14845 0.23400567685299334 1.47e-08
14846 0.051249218996284138 4.51e-09
14847 0.051249218996283923 2.24e-09
14848 0.05124921899628429 4.79e-09
14849 0.051249218996284061 3.48e-09
14850 0.051249218996284082 5.16e-09
14851 0.19565212039147614 6.6e-09
14852 0.051249218996284138 4.11e-09
14853 0.051249218996284297 8.82e-09
14854 0.19565212039147734 9.94e-09
14855 0.051249218996284235 8.72e-09
14856 0.051249218996284047 3.45e-09
14857 0.23400567685299328 9.24e-09
14858 0.17886733742736025 9.88e-09
14859 0.051249218996284054 3.38e-09
14860 0.051249218996284242 6.29e-09
14861 0.051249218996284124 4.5e-09
14862 0.19565212039147672 7.15e-09
14863 0.23400567685299167 4.01e-09
14864 0.051249218996284242 5.91e-09
14865 0.051249218996284082 4.16e-09
14866 0.051249218996284186 4.58e-09
14867 0.29414667819031753 2.54e-08
14868 0.051249218996283999 2.9e-09
14869 0.051249218996284131 4.45e-09
14870 0.051249218996284054 3.99e-09
14871 0.051249218996284013 3.1e-09
14872 0.19565212039147703 9.11e-09
14873 0.05124921899628395 3.34e-09
14874 0.051249218996284089 3.75e-09
14875 0.051249218996284256 4.64e-09
14876 0.051249218996284082 3.84e-09
14877 0.19565212039147628 5.41e-09
14878 0.051249218996284034 3.23e-09
14879 0.051249218996284214 5.04e-09
14880 0.051249218996283978 4.64e-09
14881 0.051249218996284075 3.57e-09
14882 0.17886733742735966 7.86e-09
14883 0.051249218996284075 3.79e-09
14884 0.17886733742736302 1.22e-08
14885 0.051249218996284061 6.29e-09
14886 0.051249218996283957 2.73e-09
14887 0.051249218996283964 3.73e-09
14888 0.23400567685299228 6.36e-09
14889 0.051249218996284131 4.07e-09
14890 0.34159213938510141 1.79e-08
14891 0.051249218996283971 3.27e-09
14892 0.051249218996284207 4.46e-09
14893 0.051249218996284006 3.13e-09
14894 0.051249218996284041 3.75e-09
14895 0.19565212039147653 6.03e-09
14896 0.051249218996284214 4.27e-09
14897 0.23400567685299289 9.53e-09
14898 0.051249218996284089 5.01e-09
14899 0.17886733742736374 1.99e-08
14900 0.051249218996284159 5.06e-09
14901 0.051249218996284138 3.99e-09
14902 0.051249218996284006 3.31e-09
14903 0.051249218996284068 5.57e-09
14904 0.19565212039147709 8.91e-09
14905 0.051249218996284013 3.04e-09
14906 0.051249218996284131 6.76e-09
14907 0.051249218996284103 4.05e-09
14908 0.051249218996283909 2.1e-09
14909 0.19565212039147759 9.48e-09
14910 0.051249218996284013 4.31e-09
14911 0.23400567685299262 8.58e-09
14912 0.051249218996284082 6.28e-09
14913 0.051249218996283971 4.11e-09
14914 0.051249218996284082 3.93e-09
14915 0.051249218996283999 4.99e-09
14916 0.051249218996284242 4.52e-09
14917 0.051249218996284068 3.54e-09
14918 0.051249218996283971 2.84e-09
14919 0.0512492189962842 4.49e-09
14920 0.051249218996284061 3.42e-09
14921 0.051249218996284499 9.42e-09
14922 0.051249218996284353 5.12e-09
14923 0.051249218996283943 2.46e-09
14924 0.21223225941084095 1.38e-08
14925 0.17886733742735872 7.62e-09
14926 0.051249218996284096 3.6e-09
14927 0.051249218996284027 3.32e-09
14928 0.23400567685299281 1.03e-08
14929 0.195652120391477 7.99e-09
14930 0.2122322594108417 2.04e-08
14931 0.17886733742736144 1.67e-08
14932 0.051249218996284027 3.45e-09
14933 0.051249218996283957 2.88e-09
14934 0.051249218996284082 3.77e-09
14935 0.051249218996284193 5.31e-09
14936 0.05124921899628411 4.91e-09
14937 0.17886733742735858 7.56e-09
14938 0.051249218996284068 3.75e-09
14939 0.051249218996284179 4.16e-09
14940 0.051249218996284242 4.56e-09
14941 0.0512492189962842 4.64e-09
14942 0.19565212039147784 1.01e-08
14943 0.051249218996284159 4.16e-09
14944 0.051249218996284145 4.29e-09
14945 0.051249218996284242 4.72e-09
14946 0.051249218996284276 5.35e-09
14947 0.051249218996284145 4.39e-09
14948 0.051249218996284006 4.51e-09
14949 0.19565212039147689 8.23e-09
14950 0.051249218996284159 5.85e-09
14951 0.051249218996284082 4.67e-09
14952 0.17886733742736108 1.08e-08
14953 0.23400567685299184 6.53e-09
14954 0.19565212039147636 1.07e-08
14955 0.051249218996284061 3.48e-09
14956 0.051249218996284006 2.94e-09
14957 0.051249218996283964 5.69e-09
14958 0.051249218996284346 5.77e-09
14959 0.051249218996284041 4.62e-09
14960 0.051249218996284235 4.5e-09
14961 0.051249218996284145 3.95e-09
14962 0.051249218996284145 9.62e-09
14963 0.051249218996284089 6.2e-09
14964 0.051249218996283923 2.48e-09
14965 0.0512492189962842 6.62e-09
14966 0.051249218996283992 2.99e-09
14967 0.05124921899628411 8.77e-09
14968 0.051249218996283943 2.82e-09
14969 0.051249218996284082 4.35e-09
14970 0.051249218996284068 3.63e-09
14971 0.051249218996284172 7.25e-09
14972 0.051249218996284145 5.01e-09
14973 0.051249218996284103 5.38e-09
14974 0.23400567685299561 1.25e-08
14975 0.05124921899628411 3.96e-09
14976 0.051249218996284124 3.97e-09
14977 0.19565212039147725 1.8e-08
14978 0.051249218996283978 2.77e-09
14979 0.17886733742736205 1.41e-08
14980 0.051249218996284089 5.16e-09
14981 0.05124921899628402 4.1e-09
14982 0.051249218996284082 5.67e-09
14983 0.4260022475953914 1.78e-08
14984 0.17886733742736094 1.17e-08
14985 0.23400567685299228 1.04e-08
14986 0.051249218996284228 4.79e-09
14987 0.051249218996284242 4.8e-09
14988 0.051249218996284041 3.87e-09
14989 0.051249218996283985 2.92e-09
14990 0.051249218996284179 4.18e-09
14991 0.051249218996284054 3.4e-09
14992 0.051249218996284186 4.58e-09
14993 0.23400567685299234 8.94e-09
14994 0.19565212039147656 6.1e-09
14995 0.051249218996284311 5.1e-09
14996 0.2619487077142868 1.64e-08
14997 0.051249218996284047 3.45e-09
14998 0.051249218996283957 2.94e-09
14999 0.19565212039147753 1.02e-08
15000 0.05124921899628395 2.73e-09
15001 0.051249218996284103 7.04e-09
15002 0.051249218996283895 2.94e-09
15003 0.1956521203914765 5.73e-09
15004 0.19565212039147692 9.14e-09
15005 0.051249218996284131 3.95e-09
15006 0.051249218996284041 6.17e-09
15007 0.051249218996284006 3.23e-09
15008 0.051249218996284145 4.41e-09
15009 0.27713209377671011 1.5e-08
15010 0.051249218996284013 3.12e-09
15011 0.051249218996284027 4.21e-09
15012 0.19565212039147836 1.66e-08
15013 0.051249218996283985 3.08e-09
15014 0.051249218996284082 4.17e-09
15015 0.05124921899628393 2.62e-09
15016 0.051249218996284256 6.33e-09
15017 0.051249218996284089 3.92e-09
15018 0.051249218996284145 5.25e-09
15019 0.0512492189962842 4.7e-09
15020 0.26194870771427764 1.02e-08
15021 0.19565212039147664 1.04e-08
15022 0.051249218996283957 4.19e-09
15023 0.051249218996284124 4.2e-09
15024 0.051249218996283992 3.04e-09
15025 0.23400567685299317 8.31e-09
15026 0.051249218996284027 4.13e-09
15027 0.051249218996284124 4.17e-09
15028 0.19565212039147656 1.14e-08
15029 0.051249218996284075 8.03e-09
15030 0.23400567685299292 1.07e-08
15031 0.051249218996284214 4.38e-09
15032 0.051249218996284242 4.54e-09
15033 0.051249218996284068 3.65e-09
15034 0.051249218996284249 6.97e-09
15035 0.23400567685299259 8.35e-09
15036 0.17886733742736025 1.14e-08
15037 0.27713209377670955 9.19e-09
15038 0.051249218996284117 3.76e-09
15039 0.19565212039147672 7.1e-09
15040 0.05124921899628402 4.24e-09
15041 0.051249218996284103 6.39e-09
15042 0.17886733742735919 1.04e-08
15043 0.051249218996284096 6.96e-09
15044 0.051249218996284193 4.95e-09
15045 0.051249218996284179 4.22e-09
15046 0.19565212039147717 2.12e-08
15047 0.19565212039147684 7.7e-09
15048 0.051249218996284186 4.26e-09
15049 0.051249218996284159 4.98e-09
15050 0.19565212039147689 7.84e-09
15051 0.051249218996284047 3.64e-09
15052 0.051249218996283978 3.08e-09
15053 0.051249218996284027 3.35e-09
15054 0.051249218996284138 5.42e-09
15055 0.23400567685299237 1.34e-08
15056 0.19565212039147675 7.48e-09
15057 0.29414667819034435 2.48e-08
15058 0.051249218996284096 3.82e-09
15059 0.051249218996284186 4.27e-09
15060 0.051249218996284165 4.75e-09
15061 0.051249218996284256 5.17e-09
15062 0.051249218996284117 7.93e-09
15063 0.051249218996284353 6.02e-09
15064 0.051249218996284034 3.73e-09
15065 0.051249218996284103 3.82e-09
15066 0.051249218996284034 3.47e-09
15067 0.051249218996284221 5.32e-09
15068 0.051249218996284061 4.14e-09
15069 0.23400567685299484 1.27e-08
15070 0.051249218996283985 4.5e-09
15071 0.23400567685299345 1.4e-08
15072 0.23400567685299345 9.57e-09
15073 0.051249218996284304 4.83e-09
15074 0.051249218996284027 4.87e-09
15075 0.19565212039147684 8.18e-09
15076 0.23400567685299328 8.38e-09
15077 0.19565212039147792 1.04e-08
15078 0.051249218996284054 3.41e-09
15079 0.051249218996283985 2.86e-09
15080 0.23400567685299209 6.57e-09
15081 0.051249218996284013 3.39e-09
15082 0.051249218996284075 5.4e-09
15083 0.23400567685299348 8.77e-09
15084 0.05124921899628411 3.84e-09
15085 0.051249218996283985 5.87e-09
15086 0.051249218996284082 3.97e-09
15087 0.05124921899628402 3.28e-09
15088 0.051249218996283964 2.89e-09
15089 0.051249218996284034 3.42e-09
15090 0.051249218996283909 2.28e-09
15091 0.051249218996284075 4.2e-09
15092 0.051249218996284034 3.17e-09
15093 0.051249218996284006 3.25e-09
15094 0.19565212039147717 8.73e-09
15095 0.23400567685299231 7.44e-09
15096 0.051249218996284089 6.68e-09
15097 0.23400567685299314 1.96e-08
15098 0.26194870771428358 1.43e-08
15099 0.051249218996284034 3.24e-09
15100 0.051249218996284034 4.61e-09
15101 0.051249218996283943 2.77e-09
15102 0.051249218996284145 4.22e-09
15103 0.051249218996284089 3.58e-09
15104 0.051249218996284124 4.37e-09
15105 0.051249218996284131 6.32e-09
15106 0.051249218996284193 4.33e-09
15107 0.051249218996284263 6.89e-09
15108 0.051249218996284193 4.56e-09
15109 0.051249218996283992 3.14e-09
15110 0.051249218996284165 4.29e-09
15111 0.051249218996284276 5.08e-09
15112 0.19565212039147678 7.22e-09
15113 0.051249218996284131 3.87e-09
15114 0.051249218996284082 3.59e-09
15115 0.051249218996283964 3.14e-09
15116 0.051249218996284096 5.07e-09
15117 0.19565212039147678 1.06e-08
15118 0.051249218996284006 3.09e-09
15119 0.051249218996284041 5.58e-09
15120 0.051249218996283985 4.66e-09
15121 0.051249218996284138 4.18e-09
15122 0.051249218996283909 2.22e-09
15123 0.051249218996284041 3.35e-09
15124 0.051249218996284242 4.52e-09
15125 0.051249218996284131 4.05e-09
15126 0.05124921899628402 3.32e-09
15127 0.26194870771427992 1.07e-08
15128 0.2340056768529922 7.12e-09
15129 0.051249218996284006 3.02e-09
15130 0.051249218996284138 5.2e-09
15131 0.26194870771428019 1.08e-08
15132 0.23400567685299467 1.51e-08
15133 0.23400567685299214 1.32e-08
15134 0.17886733742736219 2.02e-08
15135 0.051249218996284117 3.87e-09
15136 0.051249218996283971 2.88e-09
15137 0.051249218996284027 4.88e-09
15138 0.051249218996284054 4.29e-09
15139 0.19565212039147653 9.42e-09
15140 0.051249218996284152 4.05e-09
15141 0.23400567685299198 5.63e-09
15142 0.051249218996284138 4.32e-09
15143 0.051249218996284131 4.36e-09
15144 0.051249218996284013 3e-09
15145 0.19565212039147695 7.55e-09
15146 0.051249218996284207 5.02e-09
15147 0.051249218996283999 3.02e-09
15148 0.051249218996283978 3.23e-09
15149 0.051249218996284117 6.74e-09
15150 0.1956521203914775 1.73e-08
15151 0.23400567685299231 1.08e-08
15152 0.051249218996284145 4.04e-09
15153 0.051249218996284207 4.42e-09
15154 0.051249218996284082 3.71e-09
15155 0.23400567685299284 9.04e-09
15156 0.19565212039147609 4.06e-09
15157 0.051249218996283999 4.01e-09
15158 0.051249218996284061 8.84e-09
15159 0.051249218996284138 5.34e-09
15160 0.051249218996284221 4.69e-09
15161 0.051249218996284235 4.48e-09
15162 0.051249218996284346 5.58e-09
15163 0.051249218996284027 3.31e-09
15164 0.051249218996284103 3.96e-09
15165 0.051249218996284159 4.27e-09
15166 0.051249218996284165 4.22e-09
15167 0.051249218996284041 4.35e-09
15168 0.051249218996284027 3.27e-09
15169 0.05124921899628427 4.69e-09
15170 0.23400567685299362 1.84e-08
15171 0.051249218996284089 3.84e-09
15172 0.051249218996283971 2.68e-09
15173 0.05124921899628411 7.93e-09
15174 0.26194870771427942 1.04e-08
15175 0.051249218996284165 4.23e-09
15176 0.051249218996283999 3.64e-09
15177 0.19565212039147722 8.61e-09
15178 0.051249218996284214 5.58e-09
15179 0.051249218996284214 9.56e-09
15180 0.051249218996284117 3.79e-09
15181 0.19565212039147728 1.08e-08
15182 0.05124921899628454 5.96e-09
15183 0.23400567685299389 1.5e-08
15184 0.051249218996284103 3.94e-09
15185 0.19565212039147722 8.13e-09
15186 0.051249218996284165 6.25e-09
15187 0.17886733742735925 9.68e-09
15188 0.0512492189962842 4.96e-09
15189 0.051249218996283999 4.91e-09
15190 0.051249218996284152 4.62e-09
15191 0.23400567685299256 6.64e-09
15192 0.051249218996284082 3.76e-09
15193 0.051249218996284179 4.52e-09
15194 0.051249218996284131 4.56e-09
15195 0.17886733742735819 1.04e-08
15196 0.17886733742735883 1.28e-08
15197 0.051249218996284172 6.59e-09
15198 0.051249218996284228 6.68e-09
15199 0.051249218996284145 7.27e-09
15200 0.051249218996284179 5.46e-09
15201 0.051249218996284138 5.04e-09
15202 0.051249218996284249 5.89e-09
15203 0.051249218996284096 4.07e-09
15204 0.32558312951143603 1.9e-08
15205 0.26767860546962097 1.09e-08
15206 0.051249218996284096 4.08e-09
15207 0.051249218996284089 4.14e-09
15208 0.29414667819030604 1.51e-08
15209 0.23400567685299206 7.35e-09
15210 0.051249218996284006 3.78e-09
15211 0.05124921899628454 7.49e-09
15212 0.051249218996284117 4.11e-09
15213 0.051249218996284159 7.83e-09
15214 0.23400567685299228 1.14e-08
15215 0.051249218996284297 7.01e-09
15216 0.051249218996283916 2.29e-09
15217 0.23400567685299345 9.56e-09
15218 0.051249218996284103 3.8e-09
15219 0.051249218996284256 5.22e-09
15220 0.051249218996284006 3.69e-09
15221 0.051249218996284027 3.25e-09
15222 0.2340056768529932 9.14e-09
15223 0.23400567685299209 6.33e-09
15224 0.051249218996284013 3.29e-09
15225 0.051249218996284186 4.55e-09
15226 0.051249218996284165 4.33e-09
15227 0.051249218996283978 4.02e-09
15228 0.051249218996284235 4.51e-09
15229 0.23400567685299334 1.71e-08
15230 0.051249218996284034 3.22e-09
15231 0.051249218996283999 2.98e-09
15232 0.051249218996283936 3.51e-09
15233 0.051249218996284165 4.58e-09
15234 0.051249218996284096 3.95e-09
15235 0.051249218996283992 5.82e-09
15236 0.051249218996284034 3.31e-09
15237 0.051249218996284131 3.94e-09
15238 0.051249218996283936 2.88e-09
15239 0.051249218996284034 5.49e-09
15240 0.051249218996284013 3.09e-09
15241 0.05124921899628395 2.67e-09
15242 0.051249218996284124 5.1e-09
15243 0.26194870771427781 1.03e-08
15244 0.051249218996284068 3.77e-09
15245 0.051249218996283999 5.41e-09
15246 0.051249218996284068 3.91e-09
15247 0.051249218996284034 3.42e-09
15248 0.051249218996284013 5.39e-09
15249 0.051249218996284041 3.32e-09
15250 0.051249218996284415 8e-09
15251 0.051249218996284096 3.7e-09
15252 0.05124921899628402 3.24e-09
15253 0.19565212039147672 7.04e-09
15254 0.212232259410845 1.84e-08
15255 0.19565212039147858 1.57e-08
15256 0.051249218996284041 3.36e-09
15257 0.19565212039147831 1.39e-08
15258 0.051249218996284068 3.56e-09
15259 0.051249218996284651 7.1e-09
15260 0.051249218996284165 4.44e-09
15261 0.051249218996284089 4.96e-09
15262 0.051249218996284041 3.42e-09
15263 0.051249218996284054 3.45e-09
15264 0.051249218996284304 6.78e-09
15265 0.051249218996284138 4.16e-09
15266 0.051249218996284006 3.08e-09
15267 0.051249218996284297 7.17e-09
15268 0.051249218996284068 3.49e-09
15269 0.051249218996284186 6.22e-09
15270 0.19565212039147711 8.36e-09
15271 0.051249218996284422 8.25e-09
15272 0.23400567685299362 1.23e-08
15273 0.26767860546962685 1.06e-08
15274 0.051249218996284068 3.52e-09
15275 0.19565212039147775 9.63e-09
15276 0.19565212039147692 1.18e-08
15277 0.05124921899628393 2.85e-09
15278 0.27713209377670961 1.32e-08
15279 0.051249218996284027 3.16e-09
15280 0.051249218996283999 3.04e-09
15281 0.051249218996284263 4.95e-09
15282 0.23400567685299456 1.52e-08
15283 0.051249218996284339 5.53e-09
15284 0.051249218996284207 4.31e-09
15285 0.051249218996284075 3.72e-09
15286 0.26194870771427869 1.58e-08
15287 0.051249218996284075 3.92e-09
15288 0.051249218996284179 4.19e-09
15289 0.051249218996284047 7.2e-09
15290 0.051249218996284096 4.55e-09
15291 0.051249218996284242 4.6e-09
15292 0.23400567685299201 8.59e-09
15293 0.051249218996284249 4.59e-09
15294 0.05124921899628429 8.1e-09
15295 0.051249218996284082 4.06e-09
15296 0.051249218996284096 3.78e-09
15297 0.051249218996284346 5.81e-09
15298 0.05124921899628402 3.32e-09
15299 0.051249218996284367 1.12e-08
15300 0.051249218996284159 4.12e-09
15301 0.05124921899628393 2.58e-09
15302 0.051249218996284041 3.41e-09
15303 0.051249218996284089 5.5e-09
15304 0.051249218996284117 3.89e-09
15305 0.23400567685299378 9.58e-09
15306 0.051249218996284145 4.04e-09
15307 0.19565212039147642 6.1e-09
15308 0.051249218996283992 6.54e-09
15309 0.19565212039147711 1.98e-08
15310 0.051249218996284075 5.4e-09
15311 0.051249218996284082 3.55e-09
15312 0.051249218996284131 7.46e-09
15313 0.23400567685299284 7.58e-09
15314 0.051249218996284387 5.62e-09
15315 0.051249218996283992 2.99e-09
15316 0.05124921899628411 7.01e-09
15317 0.051249218996284013 3.97e-09
15318 0.051249218996284131 4.11e-09
15319 0.051249218996284096 4.26e-09
15320 0.051249218996284165 4.17e-09
15321 0.051249218996283923 3.61e-09
15322 0.051249218996284006 3.68e-09
15323 0.19565212039147736 8.61e-09
15324 0.17886733742735866 7.53e-09
15325 0.051249218996284235 5.92e-09
15326 0.1956521203914772 8.38e-09
15327 0.051249218996283992 2.92e-09
15328 0.051249218996284159 4.94e-09
15329 0.23400567685299334 9.87e-09
15330 0.051249218996284304 4.92e-09
15331 0.051249218996284145 4.78e-09
15332 0.21223225941084975 2.31e-08
15333 0.23400567685299267 9.14e-09
15334 0.23400567685299348 9.54e-09
15335 0.23400567685299173 5.56e-09
15336 0.051249218996284061 3.72e-09
15337 0.051249218996284172 4.37e-09
15338 0.051249218996284242 6.18e-09
15339 0.051249218996284401 7.23e-09
15340 0.051249218996284186 4.5e-09
15341 0.17886733742735886 8.91e-09
15342 0.23400567685299403 1.03e-08
15343 0.051249218996284054 4.31e-09
15344 0.051249218996284068 4.31e-09
15345 0.051249218996284172 1.13e-08
15346 0.051249218996284179 9.02e-09
15347 0.051249218996284179 4.73e-09
15348 0.23400567685299403 9.9e-09
15349 0.051249218996283999 3.26e-09
15350 0.19565212039147775 1.05e-08
15351 0.051249218996284124 3.96e-09
15352 0.23400567685299223 6.74e-09
15353 0.051249218996284235 5.72e-09
15354 0.051249218996283957 2.88e-09
15355 0.0512492189962842 4.28e-09
15356 0.051249218996283943 3.18e-09
15357 0.23400567685299364 9.21e-09
15358 0.051249218996284013 3.18e-09
15359 0.19565212039147675 7.84e-09
15360 0.051249218996284117 3.83e-09
15361 0.051249218996283964 3.28e-09
15362 0.051249218996284145 3.99e-09
15363 0.051249218996284276 4.72e-09
15364 0.21223225941083793 1.13e-08
15365 0.0512492189962842 5.31e-09
15366 0.051249218996283999 6.49e-09
15367 0.26194870771428136 2.72e-08
15368 0.051249218996284263 4.63e-09
15369 0.051249218996284054 3.73e-09
15370 0.051249218996284249 4.91e-09
15371 0.051249218996284061 3.53e-09
15372 0.051249218996283964 3.99e-09
15373 0.23400567685299278 9.47e-09
15374 0.051249218996284145 5.63e-09
15375 0.051249218996284436 9.91e-09
15376 0.2340056768529947 1.19e-08
15377 0.051249218996283916 3.01e-09
15378 0.05124921899628411 3.72e-09
15379 0.051249218996284124 4.46e-09
15380 0.051249218996284068 3.54e-09
15381 0.05124921899628395 2.48e-09
15382 0.19565212039147642 6.83e-09
15383 0.23400567685299584 1.28e-08
15384 0.19565212039147753 9.08e-09
15385 0.051249218996284193 4.71e-09
15386 0.051249218996284221 7.13e-09
15387 0.051249218996284221 4.46e-09
15388 0.051249218996284159 4.11e-09
15389 0.051249218996284214 4.38e-09
15390 0.05124921899628411 3.96e-09
15391 0.40937858963105861 1.38e-08
15392 0.051249218996283964 2.6e-09
15393 0.05124921899628411 3.79e-09
15394 0.051249218996284096 5.45e-09
15395 0.2676786054696218 1.32e-08
15396 0.21223225941083865 1.21e-08
15397 0.051249218996284242 7.26e-09
15398 0.051249218996284179 4.28e-09
15399 0.23400567685299198 6.16e-09
15400 0.051249218996284138 4.46e-09
15401 0.051249218996284159 4.16e-09
15402 0.051249218996283943 6.34e-09
15403 0.277132093776709 7.14e-09
15404 0.051249218996284131 6.67e-09
15405 0.26194870771427786 1.05e-08
15406 0.051249218996284013 3.04e-09
15407 0.05124921899628436 7.3e-09
15408 0.051249218996284221 1.13e-08
15409 0.17886733742736197 1.61e-08
15410 0.051249218996284034 3.94e-09
15411 0.051249218996284054 3.44e-09
15412 0.051249218996284096 4.59e-09
15413 0.17886733742736 1.12e-08
15414 0.26767860546963501 1.31e-08
15415 0.051249218996284152 5.22e-09
15416 0.051249218996284089 3.88e-09
15417 0.051249218996284387 5.4e-09
15418 0.19565212039147681 1.24e-08
15419 0.051249218996283985 3.88e-09
15420 0.051249218996284152 7.3e-09
15421 0.051249218996284179 6.82e-09
15422 0.051249218996284117 3.9e-09
15423 0.23400567685299359 9.83e-09
15424 0.23400567685299173 7.06e-09
15425 0.051249218996284283 5.15e-09
15426 0.051249218996284297 7.6e-09
15427 0.23400567685299359 1.12e-08
15428 0.17886733742735786 6.47e-09
15429 0.17886733742735861 1.36e-08
15430 0.051249218996284047 3.41e-09
15431 0.26194870771427942 1.29e-08
15432 0.19565212039147692 7.49e-09
15433 0.051249218996284103 3.93e-09
15434 0.05124921899628429 1.04e-08
15435 0.21223225941084628 2.48e-08
15436 0.051249218996284089 4.06e-09
15437 0.051249218996284207 4.3e-09
15438 0.051249218996283978 5.75e-09
15439 0.19565212039147861 1.41e-08
15440 0.051249218996284089 3.79e-09
15441 0.23400567685299375 9.66e-09
15442 0.21223225941084087 1.35e-08
15443 0.051249218996284193 9.15e-09
15444 0.05124921899628411 7.26e-09
15445 0.051249218996284179 6.76e-09
15446 0.051249218996284152 5.16e-09
15447 0.05124921899628427 5.94e-09
15448 0.27713209377670917 7.87e-09
15449 0.2122322594108435 2.09e-08
15450 0.051249218996284304 5.2e-09
15451 0.051249218996284061 4.04e-09
15452 0.23400567685299309 8.07e-09
15453 0.23400567685299353 8.93e-09
15454 0.051249218996284145 3.98e-09
15455 0.051249218996284276 5.27e-09
15456 0.051249218996284054 3.4e-09
15457 0.23400567685299281 1.88e-08
15458 0.26194870771427992 1.23e-08
15459 0.05124921899628429 5.45e-09
15460 0.051249218996284186 5.19e-09
15461 0.051249218996284013 3.17e-09
15462 0.0512492189962842 4.51e-09
15463 0.051249218996283978 3.08e-09
15464 0.051249218996284332 4.96e-09
15465 0.051249218996284054 6.7e-09
15466 0.051249218996283957 2.74e-09
15467 0.051249218996284214 4.88e-09
15468 0.051249218996284159 8.58e-09
15469 0.051249218996284159 4.42e-09
15470 0.23400567685299406 1.17e-08
15471 0.051249218996284068 7.85e-09
15472 0.051249218996284172 4.31e-09
15473 0.051249218996283964 2.83e-09
15474 0.051249218996284172 1.04e-08
15475 0.17886733742735814 7.15e-09
15476 0.051249218996284041 3.46e-09
15477 0.051249218996284145 4.19e-09
15478 0.2340056768529927 8.88e-09
15479 0.051249218996284034 6.09e-09
15480 0.051249218996283978 2.93e-09
15481 0.051249218996284006 5.48e-09
15482 0.051249218996284131 4.32e-09
15483 0.051249218996284221 4.47e-09
15484 0.051249218996284228 4.47e-09
15485 0.051249218996284179 4.21e-09
15486 0.05124921899628429 5.97e-09
15487 0.051249218996284096 3.82e-09
15488 0.051249218996284387 9.58e-09
15489 0.051249218996284117 3.89e-09
15490 0.23400567685299448 1.08e-08
15491 0.051249218996284089 3.65e-09
15492 0.051249218996283999 2.83e-09
15493 0.051249218996284117 7.05e-09
15494 0.051249218996284117 3.82e-09
15495 0.051249218996284311 5.12e-09
15496 0.051249218996283992 3.1e-09
15497 0.21223225941084414 1.6e-08
15498 0.34159213938511734 2.33e-08
15499 0.051249218996283992 2.98e-09
15500 0.051249218996284165 4.32e-09
15501 0.051249218996283867 1.86e-09
15502 0.051249218996284054 6.16e-09
15503 0.051249218996284283 6.83e-09
15504 0.26194870771427642 8.2e-09
15505 0.051249218996284027 5.58e-09
15506 0.051249218996284013 3.24e-09
15507 0.051249218996283971 3.17e-09
15508 0.05124921899628395 2.77e-09
15509 0.051249218996284179 4.43e-09
15510 0.051249218996284165 4.23e-09
15511 0.195652120391477 7.86e-09
15512 0.23400567685299201 6.91e-09
15513 0.05124921899628411 3.92e-09
15514 0.051249218996284165 4.39e-09
15515 0.0512492189962842 4.28e-09
15516 0.051249218996284145 3.99e-09
15517 0.051249218996284061 3.51e-09
15518 0.17886733742736141 1.07e-08
15519 0.19565212039147731 1.12e-08
15520 0.051249218996284068 3.78e-09
15521 0.1956521203914772 1.78e-08
15522 0.051249218996284228 4.74e-09
15523 0.051249218996283964 2.76e-09
15524 0.051249218996283999 3.51e-09
15525 0.17886733742735797 5.64e-09
15526 0.051249218996284124 8.6e-09
15527 0.23400567685299195 6.14e-09
15528 0.051249218996284103 3.94e-09
15529 0.05124921899628411 4.36e-09
15530 0.19565212039147731 1.06e-08
15531 0.05124921899628395 7.59e-09
15532 0.19565212039147778 1.36e-08
15533 0.051249218996283992 4.51e-09
15534 0.051249218996284089 4.04e-09
15535 0.051249218996284006 6.01e-09
15536 0.051249218996284519 7.01e-09
15537 0.051249218996284013 1e-08
15538 0.051249218996284131 3.94e-09
15539 0.051249218996284041 4.71e-09
15540 0.051249218996284554 8.8e-09
15541 0.051249218996284124 4.92e-09
15542 0.26194870771427875 1.37e-08
15543 0.051249218996284339 5.89e-09
15544 0.051249218996284297 4.73e-09
15545 0.051249218996284221 6.73e-09
15546 0.051249218996284082 3.58e-09
15547 0.051249218996284089 3.72e-09
15548 0.051249218996284103 4.14e-09
15549 0.17886733742735891 1.56e-08
15550 0.17886733742736044 1.71e-08
15551 0.23400567685299356 1.7e-08
15552 0.051249218996284075 4.29e-09
15553 0.23400567685299672 1.84e-08
15554 0.19565212039147675 7.32e-09
15555 0.051249218996284096 4.27e-09
15556 0.051249218996284249 4.91e-09
15557 0.051249218996284075 6.94e-09
15558 0.051249218996284172 4.25e-09
15559 0.051249218996284089 7.73e-09
15560 0.051249218996284041 3.9e-09
15561 0.051249218996284103 4.21e-09
15562 0.051249218996284249 5.17e-09
15563 0.19565212039147714 8.3e-09
15564 0.051249218996284353 5.08e-09
15565 0.051249218996283978 2.98e-09
15566 0.05124921899628393 2.57e-09
15567 0.051249218996284297 5.14e-09
15568 0.051249218996284089 3.74e-09
15569 0.051249218996284152 8.13e-09
15570 0.051249218996284068 8.62e-09
15571 0.051249218996283936 2.79e-09
15572 0.051249218996284165 5.08e-09
15573 0.051249218996283936 2.89e-09
15574 0.051249218996284464 6.74e-09
15575 0.051249218996284054 7.38e-09
15576 0.051249218996284103 4.03e-09
15577 0.29414667819030332 2.46e-08
15578 0.051249218996284117 4.71e-09
15579 0.19565212039147836 1.63e-08
15580 0.051249218996284242 7.41e-09
15581 0.051249218996284068 6.65e-09
15582 0.051249218996284068 3.77e-09
15583 0.051249218996284047 6.35e-09
15584 0.051249218996284145 4.01e-09
15585 0.05124921899628427 4.75e-09
15586 0.0512492189962842 4.38e-09
15587 0.05124921899628411 4.44e-09
15588 0.051249218996284131 4.24e-09
15589 0.17886733742736075 1.54e-08
15590 0.19565212039147736 8.8e-09
15591 0.23400567685299378 9.4e-09
15592 0.051249218996284179 4.66e-09
15593 0.051249218996284006 4.75e-09
15594 0.051249218996284256 8.61e-09
15595 0.051249218996284152 4.47e-09
15596 0.051249218996284034 6.37e-09
15597 0.051249218996283895 2.15e-09
15598 0.051249218996283923 2.31e-09
15599 0.17886733742735902 1.02e-08
15600 0.051249218996284138 4.29e-09
15601 0.19565212039147725 9.4e-09
15602 0.051249218996284047 3.43e-09
15603 0.051249218996284401 1.13e-08
15604 0.19565212039147706 1.35e-08
15605 0.051249218996284131 9.65e-09
15606 0.051249218996284408 5.35e-09
15607 0.23400567685299187 5.76e-09
15608 0.051249218996283909 1.99e-09
15609 0.05124921899628454 8.64e-09
15610 0.17886733742735961 1.3e-08
15611 0.051249218996284346 7.5e-09
15612 0.051249218996284145 5.23e-09
15613 0.19565212039147784 1.38e-08
15614 0.33888848476464756 1.74e-08
15615 0.051249218996283853 1.85e-09
15616 0.051249218996284159 5.42e-09
15617 0.23400567685299303 7.71e-09
15618 0.051249218996284054 5.46e-09
15619 0.051249218996284165 4.26e-09
15620 0.051249218996283978 3.23e-09
15621 0.2941466781902855 1.88e-08
15622 0.051249218996284131 4.29e-09
15623 0.19565212039147747 1.03e-08
15624 0.051249218996284082 3.58e-09
15625 0.23400567685299248 8.12e-09
15626 0.051249218996284089 3.89e-09
15627 0.051249218996284027 3.74e-09
15628 0.051249218996284152 5.16e-09
15629 0.051249218996284089 6.39e-09
15630 0.19565212039147675 7.41e-09
15631 0.051249218996284353 5.97e-09
15632 0.051249218996284041 5.16e-09
15633 0.051249218996284096 4.38e-09
15634 0.051249218996284096 3.65e-09
15635 0.051249218996284165 4.08e-09
15636 0.051249218996284186 4.59e-09
15637 0.051249218996283971 3.15e-09
15638 0.23400567685299234 1.11e-08
15639 0.051249218996284249 4.71e-09
15640 0.051249218996283978 3.11e-09
15641 0.23400567685299178 5.03e-09
15642 0.19565212039147661 6.1e-09
15643 0.17886733742735916 1.06e-08
15644 0.29414667819028228 1.97e-08
15645 0.05124921899628395 3.51e-09
15646 0.051249218996284034 5.89e-09
15647 0.051249218996283943 2.92e-09
15648 0.051249218996284089 3.71e-09
15649 0.051249218996284131 9.98e-09
15650 0.051249218996284013 3.25e-09
15651 0.05124921899628402 3.21e-09
15652 0.051249218996284242 5.03e-09
15653 0.05124921899628429 4.89e-09
15654 0.051249218996284041 5.48e-09
15655 0.19565212039147825 1.13e-08
15656 0.051249218996284131 3.95e-09
15657 0.26194870771428103 1.43e-08
15658 0.051249218996284041 3.57e-09
15659 0.23400567685299289 9.15e-09
15660 0.051249218996284152 4.83e-09
15661 0.051249218996284054 3.38e-09
15662 0.051249218996284089 4.06e-09
15663 0.23400567685299287 8.26e-09
15664 0.23400567685299245 7.74e-09
15665 0.051249218996284172 4.39e-09
15666 0.051249218996284047 3.57e-09
15667 0.051249218996284075 5.46e-09
15668 0.051249218996284047 3.64e-09
15669 0.19565212039147692 9.39e-09
15670 0.26194870771428097 1.16e-08
15671 0.051249218996284082 4.83e-09
15672 0.051249218996284325 4.94e-09
15673 0.23400567685299262 8.74e-09
15674 0.23400567685299237 7.66e-09
15675 0.051249218996284172 5.58e-09
15676 0.051249218996284249 4.62e-09
15677 0.051249218996284068 3.47e-09
15678 0.051249218996284082 3.74e-09
15679 0.23400567685299312 1.5e-08
15680 0.23400567685299348 1.34e-08
15681 0.05124921899628402 3.11e-09
15682 0.23400567685299267 1.11e-08
15683 0.23400567685299223 7.35e-09
15684 0.051249218996284006 3.65e-09
15685 0.051249218996284249 4.63e-09
15686 0.051249218996283985 3.46e-09
15687 0.051249218996284179 4.28e-09
15688 0.17886733742736219 1.26e-08
15689 0.051249218996284041 4.36e-09
15690 0.23400567685299251 8.92e-09
15691 0.05124921899628436 6.66e-09
15692 0.19565212039147684 7.33e-09
15693 0.051249218996284061 3.53e-09
15694 0.19565212039147745 9.53e-09
15695 0.05124921899628393 2.55e-09
15696 0.051249218996284263 5.26e-09
15697 0.05124921899628402 4.36e-09
15698 0.051249218996284263 4.71e-09
15699 0.051249218996284103 3.73e-09
15700 0.0512492189962842 6.57e-09
15701 0.051249218996284276 5.32e-09
15702 0.051249218996283964 2.93e-09
15703 0.051249218996284283 4.77e-09
15704 0.05124921899628454 6.47e-09
15705 0.051249218996283971 2.69e-09
15706 0.23400567685299428 1.5e-08
15707 0.051249218996284034 3.25e-09
15708 0.051249218996284096 3.87e-09
15709 0.051249218996284096 3.72e-09
15710 0.19565212039147739 9.65e-09
15711 0.051249218996283992 6.64e-09
15712 0.17886733742736013 9.76e-09
15713 0.051249218996284061 3.48e-09
15714 0.051249218996284096 4.1e-09
15715 0.051249218996284103 4.79e-09
15716 0.19565212039147714 8.66e-09
15717 0.051249218996283999 3.15e-09
15718 0.23400567685299428 1.7e-08
15719 0.051249218996284075 4.05e-09
15720 0.051249218996284172 5.37e-09
15721 0.051249218996284263 6.13e-09
15722 0.051249218996284027 3.47e-09
15723 0.051249218996284311 4.84e-09
15724 0.051249218996284068 4.05e-09
15725 0.05124921899628429 1.02e-08
15726 0.2340056768529937 9.58e-09
15727 0.051249218996284131 4.95e-09
15728 0.051249218996284374 5.76e-09
15729 0.051249218996284041 3.44e-09
15730 0.051249218996284006 3.59e-09
15731 0.051249218996284492 5.63e-09
15732 0.23400567685299209 6.73e-09
15733 0.0512492189962842 6.09e-09
15734 0.051249218996284006 3.35e-09
15735 0.051249218996283971 5.78e-09
15736 0.19565212039147659 9.6e-09
15737 0.051249218996284256 4.78e-09
15738 0.051249218996284152 4.17e-09
15739 0.23400567685299287 1.15e-08
15740 0.051249218996283985 6.91e-09
15741 0.05124921899628402 3.17e-09
15742 0.1956521203914772 8.38e-09
15743 0.051249218996284464 6.07e-09
15744 0.051249218996284027 3.74e-09
15745 0.051249218996284138 4.37e-09
15746 0.05124921899628411 4.44e-09
15747 0.051249218996284054 4.87e-09
15748 0.05124921899628427 4.64e-09
15749 0.051249218996284054 3.41e-09
15750 0.051249218996283985 3.75e-09
15751 0.051249218996284068 3.63e-09
15752 0.23400567685299511 1.18e-08
15753 0.05124921899628411 6.1e-09
15754 0.051249218996284235 4.72e-09
15755 0.1956521203914772 8.94e-09
15756 0.051249218996284165 5.03e-09
15757 0.051249218996284089 3.77e-09
15758 0.051249218996284082 4.81e-09
15759 0.23400567685299206 6.7e-09
15760 0.23400567685299212 5.62e-09
15761 0.051249218996284478 5.74e-09
15762 0.051249218996284159 4.05e-09
15763 0.051249218996283978 3.49e-09
15764 0.05124921899628411 4.1e-09
15765 0.051249218996283923 2.78e-09
15766 0.1956521203914772 8.56e-09
15767 0.051249218996283999 3.14e-09
15768 0.23400567685299553 2.71e-08
15769 0.051249218996284228 7.32e-09
15770 0.23400567685299167 5.01e-09
15771 0.051249218996284318 1.06e-08
15772 0.17886733742736122 1.23e-08
15773 0.21223225941083759 1.05e-08
15774 0.23400567685299264 1.29e-08
15775 0.051249218996283999 3.6e-09
15776 0.19565212039147689 1.13e-08
15777 0.23400567685299226 8.37e-09
15778 0.29414667819039009 2.78e-08
15779 0.051249218996284096 3.8e-09
15780 0.051249218996284041 3.26e-09
15781 0.051249218996284061 6.14e-09
15782 0.051249218996284325 5.48e-09
15783 0.051249218996284179 8.52e-09
15784 0.051249218996284054 3.4e-09
15785 0.19565212039147675 8.06e-09
15786 0.2340056768529927 7.56e-09
15787 0.17886733742735816 7.74e-09
15788 0.23400567685299362 1.38e-08
15789 0.051249218996284131 4.14e-09
15790 0.051249218996284068 4.93e-09
15791 0.051249218996284075 4.05e-09
15792 0.051249218996284103 3.82e-09
15793 0.051249218996284276 5.2e-09
15794 0.051249218996283916 2.19e-09
15795 0.051249218996284027 3.69e-09
15796 0.23400567685299226 1.03e-08
15797 0.051249218996284117 4.01e-09
15798 0.19565212039147728 1.28e-08
15799 0.051249218996284152 7.46e-09
15800 0.23400567685299284 1.52e-08
15801 0.051249218996284172 5.46e-09
15802 0.051249218996283978 2.81e-09
15803 0.051249218996284179 4.43e-09
15804 0.17886733742735772 6.26e-09
15805 0.051249218996284235 4.49e-09
15806 0.0512492189962842 5.73e-09
15807 0.051249218996283923 2.37e-09
15808 0.17886733742736025 1.08e-08
15809 0.051249218996284047 4.38e-09
15810 0.27713209377671089 2.05e-08
15811 0.051249218996284401 7.91e-09
15812 0.27713209377670955 1.01e-08
15813 0.051249218996284415 9.48e-09
15814 0.21223225941084409 1.59e-08
15815 0.051249218996284103 4.09e-09
15816 0.051249218996283971 8.01e-09
15817 0.17886733742735994 8.29e-09
15818 0.051249218996283957 5.57e-09
15819 0.19565212039147667 7.22e-09
15820 0.051249218996283936 4.19e-09
15821 0.26194870771427997 1.17e-08
15822 0.051249218996284186 5.88e-09
15823 0.0512492189962842 4.47e-09
15824 0.051249218996284408 5.77e-09
15825 0.051249218996284089 4.69e-09
15826 0.051249218996284339 5.29e-09
15827 0.26767860546962663 1.26e-08
15828 0.051249218996284138 3.88e-09
15829 0.2340056768529932 8.27e-09
15830 0.23400567685299295 7.84e-09
15831 0.051249218996284013 3.37e-09
15832 0.0512492189962842 4.59e-09
15833 0.05124921899628411 3.96e-09
15834 0.051249218996284152 4.09e-09
15835 0.051249218996284297 4.81e-09
15836 0.051249218996284131 4.16e-09
15837 0.051249218996284172 8.77e-09
15838 0.17886733742736571 1.52e-08
15839 0.051249218996284054 4.92e-09
15840 0.051249218996284193 5.06e-09
15841 0.051249218996284124 4.24e-09
15842 0.05124921899628393 2.35e-09
15843 0.051249218996284165 5e-09
15844 0.23400567685299262 7.69e-09
15845 0.051249218996284034 3.3e-09
15846 0.19565212039147695 8.75e-09
15847 0.26767860546962485 1.29e-08
15848 0.19565212039147711 8.07e-09
15849 0.051249218996284131 3.88e-09
15850 0.05124921899628411 4.16e-09
15851 0.051249218996284131 4.27e-09
15852 0.051249218996283985 2.99e-09
15853 0.051249218996283943 2.85e-09
15854 0.051249218996284228 4.81e-09
15855 0.23400567685299309 8.08e-09
15856 0.051249218996284283 4.87e-09
15857 0.051249218996283964 2.73e-09
15858 0.33074167787591635 1.19e-08
15859 0.051249218996284145 4.11e-09
15860 0.051249218996283943 2.74e-09
15861 0.051249218996284131 4.74e-09
15862 0.051249218996283985 3.18e-09
15863 0.05124921899628395 2.82e-09
15864 0.051249218996284152 5.76e-09
15865 0.051249218996284353 5.93e-09
15866 0.051249218996284082 3.94e-09
15867 0.05124921899628445 7.73e-09
15868 0.23400567685299423 1.35e-08
15869 0.051249218996284013 4.14e-09
15870 0.19565212039147636 5.24e-09
15871 0.051249218996284034 3.21e-09
15872 0.051249218996284027 6.63e-09
15873 0.051249218996284096 4.53e-09
15874 0.051249218996284041 3.38e-09
15875 0.23400567685299231 7.62e-09
15876 0.05124921899628393 2.67e-09
15877 0.051249218996284165 4.52e-09
15878 0.05124921899628411 3.75e-09
15879 0.051249218996284041 3.44e-09
15880 0.051249218996283964 2.78e-09
15881 0.05124921899628411 3.96e-09
15882 0.051249218996284034 3.41e-09
15883 0.051249218996283971 2.82e-09
15884 0.051249218996284068 3.51e-09
15885 0.051249218996283874 1.85e-09
15886 0.051249218996284235 5.17e-09
15887 0.23400567685299323 8.84e-09
15888 0.19565212039147772 1.01e-08
15889 0.23400567685299445 1.3e-08
15890 0.051249218996284283 4.79e-09
15891 0.051249218996284256 5.75e-09
15892 0.051249218996284117 7.56e-09
15893 0.051249218996284311 5.83e-09
15894 0.23400567685299259 1.55e-08
15895 0.051249218996284027 3.2e-09
15896 0.051249218996284124 3.9e-09
15897 0.051249218996284283 5.1e-09
15898 0.051249218996284485 6.09e-09
15899 0.051249218996284165 5.04e-09
15900 0.051249218996284179 4.94e-09
15901 0.051249218996284027 3.72e-09
15902 0.23400567685299284 7.45e-09
15903 0.051249218996284159 6.27e-09
15904 0.051249218996284089 3.8e-09
15905 0.051249218996284401 1.46e-08
15906 0.051249218996284131 3.96e-09
15907 0.051249218996284131 3.89e-09
15908 0.051249218996284096 3.67e-09
15909 0.05124921899628429 4.82e-09
15910 0.26194870771427808 1.07e-08
15911 0.21223225941084017 1.32e-08
15912 0.23400567685299303 7.93e-09
15913 0.051249218996284172 4.53e-09
15914 0.27713209377670944 1.57e-08
15915 0.051249218996284172 6.59e-09
15916 0.051249218996283978 3e-09
15917 0.051249218996284138 3.98e-09
15918 0.051249218996284242 5.07e-09
15919 0.051249218996284325 8.97e-09
15920 0.051249218996283992 3.08e-09
15921 0.051249218996283992 2.85e-09
15922 0.051249218996284027 3.23e-09
15923 0.051249218996284054 3.42e-09
15924 0.23400567685299289 9.78e-09
15925 0.051249218996283985 2.95e-09
15926 0.05124921899628411 3.73e-09
15927 0.051249218996283916 2.39e-09
15928 0.051249218996283957 2.91e-09
15929 0.17886733742735836 8.18e-09
15930 0.051249218996283992 3.18e-09
15931 0.051249218996284047 3.38e-09
15932 0.051249218996284006 4.25e-09
15933 0.051249218996284006 3.68e-09
15934 0.23400567685299417 1.61e-08
15935 0.051249218996284027 3.17e-09
15936 0.051249218996284034 3.44e-09
15937 0.19565212039147686 8.18e-09
15938 0.23400567685299409 9.84e-09
15939 0.051249218996284179 4.5e-09
15940 0.051249218996284061 3.45e-09
15941 0.19565212039147717 8.19e-09
15942 0.051249218996284332 8.01e-09
15943 0.051249218996284082 6.99e-09
15944 0.051249218996284131 3.85e-09
15945 0.051249218996284054 3.68e-09
15946 0.051249218996284096 3.72e-09
15947 0.051249218996284159 4.06e-09
15948 0.051249218996284478 6.62e-09
15949 0.23400567685299259 8.61e-09
15950 0.19565212039147661 7.04e-09
15951 0.051249218996283867 1.73e-09
15952 0.051249218996284318 5.21e-09
15953 0.23400567685299198 7.11e-09
15954 0.051249218996284124 6.51e-09
15955 0.051249218996284172 4.19e-09
15956 0.051249218996284082 5.62e-09
15957 0.051249218996284249 6.83e-09
15958 0.051249218996284346 6.85e-09
15959 0.051249218996284034 6.68e-09
15960 0.051249218996284172 4.3e-09
15961 0.051249218996284047 3.34e-09
15962 0.2340056768529955 1.23e-08
15963 0.051249218996284152 6.48e-09
15964 0.051249218996284242 6.25e-09
15965 0.051249218996284145 5.71e-09
15966 0.29414667819049861 2.9e-08
15967 0.051249218996284297 4.82e-09
15968 0.05124921899628402 3.21e-09
15969 0.17886733742735964 1.22e-08
15970 0.051249218996284013 3.65e-09
15971 0.26194870771428214 1.57e-08
15972 0.051249218996284165 7.34e-09
15973 0.051249218996284103 7.32e-09
15974 0.051249218996284249 4.89e-09
15975 0.051249218996283985 3.13e-09
15976 0.051249218996284276 4.69e-09
15977 0.19565212039147717 1.45e-08
15978 0.05124921899628393 2.49e-09
15979 0.0512492189962842 7.74e-09
15980 0.05124921899628411 4.07e-09
15981 0.23400567685299573 1.88e-08
15982 0.051249218996284047 6.54e-09
15983 0.051249218996284193 5.16e-09
15984 0.23400567685299217 7.03e-09
15985 0.23400567685299284 8e-09
15986 0.23400567685299334 8.68e-09
15987 0.051249218996284131 4.37e-09
15988 0.051249218996284381 6.17e-09
15989 0.051249218996284013 3.58e-09
15990 0.19565212039147808 1.2e-08
15991 0.051249218996283985 2.89e-09
15992 0.051249218996283923 5.08e-09
15993 0.051249218996284054 3.5e-09
15994 0.051249218996284041 3.48e-09
15995 0.051249218996284103 3.85e-09
15996 0.051249218996284214 4.58e-09
15997 0.051249218996284027 3.55e-09
15998 0.19565212039147778 1.61e-08
15999 0.051249218996283985 2.9e-09
16000 0.051249218996283999 7.66e-09
16001 0.051249218996284034 4.1e-09
16002 0.051249218996284249 4.89e-09
16003 0.051249218996284041 3.37e-09
16004 0.051249218996283943 2.54e-09
16005 0.05124921899628411 5.64e-09
16006 0.051249218996284263 6.98e-09
16007 0.2676786054696369 1.59e-08
16008 0.23400567685299281 8.47e-09
16009 0.051249218996284138 3.91e-09
16010 0.051249218996283978 2.83e-09
16011 0.051249218996284075 3.7e-09
16012 0.19565212039147703 7.96e-09
16013 0.051249218996284165 7.01e-09
16014 0.051249218996283957 2.71e-09
16015 0.051249218996283971 4.07e-09
16016 0.051249218996284061 3.65e-09
16017 0.051249218996284429 5.44e-09
16018 0.051249218996284263 6.72e-09
16019 0.051249218996284061 4.53e-09
16020 0.051249218996284041 3.5e-09
16021 0.051249218996283943 2.75e-09
16022 0.051249218996283978 3.15e-09
16023 0.051249218996283985 4.29e-09
16024 0.051249218996284117 9.23e-09
16025 0.1956521203914767 7.41e-09
16026 0.27713209377670911 8.33e-09
16027 0.051249218996284006 4.48e-09
16028 0.051249218996284041 3.38e-09
16029 0.051249218996284089 3.87e-09
16030 0.23400567685299264 1.03e-08
16031 0.05124921899628402 3.32e-09
16032 0.05124921899628429 5.74e-09
16033 0.051249218996284075 6.35e-09
16034 0.051249218996284179 4.72e-09
16035 0.051249218996284103 3.72e-09
16036 0.23400567685299242 8.3e-09
16037 0.23400567685299431 1.29e-08
16038 0.051249218996284131 4.04e-09
16039 0.051249218996284159 4.05e-09
16040 0.17886733742735864 1.62e-08
16041 0.051249218996284034 5.47e-09
16042 0.051249218996284041 3.38e-09
16043 0.1956521203914765 6.26e-09
16044 0.19565212039147736 2.29e-08
16045 0.051249218996284165 9.07e-09
16046 0.051249218996284089 3.81e-09
16047 0.051249218996283957 2.76e-09
16048 0.051249218996284061 3.52e-09
16049 0.19565212039147722 1.02e-08
16050 0.051249218996284075 6.2e-09
16051 0.23400567685299273 9.3e-09
16052 0.19565212039147689 8.4e-09
16053 0.05124921899628411 4.65e-09
16054 0.051249218996284297 5.27e-09
16055 0.19565212039147686 7.34e-09
16056 0.051249218996283943 3.19e-09
16057 0.051249218996283992 2.99e-09
16058 0.051249218996284082 4.85e-09
16059 0.051249218996284054 3.4e-09
16060 0.05124921899628393 2.52e-09
16061 0.19565212039147725 9.27e-09
16062 0.26767860546964384 1.64e-08
16063 0.051249218996284179 4.26e-09
16064 0.05124921899628411 4.25e-09
16065 0.051249218996284165 5.05e-09
16066 0.051249218996284034 3.66e-09
16067 0.051249218996284013 3.17e-09
16068 0.051249218996284159 7.65e-09
16069 0.051249218996284283 4.83e-09
16070 0.17886733742736613 1.67e-08
16071 0.051249218996284221 6.8e-09
16072 0.051249218996284596 6.09e-09
16073 0.051249218996284047 7.18e-09
16074 0.051249218996284054 3.71e-09
16075 0.051249218996284145 4.7e-09
16076 0.051249218996284089 3.68e-09
16077 0.051249218996284165 8.85e-09
16078 0.17886733742736677 1.54e-08
16079 0.0512492189962842 4.36e-09
16080 0.051249218996284159 4.06e-09
16081 0.051249218996284179 4.16e-09
16082 0.051249218996284193 5.12e-09
16083 0.051249218996284061 3.89e-09
16084 0.051249218996284179 4.18e-09
16085 0.051249218996283957 2.65e-09
16086 0.23400567685299326 8.46e-09
16087 0.051249218996284082 5.33e-09
16088 0.051249218996283957 2.73e-09
16089 0.23400567685299253 8.76e-09
16090 0.23400567685299206 1.04e-08
16091 0.17886733742736255 1.27e-08
16092 0.051249218996283964 2.91e-09
16093 0.051249218996283992 3.71e-09
16094 0.051249218996284117 3.79e-09
16095 0.17886733742735869 7.65e-09
16096 0.05124921899628393 2.34e-09
16097 0.051249218996284068 3.51e-09
16098 0.23400567685299228 7.91e-09
16099 0.19565212039147828 1.1e-08
16100 0.051249218996284041 5.46e-09
16101 0.051249218996284235 5.79e-09
16102 0.051249218996284068 4.07e-09
16103 0.051249218996284054 5.36e-09
16104 0.051249218996284082 3.54e-09
16105 0.051249218996283992 9.77e-09
16106 0.051249218996284117 5.16e-09
16107 0.23400567685299506 1.28e-08
16108 0.051249218996284471 7.16e-09
16109 0.051249218996284089 4.97e-09
16110 0.051249218996283978 2.97e-09
16111 0.051249218996284138 4.71e-09
16112 0.051249218996284054 3.81e-09
16113 0.051249218996284096 3.79e-09
16114 0.051249218996284228 4.42e-09
16115 0.051249218996284145 4.19e-09
16116 0.051249218996284096 3.85e-09
16117 0.051249218996283909 2.37e-09
16118 0.051249218996284061 5.37e-09
16119 0.051249218996283964 2.67e-09
16120 0.23400567685299495 1.24e-08
16121 0.051249218996284256 5.01e-09
16122 0.21223225941083587 1.06e-08
16123 0.23400567685299289 1.27e-08
16124 0.05124921899628395 2.72e-09
16125 0.17886733742735947 8.95e-09
16126 0.26194870771428053 1.12e-08
16127 0.23400567685299264 8.58e-09
16128 0.051249218996284103 3.69e-09
16129 0.051249218996284061 4.84e-09
16130 0.23400567685299239 1e-08
16131 0.051249218996284193 6.69e-09
16132 0.051249218996284047 3.39e-09
16133 0.051249218996284027 3.18e-09
16134 0.051249218996284041 3.67e-09
16135 0.19565212039147614 1.81e-08
16136 0.21223225941084436 1.57e-08
16137 0.051249218996283936 2.7e-09
16138 0.051249218996284027 3.31e-09
16139 0.051249218996284103 4.73e-09
16140 0.051249218996284089 3.6e-09
16141 0.26194870771427736 8.09e-09
16142 0.23400567685299298 8.45e-09
16143 0.051249218996284041 3.33e-09
16144 0.19565212039147667 7.39e-09
16145 0.051249218996284138 7.27e-09
16146 0.051249218996284013 3.35e-09
16147 0.19565212039147759 9.48e-09
16148 0.051249218996284221 6.79e-09
16149 0.051249218996284172 8.84e-09
16150 0.051249218996284089 6.61e-09
16151 0.29414667819032519 1.56e-08
16152 0.051249218996284054 3.64e-09
16153 0.17886733742735997 1.02e-08
16154 0.2340056768529937 9.29e-09
16155 0.05124921899628427 5.2e-09
16156 0.05124921899628395 3.25e-09
16157 0.051249218996284103 4.93e-09
16158 0.0512492189962842 7.17e-09
16159 0.27713209377671016 1.54e-08
16160 0.23400567685299259 8.54e-09
16161 0.051249218996283916 2.72e-09
16162 0.051249218996284159 4.13e-09
16163 0.051249218996284082 3.87e-09
16164 0.051249218996284013 3.05e-09
16165 0.051249218996284283 4.76e-09
16166 0.051249218996284186 4.26e-09
16167 0.051249218996284013 3.12e-09
16168 0.051249218996284124 4.43e-09
16169 0.23400567685299306 7.82e-09
16170 0.23400567685299223 7.56e-09
16171 0.051249218996284117 3.91e-09
16172 0.23400567685299417 1.67e-08
16173 0.051249218996284311 7.63e-09
16174 0.23400567685299239 7.98e-09
16175 0.051249218996284041 4.37e-09
16176 0.051249218996283978 4.96e-09
16177 0.3255831295114025 1.69e-08
16178 0.051249218996284214 4.8e-09
16179 0.051249218996284297 7.09e-09
16180 0.051249218996284061 3.58e-09
16181 0.051249218996284193 4.44e-09
16182 0.051249218996284353 6.98e-09
16183 0.23400567685299259 1.16e-08
16184 0.23400567685299289 9.63e-09
16185 0.051249218996284346 6.42e-09
16186 0.051249218996283957 2.67e-09
16187 0.051249218996283957 2.91e-09
16188 0.051249218996284006 3.06e-09
16189 0.051249218996284061 9.65e-09
16190 0.17886733742735925 8.81e-09
16191 0.051249218996283992 3.66e-09
16192 0.051249218996283985 2.97e-09
16193 0.051249218996284311 5.93e-09
16194 0.051249218996284124 3.87e-09
16195 0.051249218996284311 5.11e-09
16196 0.051249218996283978 3.94e-09
16197 0.19565212039147656 7.06e-09
16198 0.051249218996284034 5.1e-09
16199 0.051249218996284152 4.11e-09
16200 0.05124921899628393 2.38e-09
16201 0.051249218996284235 4.47e-09
16202 0.0512492189962842 4.53e-09
16203 0.26194870771428386 1.37e-08
16204 0.051249218996284165 5.63e-09
16205 0.19565212039147653 6.92e-09
16206 0.051249218996284193 6.99e-09
16207 0.051249218996284034 3.87e-09
16208 0.051249218996284179 4.37e-09
16209 0.051249218996284256 7.3e-09
16210 0.05124921899628411 3.78e-09
16211 0.19565212039147717 8.89e-09
16212 0.23400567685299328 1.46e-08
16213 0.051249218996284172 4.4e-09
16214 0.051249218996284075 4.13e-09
16215 0.051249218996283902 2.23e-09
16216 0.051249218996284228 4.5e-09
16217 0.051249218996284159 9.65e-09
16218 0.051249218996284061 3.68e-09
16219 0.051249218996284047 3.64e-09
16220 0.051249218996284082 4.52e-09
16221 0.051249218996284145 4.18e-09
16222 0.051249218996284505 8.17e-09
16223 0.051249218996284068 3.84e-09
16224 0.051249218996284054 3.59e-09
16225 0.23400567685299301 8.36e-09
16226 0.051249218996284256 5.66e-09
16227 0.051249218996284089 5.53e-09
16228 0.051249218996283999 2.99e-09
16229 0.051249218996284159 9.46e-09
16230 0.051249218996284054 3.76e-09
16231 0.051249218996284061 3.47e-09
16232 0.051249218996284304 4.89e-09
16233 0.051249218996284318 7.73e-09
16234 0.29414667819039253 1.91e-08
16235 0.051249218996284297 5.18e-09
16236 0.051249218996284283 5.28e-09
16237 0.05124921899628393 3.29e-09
16238 0.051249218996284283 5e-09
16239 0.051249218996284089 5.82e-09
16240 0.1956521203914762 4.71e-09
16241 0.23400567685299531 1.28e-08
16242 0.051249218996284082 4.52e-09
16243 0.051249218996284013 3.18e-09
16244 0.051249218996284006 4.05e-09
16245 0.051249218996284256 6.58e-09
16246 0.051249218996284103 3.77e-09
16247 0.051249218996284152 4.07e-09
16248 0.051249218996284152 4.09e-09
16249 0.051249218996284221 4.39e-09
16250 0.051249218996284297 7.08e-09
16251 0.051249218996284374 5.12e-09
16252 0.051249218996284027 3.2e-09
16253 0.051249218996284249 4.47e-09
16254 0.051249218996284242 5.37e-09
16255 0.051249218996283957 2.76e-09
16256 0.051249218996284061 3.92e-09
16257 0.23400567685299223 9.59e-09
16258 0.051249218996284172 4.47e-09
16259 0.051249218996284082 6.8e-09
16260 0.17886733742735922 8.14e-09
16261 0.178867337427361 1.5e-08
16262 0.17886733742736349 1.63e-08
16263 0.051249218996284054 7.62e-09
16264 0.23400567685299375 1.07e-08
16265 0.051249218996284096 3.73e-09
16266 0.051249218996284089 8.67e-09
16267 0.051249218996283957 3.95e-09
16268 0.23400567685299498 1.48e-08
16269 0.23400567685299212 9.23e-09
16270 0.26767860546962224 1.05e-08
16271 0.051249218996284145 6.77e-09
16272 0.051249218996284367 5.4e-09
16273 0.051249218996284145 4.08e-09
16274 0.051249218996284075 4e-09
16275 0.05124921899628402 5.78e-09
16276 0.23400567685299384 1.48e-08
16277 0.051249218996283971 2.78e-09
16278 0.23400567685299223 8.43e-09
16279 0.051249218996284138 4.38e-09
16280 0.05124921899628445 6.03e-09
16281 0.051249218996283964 2.62e-09
16282 0.05124921899628402 3.71e-09
16283 0.23400567685299412 1.05e-08
16284 0.051249218996284276 5.08e-09
16285 0.051249218996283978 2.9e-09
16286 0.17886733742736491 1.56e-08
16287 0.19565212039147736 8.96e-09
16288 0.40937858963106022 2.19e-08
16289 0.05124921899628427 5.37e-09
16290 0.051249218996284207 4.6e-09
16291 0.051249218996284193 4.26e-09
16292 0.1956521203914777 1.04e-08
16293 0.051249218996284325 7.48e-09
16294 0.051249218996283916 2.3e-09
16295 0.051249218996283978 3e-09
16296 0.23400567685299203 6.42e-09
16297 0.23400567685299339 1.2e-08
16298 0.051249218996284256 5.2e-09
16299 0.051249218996283957 4.57e-09
16300 0.051249218996284082 6.09e-09
16301 0.23400567685299359 1.09e-08
16302 0.051249218996284034 3.72e-09
16303 0.051249218996284124 6.03e-09
16304 0.19565212039147667 7.21e-09
16305 0.05124921899628395 2.56e-09
16306 0.19565212039147684 1.11e-08
16307 0.051249218996284034 3.59e-09
16308 0.051249218996284228 4.5e-09
16309 0.19565212039147728 9.06e-09
16310 0.051249218996284068 4.55e-09
16311 0.19565212039147745 9.25e-09
16312 0.051249218996283992 3.31e-09
16313 0.051249218996284214 4.37e-09
16314 0.051249218996284006 3.08e-09
16315 0.051249218996283846 1.28e-09
16316 0.19565212039147728 1.66e-08
16317 0.051249218996284207 5.88e-09
16318 0.051249218996284172 5e-09
16319 0.051249218996284485 5.63e-09
16320 0.19565212039147689 9.49e-09
16321 0.051249218996284325 7.18e-09
16322 0.23400567685299223 1.01e-08
16323 0.27713209377670917 1.64e-08
16324 0.051249218996284082 3.68e-09
16325 0.051249218996284061 3.51e-09
16326 0.051249218996283971 5.03e-09
16327 0.19565212039147697 1.15e-08
16328 0.051249218996284103 3.66e-09
16329 0.051249218996284263 4.91e-09
16330 0.051249218996283957 2.53e-09
16331 0.051249218996284054 3.52e-09
16332 0.051249218996283992 4.01e-09
16333 0.051249218996283909 4.53e-09
16334 0.051249218996284103 3.95e-09
16335 0.051249218996283985 2.98e-09
16336 0.051249218996284054 3.35e-09
16337 0.051249218996284041 8.15e-09
16338 0.051249218996284318 5.01e-09
16339 0.051249218996284117 5.11e-09
16340 0.051249218996283957 3.03e-09
16341 0.051249218996283985 2.99e-09
16342 0.051249218996284068 3.51e-09
16343 0.2340056768529919 6.88e-09
16344 0.051249218996284068 3.94e-09
16345 0.051249218996284068 3.53e-09
16346 0.051249218996284047 3.6e-09
16347 0.17886733742735911 1.09e-08
16348 0.051249218996284263 5.88e-09
16349 0.051249218996284145 3.98e-09
16350 0.051249218996283964 3.45e-09
16351 0.26767860546963279 1.3e-08
16352 0.051249218996283936 2.71e-09
16353 0.051249218996284047 4.39e-09
16354 0.051249218996284249 4.59e-09
16355 0.051249218996284214 4.62e-09
16356 0.23400567685299267 9.15e-09
16357 0.19565212039147717 2.29e-08
16358 0.051249218996284117 6.05e-09
16359 0.051249218996283943 3.37e-09
16360 0.051249218996284172 6.41e-09
16361 0.051249218996284172 6.12e-09
16362 0.27713209377670933 8.06e-09
16363 0.19565212039147678 7.21e-09
16364 0.05124921899628411 3.77e-09
16365 0.051249218996283867 2.16e-09
16366 0.19565212039147656 8.29e-09
16367 0.051249218996283888 3.17e-09
16368 0.21223225941084062 1.79e-08
16369 0.17886733742735897 8.04e-09
16370 0.05124921899628402 5.23e-09
16371 0.051249218996284172 5.74e-09
16372 0.051249218996284367 5.28e-09
16373 0.051249218996284034 6.09e-09
16374 0.051249218996284263 4.61e-09
16375 0.051249218996284054 5.3e-09
16376 0.051249218996284013 3.46e-09
16377 0.051249218996284124 4.82e-09
16378 0.051249218996284263 4.92e-09
16379 0.051249218996284006 3.4e-09
16380 0.051249218996284082 3.67e-09
16381 0.051249218996284249 4.86e-09
16382 0.23400567685299201 9.97e-09
16383 0.29414667819042067 1.98e-08
16384 0.19565212039147747 1.05e-08
16385 0.051249218996284054 3.46e-09
16386 0.051249218996283936 2.55e-09
16387 0.051249218996283992 2.98e-09
16388 0.051249218996284283 7.2e-09
16389 0.19565212039147881 1.46e-08
16390 0.051249218996284138 3.91e-09
16391 0.19565212039147709 1.23e-08
16392 0.19565212039147781 1.18e-08
16393 0.051249218996284047 4.39e-09
16394 0.051249218996284172 4.44e-09
16395 0.051249218996284159 4.34e-09
16396 0.051249218996283957 3.97e-09
16397 0.051249218996284304 4.87e-09
16398 0.17886733742736169 1.39e-08
16399 0.051249218996284117 4.27e-09
16400 0.051249218996284179 5.02e-09
16401 0.051249218996283992 1.07e-08
16402 0.051249218996284145 6.34e-09
16403 0.23400567685299223 1.25e-08
16404 0.051249218996284103 3.95e-09
16405 0.23400567685299342 1.28e-08
16406 0.051249218996284061 3.99e-09
16407 0.051249218996284318 4.91e-09
16408 0.051249218996284131 4.65e-09
16409 0.051249218996284047 3.41e-09
16410 0.05124921899628402 5.65e-09
16411 0.2619487077142803 1.63e-08
16412 0.051249218996284096 3.85e-09
16413 0.051249218996283971 2.99e-09
16414 0.051249218996284034 7.59e-09
16415 0.051249218996283978 3.24e-09
16416 0.051249218996284263 9.34e-09
16417 0.051249218996283992 2.88e-09
16418 0.051249218996284068 3.51e-09
16419 0.23400567685299267 9.41e-09
16420 0.27713209377670933 1.28e-08
16421 0.051249218996284179 5.9e-09
16422 0.051249218996284013 3.14e-09
16423 0.23400567685299231 7.56e-09
16424 0.051249218996284124 4.43e-09
16425 0.051249218996284034 4.52e-09
16426 0.051249218996283874 5.92e-09
16427 0.05124921899628411 3.99e-09
16428 0.051249218996283881 2.64e-09
16429 0.051249218996284089 3.99e-09
16430 0.051249218996284027 4.31e-09
16431 0.26194870771428297 1.34e-08
16432 0.051249218996283888 4.57e-09
16433 0.051249218996284276 6.61e-09
16434 0.19565212039147636 5.28e-09
16435 0.29414667819030771 2.49e-08
16436 0.26767860546964994 2.6e-08
16437 0.051249218996284172 8.09e-09
16438 0.19565212039147764 1.05e-08
16439 0.23400567685299475 1.21e-08
16440 0.05124921899628393 2.31e-09
16441 0.051249218996284179 5.05e-09
16442 0.26767860546962519 1.71e-08
16443 0.051249218996283985 2.85e-09
16444 0.051249218996284082 8.27e-09
16445 0.05124921899628402 3.21e-09
16446 0.051249218996284131 5.31e-09
16447 0.051249218996283971 3.37e-09
16448 0.051249218996284186 6.37e-09
16449 0.05124921899628411 6.83e-09
16450 0.051249218996284117 3.75e-09
16451 0.051249218996283992 4.82e-09
16452 0.051249218996284138 6.81e-09
16453 0.05124921899628445 5.57e-09
16454 0.19565212039147695 7.72e-09
16455 0.19565212039147734 1.3e-08
16456 0.051249218996284297 5.14e-09
16457 0.051249218996284068 3.71e-09
16458 0.19565212039147767 1.39e-08
16459 0.23400567685299317 9.87e-09
16460 0.051249218996284297 4.88e-09
16461 0.19565212039147731 1.05e-08
16462 0.051249218996284041 3.93e-09
16463 0.23400567685299223 7.1e-09
16464 0.051249218996284047 3.47e-09
16465 0.051249218996284207 5.65e-09
16466 0.051249218996284082 3.58e-09
16467 0.23400567685299262 9.89e-09
16468 0.19565212039147706 1.01e-08
16469 0.051249218996284276 5.98e-09
16470 0.23400567685299298 9.93e-09
16471 0.23400567685299228 8.05e-09
16472 0.051249218996284047 7.21e-09
16473 0.27713209377670911 9.77e-09
16474 0.19565212039147742 8.86e-09
16475 0.051249218996283936 2.58e-09
16476 0.051249218996284159 5.59e-09
16477 0.051249218996284235 4.79e-09
16478 0.051249218996284013 3.44e-09
16479 0.051249218996284172 5.17e-09
16480 0.051249218996283985 3.74e-09
16481 0.051249218996283943 2.69e-09
16482 0.05124921899628393 2.64e-09
16483 0.051249218996284145 6.85e-09
16484 0.051249218996283964 7.77e-09
16485 0.051249218996284117 4.64e-09
16486 0.051249218996284422 8.25e-09
16487 0.051249218996284152 7.59e-09
16488 0.051249218996284068 3.72e-09
16489 0.23400567685299459 1.67e-08
16490 0.051249218996284214 4.61e-09
16491 0.051249218996284186 5.86e-09
16492 0.051249218996284089 3.72e-09
16493 0.051249218996284047 3.57e-09
16494 0.23400567685299309 8.12e-09
16495 0.051249218996284249 4.63e-09
16496 0.051249218996284089 4.06e-09
16497 0.051249218996283895 3.2e-09
16498 0.05124921899628427 8.35e-09
16499 0.051249218996284027 3.41e-09
16500 0.051249218996284082 3.56e-09
16501 0.05124921899628395 2.84e-09
16502 0.19565212039147803 1.45e-08
16503 0.051249218996284297 6.24e-09
16504 0.19565212039147642 1.12e-08
16505 0.23400567685299201 7.57e-09
16506 0.051249218996283909 4.29e-09
16507 0.051249218996284235 4.85e-09
16508 0.051249218996284006 3.23e-09
16509 0.23400567685299237 6.94e-09
16510 0.051249218996284186 4.89e-09
16511 0.05124921899628393 3.88e-09
16512 0.051249218996283971 5.11e-09
16513 0.051249218996283999 3.1e-09
16514 0.05124921899628429 5.63e-09
16515 0.051249218996284415 7.95e-09
16516 0.051249218996283999 3.1e-09
16517 0.051249218996284304 5.44e-09
16518 0.19565212039147759 1.63e-08
16519 0.051249218996283999 3.17e-09
16520 0.23400567685299309 1.17e-08
16521 0.26194870771427697 1.99e-08
16522 0.23400567685299287 8.79e-09
16523 0.23400567685299364 1.33e-08
16524 0.051249218996284117 3.8e-09
16525 0.051249218996284061 3.53e-09
16526 0.2340056768529919 5.42e-09
16527 0.051249218996284165 7.15e-09
16528 0.23400567685299262 7.56e-09
16529 0.051249218996283999 5.12e-09
16530 0.051249218996283957 2.73e-09
16531 0.0512492189962842 4.74e-09
16532 0.19565212039147761 1.01e-08
16533 0.051249218996283999 3.36e-09
16534 0.051249218996284082 3.92e-09
16535 0.051249218996284214 6.01e-09
16536 0.23400567685299181 9.1e-09
16537 0.051249218996284325 5.02e-09
16538 0.051249218996284179 5.04e-09
16539 0.19565212039147631 1.03e-08
16540 0.051249218996284172 4.06e-09
16541 0.051249218996284034 3.27e-09
16542 0.05124921899628402 3.13e-09
16543 0.051249218996283971 5.34e-09
16544 0.051249218996283874 2.07e-09
16545 0.23400567685299339 8.73e-09
16546 0.26194870771428197 1.67e-08
16547 0.1956521203914765 6.35e-09
16548 0.17886733742735905 2.14e-08
16549 0.051249218996284179 4.44e-09
16550 0.17886733742735891 7.94e-09
16551 0.051249218996284041 3.49e-09
16552 0.23400567685299234 7.68e-09
16553 0.051249218996284047 3.59e-09
16554 0.23400567685299356 2.19e-08
16555 0.19565212039147667 7.58e-09
16556 0.23400567685299264 9.22e-09
16557 0.17886733742735852 8.04e-09
16558 0.051249218996284221 5.03e-09
16559 0.051249218996283909 2.51e-09
16560 0.051249218996283943 3.52e-09
16561 0.051249218996284034 5.62e-09
16562 0.051249218996284089 3.73e-09
16563 0.051249218996283964 5.22e-09
16564 0.051249218996284478 7.99e-09
16565 0.051249218996284186 4.22e-09
16566 0.051249218996283964 2.95e-09
16567 0.051249218996284138 4.32e-09
16568 0.05124921899628427 5.88e-09
16569 0.051249218996284179 5e-09
16570 0.17886733742735839 8.69e-09
16571 0.05124921899628402 3.43e-09
16572 0.051249218996284054 6.3e-09
16573 0.051249218996284186 4.53e-09
16574 0.2340056768529919 5.67e-09
16575 0.051249218996283902 2.23e-09
16576 0.2340056768529932 1.2e-08
16577 0.051249218996284152 5.11e-09
16578 0.051249218996284054 3.47e-09
16579 0.23400567685299212 1.73e-08
16580 0.19565212039147761 9.24e-09
16581 0.051249218996284832 8.8e-09
16582 0.051249218996284179 7.09e-09
16583 0.27713209377670955 9.22e-09
16584 0.051249218996284159 4.47e-09
16585 0.05124921899628411 3.82e-09
16586 0.051249218996284103 1.01e-08
16587 0.19565212039147722 8.38e-09
16588 0.19565212039147678 9.1e-09
16589 0.051249218996284152 5.53e-09
16590 0.051249218996283978 3.01e-09
16591 0.051249218996284027 4.34e-09
16592 0.19565212039147664 6.85e-09
16593 0.051249218996284138 4.2e-09
16594 0.051249218996284165 4.15e-09
16595 0.19565212039147681 9.36e-09
16596 0.051249218996284096 3.91e-09
16597 0.051249218996283957 4.68e-09
16598 0.051249218996284152 5.33e-09
16599 0.051249218996284047 3.39e-09
16600 0.05124921899628411 4.34e-09
16601 0.051249218996284041 3.35e-09
16602 0.051249218996284027 6.35e-09
16603 0.051249218996284179 4.6e-09
16604 0.051249218996284027 3.5e-09
16605 0.051249218996284047 4.69e-09
16606 0.19565212039147736 1.04e-08
16607 0.051249218996284061 3.69e-09
16608 0.051249218996284186 5.14e-09
16609 0.051249218996284082 3.94e-09
16610 0.051249218996284006 3e-09
16611 0.051249218996284311 4.95e-09
16612 0.051249218996283985 4.17e-09
16613 0.17886733742736141 1.16e-08
16614 0.051249218996284276 4.69e-09
16615 0.051249218996283964 2.89e-09
16616 0.05124921899628429 4.77e-09
16617 0.051249218996284179 4.26e-09
16618 0.051249218996283985 2.89e-09
16619 0.051249218996284054 3.47e-09
16620 0.23400567685299287 1.1e-08
16621 0.051249218996283999 3.83e-09
16622 0.1788673374273641 2.36e-08
16623 0.051249218996284054 3.69e-09
16624 0.051249218996284054 3.46e-09
16625 0.051249218996284061 3.54e-09
16626 0.051249218996284124 5.71e-09
16627 0.23400567685299328 1.44e-08
16628 0.1788673374273585 8.35e-09
16629 0.051249218996284152 5.08e-09
16630 0.051249218996284054 4.99e-09
16631 0.051249218996284117 5.39e-09
16632 0.051249218996283943 4.15e-09
16633 0.19565212039147747 1e-08
16634 0.23400567685299276 1.27e-08
16635 0.3388884847646505 1.49e-08
16636 0.17886733742736019 1.16e-08
16637 0.051249218996284117 4.01e-09
16638 0.23400567685299209 6.97e-09
16639 0.051249218996284172 6.14e-09
16640 0.19565212039147706 7.92e-09
16641 0.23400567685299306 8.1e-09
16642 0.05124921899628395 3.59e-09
16643 0.051249218996284089 4e-09
16644 0.05124921899628402 3.97e-09
16645 0.051249218996284297 4.88e-09
16646 0.0512492189962842 4.54e-09
16647 0.23400567685299212 7.09e-09
16648 0.051249218996284207 4.79e-09
16649 0.23400567685299231 6.22e-09
16650 0.26194870771427742 1e-08
16651 0.051249218996284013 3.14e-09
16652 0.051249218996284394 7.46e-09
16653 0.17886733742736005 8.88e-09
16654 0.051249218996284131 3.95e-09
16655 0.051249218996283957 5.08e-09
16656 0.23400567685299295 1.12e-08
16657 0.051249218996283964 2.75e-09
16658 0.051249218996284096 3.99e-09
16659 0.17886733742735875 1.08e-08
16660 0.05124921899628427 4.59e-09
16661 0.051249218996284054 3.47e-09
16662 0.051249218996284172 7.2e-09
16663 0.17886733742735891 8.5e-09
16664 0.051249218996284096 7.97e-09
16665 0.051249218996283923 2.33e-09
16666 0.051249218996284152 5.33e-09
16667 0.051249218996284054 3.6e-09
16668 0.051249218996283964 1.22e-08
16669 0.051249218996284221 4.37e-09
16670 0.051249218996283971 2.79e-09
16671 0.051249218996284145 4.03e-09
16672 0.051249218996284082 3.83e-09
16673 0.051249218996284214 5.61e-09
16674 0.051249218996284339 5.33e-09
16675 0.051249218996284124 5.95e-09
16676 0.051249218996284103 3.72e-09
16677 0.17886733742735866 1.36e-08
16678 0.23400567685299212 6.46e-09
16679 0.051249218996283964 2.97e-09
16680 0.23400567685299262 9.04e-09
16681 0.051249218996284179 4.41e-09
16682 0.051249218996284027 3.16e-09
16683 0.051249218996284332 5.01e-09
16684 0.051249218996284075 3.76e-09
16685 0.051249218996284054 4.2e-09
16686 0.051249218996284165 4.19e-09
16687 0.051249218996283923 2.36e-09
16688 0.05124921899628429 6.71e-09
16689 0.051249218996284082 4.19e-09
16690 0.051249218996284047 3.34e-09
16691 0.23400567685299267 7.29e-09
16692 0.051249218996284256 4.56e-09
16693 0.05124921899628395 7.29e-09
16694 0.26767860546962741 1.08e-08
16695 0.051249218996284054 3.48e-09
16696 0.051249218996284152 4.05e-09
16697 0.051249218996284304 6.42e-09
16698 0.23400567685299248 9.89e-09
16699 0.051249218996284464 5.91e-09
16700 0.051249218996284047 3.79e-09
16701 0.051249218996284117 3.92e-09
16702 0.195652120391477 1.12e-08
16703 0.051249218996284117 5.31e-09
16704 0.051249218996284165 4.18e-09
16705 0.051249218996283923 3.15e-09
16706 0.051249218996284034 3.22e-09
16707 0.1956521203914785 1.57e-08
16708 0.051249218996284068 3.87e-09
16709 0.0512492189962842 4.97e-09
16710 0.051249218996284054 3.59e-09
16711 0.051249218996284061 3.43e-09
16712 0.19565212039147695 9.14e-09
16713 0.051249218996284047 4.1e-09
16714 0.051249218996284138 3.97e-09
16715 0.051249218996283992 4.05e-09
16716 0.051249218996284179 7.91e-09
16717 0.1956521203914767 6.71e-09
16718 0.051249218996284152 4.02e-09
16719 0.051249218996283957 2.78e-09
16720 0.17886733742735822 7.85e-09
16721 0.23400567685299192 5.72e-09
16722 0.051249218996284263 5.61e-09
16723 0.19565212039147736 9.95e-09
16724 0.19565212039147689 8.82e-09
16725 0.17886733742736177 1.32e-08
16726 0.051249218996284075 5.39e-09
16727 0.051249218996284054 4.28e-09
16728 0.051249218996284124 5.52e-09
16729 0.23400567685299303 1.57e-08
16730 0.23400567685299448 1.07e-08
16731 0.051249218996283992 3.03e-09
16732 0.051249218996284089 4.08e-09
16733 0.19565212039147672 6.75e-09
16734 0.051249218996284589 6.72e-09
16735 0.051249218996284207 4.6e-09
16736 0.29414667819040452 1.97e-08
16737 0.051249218996284075 4.39e-09
16738 0.05124921899628402 3.32e-09
16739 0.05124921899628427 4.92e-09
16740 0.05124921899628402 3.35e-09
16741 0.051249218996283999 3.15e-09
16742 0.19565212039147636 5.7e-09
16743 0.21223225941083743 1.02e-08
16744 0.051249218996284505 6.26e-09
16745 0.05124921899628393 2.53e-09
16746 0.051249218996284172 4.19e-09
16747 0.051249218996284047 3.51e-09
16748 0.19565212039147692 7.4e-09
16749 0.21223225941084078 1.8e-08
16750 0.0512492189962842 5.44e-09
16751 0.051249218996283916 2.18e-09
16752 0.051249218996284172 4.21e-09
16753 0.23400567685299237 1.28e-08
16754 0.051249218996283992 2.89e-09
16755 0.051249218996284152 4.23e-09
16756 0.19565212039147722 8.53e-09
16757 0.051249218996283985 3.02e-09
16758 0.051249218996284124 3.83e-09
16759 0.051249218996283957 5.62e-09
16760 0.19565212039147661 7.19e-09
16761 0.051249218996284061 6.02e-09
16762 0.051249218996284034 4.12e-09
16763 0.051249218996284138 4.23e-09
16764 0.23400567685299314 8.2e-09
16765 0.17886733742735778 6.72e-09
16766 0.051249218996283971 4.53e-09
16767 0.051249218996284089 3.65e-09
16768 0.051249218996284047 4.04e-09
16769 0.05124921899628411 3.79e-09
16770 0.051249218996284068 4.56e-09
16771 0.051249218996284304 6.4e-09
16772 0.051249218996284047 4.24e-09
16773 0.17886733742735983 1.04e-08
16774 0.051249218996284152 4.25e-09
16775 0.17886733742735914 9.29e-09
16776 0.051249218996284047 3.46e-09
16777 0.051249218996284027 6.8e-09
16778 0.21223225941084076 2.06e-08
16779 0.051249218996284381 7.47e-09
16780 0.051249218996284249 4.53e-09
16781 0.17886733742735875 7.54e-09
16782 0.051249218996283916 2.05e-09
16783 0.2619487077142858 1.99e-08
16784 0.19565212039147736 1.88e-08
16785 0.051249218996284159 4.5e-09
16786 0.23400567685299328 8.29e-09
16787 0.17886733742735994 1.22e-08
16788 0.05124921899628429 6.25e-09
16789 0.2340056768529922 1.04e-08
16790 0.0512492189962842 4.51e-09
16791 0.23400567685299292 9.15e-09
16792 0.19565212039147803 1.67e-08
16793 0.234005676852994 1.29e-08
16794 0.19565212039147803 1.76e-08
16795 0.051249218996284276 4.68e-09
16796 0.051249218996284145 7.43e-09
16797 0.051249218996284138 3.91e-09
16798 0.051249218996284353 5.21e-09
16799 0.19565212039147897 1.79e-08
16800 0.051249218996283971 2.92e-09
16801 0.051249218996284013 3.1e-09
16802 0.051249218996284013 4.9e-09
16803 0.1956521203914787 1.19e-08
16804 0.17886733742736055 1.09e-08
16805 0.051249218996284047 3.38e-09
16806 0.051249218996284061 3.76e-09
16807 0.051249218996284082 5.77e-09
16808 0.051249218996284159 4.05e-09
16809 0.19565212039147628 4.51e-09
16810 0.23400567685299342 9.52e-09
16811 0.19565212039147664 6.33e-09
16812 0.05124921899628393 2.48e-09
16813 0.19565212039147889 1.6e-08
16814 0.051249218996284401 8e-09
16815 0.23400567685299303 1.02e-08
16816 0.05124921899628427 4.94e-09
16817 0.051249218996284117 3.9e-09
16818 0.23400567685299309 1.07e-08
16819 0.051249218996284276 5.83e-09
16820 0.21223225941083568 8.67e-09
16821 0.19565212039147706 7.94e-09
16822 0.051249218996284138 4.74e-09
16823 0.051249218996284193 4.51e-09
16824 0.051249218996284054 4.12e-09
16825 0.26194870771428169 1.96e-08
16826 0.051249218996283978 3.03e-09
16827 0.051249218996284297 6.69e-09
16828 0.051249218996284193 4.44e-09
16829 0.051249218996284096 3.71e-09
16830 0.051249218996284131 4.21e-09
16831 0.051249218996284172 4.34e-09
16832 0.05124921899628411 3.84e-09
16833 0.051249218996284256 7.68e-09
16834 0.051249218996284124 4.18e-09
16835 0.19565212039147714 8.22e-09
16836 0.23400567685299237 7.94e-09
16837 0.051249218996284041 3.32e-09
16838 0.051249218996284256 4.61e-09
16839 0.051249218996284103 3.79e-09
16840 0.051249218996284061 3.52e-09
16841 0.17886733742735861 7.69e-09
16842 0.23400567685299228 1.1e-08
16843 0.051249218996284054 4.74e-09
16844 0.051249218996284214 4.45e-09
16845 0.051249218996284152 4.41e-09
16846 0.051249218996284034 3.89e-09
16847 0.17886733742735972 9.62e-09
16848 0.051249218996284221 4.46e-09
16849 0.051249218996284457 6.11e-09
16850 0.19565212039147725 8.95e-09
16851 0.19565212039147684 8.69e-09
16852 0.051249218996284138 4.04e-09
16853 0.26194870771427797 1.52e-08
16854 0.05124921899628461 8.68e-09
16855 0.051249218996284214 6.19e-09
16856 0.051249218996284103 6e-09
16857 0.051249218996283923 3.18e-09
16858 0.051249218996284124 4.19e-09
16859 0.051249218996284165 5.72e-09
16860 0.051249218996284006 4.06e-09
16861 0.051249218996284082 3.54e-09
16862 0.17886733742736327 1.42e-08
16863 0.051249218996284068 4.27e-09
16864 0.051249218996284006 3.6e-09
16865 0.051249218996284263 4.94e-09
16866 0.051249218996283985 3.01e-09
16867 0.17886733742735833 7.84e-09
16868 0.051249218996284089 8.43e-09
16869 0.0512492189962842 6.85e-09
16870 0.05124921899628402 3.13e-09
16871 0.051249218996284422 1.04e-08
16872 0.051249218996284061 3.86e-09
16873 0.17886733742735739 5.64e-09
16874 0.27713209377671005 9.35e-09
16875 0.051249218996284346 5.44e-09
16876 0.0512492189962842 4.39e-09
16877 0.051249218996284207 5.14e-09
16878 0.051249218996284214 6.74e-09
16879 0.29414667819026746 2.88e-08
16880 0.05124921899628411 3.74e-09
16881 0.051249218996284526 6.88e-09
16882 0.051249218996283923 5.51e-09
16883 0.051249218996284138 5.48e-09
16884 0.05124921899628427 7.47e-09
16885 0.051249218996284075 3.74e-09
16886 0.23400567685299337 9.79e-09
16887 0.051249218996284228 8.39e-09
16888 0.051249218996284304 4.92e-09
16889 0.051249218996283999 2.99e-09
16890 0.19565212039147759 9.4e-09
16891 0.051249218996284047 3.56e-09
16892 0.051249218996284235 8.94e-09
16893 0.19565212039147681 7.01e-09
16894 0.051249218996283916 3.66e-09
16895 0.051249218996284034 3.58e-09
16896 0.19565212039147697 8.32e-09
16897 0.051249218996284068 3.46e-09
16898 0.0512492189962842 5.22e-09
16899 0.051249218996284089 3.72e-09
16900 0.051249218996284172 6.16e-09
16901 0.23400567685299178 5.34e-09
16902 0.17886733742735897 9.93e-09
16903 0.051249218996284041 3.3e-09
16904 0.19565212039147672 1.35e-08
16905 0.19565212039147697 1.24e-08
16906 0.2340056768529932 1.5e-08
16907 0.051249218996284068 3.69e-09
16908 0.23400567685299245 7.91e-09
16909 0.23400567685299348 1.97e-08
16910 0.21223225941084067 2.07e-08
16911 0.27713209377670905 8.31e-09
16912 0.05124921899628402 5.16e-09
16913 0.051249218996284186 4.59e-09
16914 0.40937858963106299 1.76e-08
16915 0.051249218996284145 4.15e-09
16916 0.051249218996284138 4.87e-09
16917 0.19565212039147709 7.91e-09
16918 0.051249218996284041 3.32e-09
16919 0.23400567685299362 1.71e-08
16920 0.19565212039147731 1.03e-08
16921 0.051249218996284075 4.44e-09
16922 0.051249218996284068 3.82e-09
16923 0.19565212039147625 5.41e-09
16924 0.051249218996284027 3.6e-09
16925 0.2340056768529922 1.03e-08
16926 0.051249218996284138 4.07e-09
16927 0.051249218996284061 3.43e-09
16928 0.051249218996284124 6.76e-09
16929 0.23400567685299245 1.12e-08
16930 0.23400567685299467 1.11e-08
16931 0.051249218996284152 5.36e-09
16932 0.051249218996283978 2.79e-09
16933 0.051249218996284242 4.66e-09
16934 0.051249218996284172 7.01e-09
16935 0.29414667819042262 2.34e-08
16936 0.23400567685299406 1.04e-08
16937 0.051249218996284228 4.62e-09
16938 0.051249218996284096 3.59e-09
16939 0.051249218996283936 2.94e-09
16940 0.23400567685299251 8.52e-09
16941 0.051249218996284325 8.53e-09
16942 0.051249218996284089 3.65e-09
16943 0.051249218996284006 3.17e-09
16944 0.051249218996284297 6.63e-09
16945 0.051249218996284436 6.24e-09
16946 0.051249218996283999 3.32e-09
16947 0.17886733742735852 1.38e-08
16948 0.23400567685299409 1.34e-08
16949 0.21223225941083826 1.18e-08
16950 0.051249218996284054 3.77e-09
16951 0.051249218996284089 4.58e-09
16952 0.051249218996284193 4.29e-09
16953 0.19565212039147695 8.7e-09
16954 0.051249218996284464 5.95e-09
16955 0.051249218996284089 1e-08
16956 0.23400567685299187 5.24e-09
16957 0.23400567685299231 9.61e-09
16958 0.19565212039147753 9.42e-09
16959 0.051249218996284367 8.91e-09
16960 0.27713209377670922 8.28e-09
16961 0.051249218996284367 6.23e-09
16962 0.051249218996284304 6.49e-09
16963 0.051249218996284297 6.21e-09
16964 0.17886733742736194 1.44e-08
16965 0.051249218996284061 3.44e-09
16966 0.17886733742735858 7.19e-09
16967 0.051249218996284145 4.57e-09
16968 0.051249218996284096 3.74e-09
16969 0.23400567685299264 7.4e-09
16970 0.051249218996283957 2.78e-09
16971 0.2676786054696213 1.3e-08
16972 0.051249218996283992 3.1e-09
16973 0.051249218996284131 3.81e-09
16974 0.051249218996284221 9.45e-09
16975 0.26767860546962008 9.63e-09
16976 0.051249218996284034 5.23e-09
16977 0.23400567685299375 9.49e-09
16978 0.05124921899628411 4.27e-09
16979 0.05124921899628429 4.97e-09
16980 0.051249218996284145 4.41e-09
16981 0.2122322594108392 2.3e-08
16982 0.051249218996284054 3.76e-09
16983 0.051249218996284082 3.88e-09
16984 0.051249218996284478 5.68e-09
16985 0.051249218996284117 3.86e-09
16986 0.051249218996283957 3.02e-09
16987 0.051249218996284186 4.28e-09
16988 0.051249218996284249 5.41e-09
16989 0.051249218996283943 6.5e-09
16990 0.26194870771427747 1.16e-08
16991 0.05124921899628395 2.8e-09
16992 0.051249218996284013 3.89e-09
16993 0.21223225941085036 2.37e-08
16994 0.23400567685299239 1.24e-08
16995 0.05124921899628411 4.59e-09
16996 0.23400567685299362 9.75e-09
16997 0.051249218996284297 6.88e-09
16998 0.05124921899628402 3.2e-09
16999 0.17886733742736152 1.16e-08
17000 0.051249218996284138 4.53e-09
17001 0.1956521203914775 9.3e-09
17002 0.19565212039147789 1.14e-08
17003 0.21223225941083815 1.61e-08
17004 0.051249218996284193 4.28e-09
17005 0.051249218996284075 4.14e-09
17006 0.19565212039147681 7.01e-09
17007 0.23400567685299228 7.49e-09
17008 0.19565212039147689 7.25e-09
17009 0.051249218996284387 7.31e-09
17010 0.051249218996284006 4.24e-09
17011 0.234005676852994 1e-08
17012 0.23400567685299201 5.93e-09
17013 0.19565212039147628 1.2e-08
17014 0.051249218996283999 2.99e-09
17015 0.19565212039147703 9.14e-09
17016 0.19565212039147833 1.22e-08
17017 0.17886733742735986 9.44e-09
17018 0.2340056768529932 8.51e-09
17019 0.34159213938512117 1.91e-08
17020 0.051249218996284124 4.12e-09
17021 0.05124921899628402 3.14e-09
17022 0.051249218996284179 9.18e-09
17023 0.051249218996284179 4.21e-09
17024 0.051249218996284325 5.03e-09
17025 0.051249218996284138 4.15e-09
17026 0.0512492189962842 4.38e-09
17027 0.23400567685299292 1.34e-08
17028 0.051249218996283957 2.58e-09
17029 0.051249218996284034 3.31e-09
17030 0.051249218996283985 4.55e-09
17031 0.051249218996284152 4.07e-09
17032 0.051249218996283888 3.84e-09
17033 0.051249218996284325 6.56e-09
17034 0.051249218996284013 3.67e-09
17035 0.051249218996284013 4.42e-09
17036 0.051249218996284082 3.66e-09
17037 0.051249218996284263 6.23e-09
17038 0.051249218996284131 3.91e-09
17039 0.051249218996284027 6.41e-09
17040 0.051249218996284027 3.68e-09
17041 0.051249218996284124 4.01e-09
17042 0.051249218996284214 4.87e-09
17043 0.051249218996284138 5.18e-09
17044 0.19565212039147667 1.1e-08
17045 0.051249218996284249 4.86e-09
17046 0.051249218996283943 5.05e-09
17047 0.051249218996284082 7.73e-09
17048 0.051249218996284165 4.38e-09
17049 0.19565212039147742 9.17e-09
17050 0.051249218996283936 2.61e-09
17051 0.051249218996283985 2.95e-09
17052 0.051249218996284089 4.54e-09
17053 0.17886733742735814 5.9e-09
17054 0.051249218996284179 5.26e-09
17055 0.051249218996284221 5.75e-09
17056 0.051249218996284047 6.12e-09
17057 0.051249218996284054 3.43e-09
17058 0.23400567685299331 8.56e-09
17059 0.051249218996284304 6.61e-09
17060 0.051249218996284096 8.12e-09
17061 0.051249218996284152 4.13e-09
17062 0.051249218996283978 2.98e-09
17063 0.051249218996284186 5.42e-09
17064 0.23400567685299237 1.72e-08
17065 0.19565212039147645 8.07e-09
17066 0.05124921899628427 5.51e-09
17067 0.05124921899628429 5.6e-09
17068 0.19565212039147775 1.56e-08
17069 0.051249218996283957 3.03e-09
17070 0.051249218996284027 3.4e-09
17071 0.051249218996284075 4.1e-09
17072 0.051249218996284034 3.62e-09
17073 0.051249218996284013 3.09e-09
17074 0.051249218996283957 5.8e-09
17075 0.051249218996283999 2.96e-09
17076 0.051249218996284041 3.63e-09
17077 0.051249218996284235 5.62e-09
17078 0.051249218996284013 3.3e-09
17079 0.051249218996284041 3.28e-09
17080 0.05124921899628411 5.69e-09
17081 0.23400567685299237 8.31e-09
17082 0.19565212039147645 6.27e-09
17083 0.19565212039147717 1e-08
17084 0.19565212039147689 1.09e-08
17085 0.051249218996284207 4.81e-09
17086 0.051249218996284096 7.62e-09
17087 0.051249218996284027 3.6e-09
17088 0.051249218996284041 3.22e-09
17089 0.051249218996284047 5.47e-09
17090 0.05124921899628411 3.76e-09
17091 0.051249218996284214 4.78e-09
17092 0.051249218996283909 3.14e-09
17093 0.051249218996284727 1.2e-08
17094 0.051249218996284131 7.22e-09
17095 0.051249218996284152 4.08e-09
17096 0.051249218996284117 3.88e-09
17097 0.2340056768529937 1.58e-08
17098 0.23400567685299442 1.11e-08
17099 0.23400567685299306 1.63e-08
17100 0.051249218996284644 1.1e-08
17101 0.051249218996284075 5.98e-09
17102 0.17886733742735866 1.14e-08
17103 0.051249218996283916 3.08e-09
17104 0.051249218996283999 3.37e-09
17105 0.051249218996284027 3.4e-09
17106 0.19565212039147642 9.07e-09
17107 0.051249218996284165 4.41e-09
17108 0.051249218996284103 3.9e-09
17109 0.051249218996284013 3.2e-09
17110 0.051249218996284013 3.27e-09
17111 0.051249218996283957 2.72e-09
17112 0.051249218996284089 3.82e-09
17113 0.19565212039147614 5.18e-09
17114 0.26194870771428336 1.77e-08
17115 0.051249218996284096 3.69e-09
17116 0.051249218996284054 4.57e-09
17117 0.051249218996284179 4.32e-09
17118 0.051249218996283971 3.31e-09
17119 0.051249218996284179 4.47e-09
17120 0.051249218996284172 4.41e-09
17121 0.051249218996283957 2.72e-09
17122 0.051249218996284103 3.93e-09
17123 0.29414667819036927 2.2e-08
17124 0.051249218996284117 4.5e-09
17125 0.051249218996283978 3.82e-09
17126 0.1956521203914772 9.22e-09
17127 0.051249218996284422 8.61e-09
17128 0.05124921899628427 6.86e-09
17129 0.051249218996284089 5.6e-09
17130 0.23400567685299214 6.94e-09
17131 0.051249218996283957 4.55e-09
17132 0.17886733742735791 7.38e-09
17133 0.051249218996284346 5.1e-09
17134 0.051249218996284276 7.01e-09
17135 0.051249218996283971 6.32e-09
17136 0.051249218996284138 5.29e-09
17137 0.17886733742736033 1.09e-08
17138 0.051249218996283971 5.22e-09
17139 0.051249218996284339 5.65e-09
17140 0.051249218996284096 3.6e-09
17141 0.17886733742735816 7.31e-09
17142 0.051249218996284041 4.32e-09
17143 0.234005676852994 1.01e-08
17144 0.23400567685299195 5.3e-09
17145 0.051249218996284068 3.46e-09
17146 0.19565212039147692 7.95e-09
17147 0.051249218996284068 3.44e-09
17148 0.051249218996284408 6.35e-09
17149 0.23400567685299217 1.43e-08
17150 0.051249218996284034 6.15e-09
17151 0.19565212039147639 6.49e-09
17152 0.19565212039147706 8.63e-09
17153 0.17886733742736177 1.28e-08
17154 0.051249218996283999 3.8e-09
17155 0.05124921899628429 6.33e-09
17156 0.26194870771427847 9.42e-09
17157 0.23400567685299295 9.24e-09
17158 0.051249218996284075 4.82e-09
17159 0.051249218996283999 4.07e-09
17160 0.051249218996284193 8.25e-09
17161 0.23400567685299281 1.13e-08
17162 0.051249218996284263 5.03e-09
17163 0.051249218996284283 5.78e-09
17164 0.051249218996283992 4.77e-09
17165 0.051249218996283916 3.2e-09
17166 0.23400567685299237 1.16e-08
17167 0.051249218996284082 4.26e-09
17168 0.051249218996284096 5.84e-09
17169 0.051249218996284235 6.93e-09
17170 0.051249218996284172 6.21e-09
17171 0.051249218996284304 7.52e-09
17172 0.051249218996284165 4.8e-09
17173 0.051249218996283923 4.19e-09
17174 0.23400567685299353 9.55e-09
17175 0.051249218996284075 4.35e-09
17176 0.051249218996284249 6.83e-09
17177 0.051249218996284214 4.67e-09
17178 0.051249218996283999 9.17e-09
17179 0.051249218996284068 3.72e-09
17180 0.051249218996283943 2.88e-09
17181 0.051249218996284103 3.8e-09
17182 0.051249218996284589 7.02e-09
17183 0.26194870771427931 1.02e-08
17184 0.19565212039147678 1.91e-08
17185 0.051249218996284214 4.5e-09
17186 0.27713209377671072 1.46e-08
17187 0.051249218996284214 4.38e-09
17188 0.21223225941083626 9.68e-09
17189 0.051249218996284041 3.51e-09
17190 0.19565212039147681 1.61e-08
17191 0.051249218996284013 3.42e-09
17192 0.051249218996284013 3.95e-09
17193 0.051249218996284172 4.76e-09
17194 0.051249218996283978 3.77e-09
17195 0.05124921899628411 4.02e-09
17196 0.051249218996284041 3.44e-09
17197 0.051249218996284131 3.93e-09
17198 0.23400567685299389 2.51e-08
17199 0.23400567685299289 1.52e-08
17200 0.19565212039147767 1.89e-08
17201 0.051249218996283916 2.3e-09
17202 0.051249218996284152 6.9e-09
17203 0.051249218996284242 4.59e-09
17204 0.051249218996284505 6.73e-09
17205 0.051249218996284235 5.39e-09
17206 0.051249218996283978 3.6e-09
17207 0.23400567685299273 1.11e-08
17208 0.051249218996284082 4.1e-09
17209 0.051249218996283971 2.82e-09
17210 0.2340056768529922 7.55e-09
17211 0.051249218996284138 4.29e-09
17212 0.23400567685299309 8.07e-09
17213 0.05124921899628429 8.34e-09
17214 0.051249218996284124 3.85e-09
17215 0.051249218996283992 3.25e-09
17216 0.19565212039147689 8.63e-09
17217 0.05124921899628402 3.61e-09
17218 0.23400567685299237 7.75e-09
17219 0.23400567685299234 7.52e-09
17220 0.051249218996284075 5.91e-09
17221 0.051249218996284006 3.57e-09
17222 0.051249218996283957 2.69e-09
17223 0.051249218996284152 4.75e-09
17224 0.051249218996284179 4.24e-09
17225 0.051249218996284228 4.79e-09
17226 0.051249218996284228 4.97e-09
17227 0.051249218996284075 3.5e-09
17228 0.23400567685299237 7.55e-09
17229 0.0512492189962842 7.06e-09
17230 0.17886733742735808 6.12e-09
17231 0.23400567685299253 1.94e-08
17232 0.051249218996283985 3.09e-09
17233 0.051249218996284124 6.44e-09
17234 0.23400567685299231 7.26e-09
17235 0.051249218996284283 4.71e-09
17236 0.051249218996284415 5.49e-09
17237 0.051249218996284179 4.84e-09
17238 0.051249218996284103 3.76e-09
17239 0.051249218996283943 4.15e-09
17240 0.051249218996284165 4.24e-09
17241 0.051249218996284193 4.77e-09
17242 0.051249218996284193 1.08e-08
17243 0.051249218996284124 3.82e-09
17244 0.051249218996284047 4.76e-09
17245 0.23400567685299237 6.24e-09
17246 0.051249218996284165 4.08e-09
17247 0.051249218996284374 6.42e-09
17248 0.051249218996284103 4.05e-09
17249 0.051249218996284179 4.35e-09
17250 0.23400567685299203 9.05e-09
17251 0.051249218996284054 3.67e-09
17252 0.051249218996284096 5.04e-09
17253 0.195652120391477 8.4e-09
17254 0.195652120391477 9.61e-09
17255 0.051249218996283971 2.81e-09
17256 0.051249218996284138 4e-09
17257 0.051249218996284047 3.39e-09
17258 0.051249218996283992 3.02e-09
17259 0.051249218996283936 2.64e-09
17260 0.23400567685299251 8.41e-09
17261 0.051249218996284075 4.4e-09
17262 0.051249218996284068 9.57e-09
17263 0.051249218996283964 2.68e-09
17264 0.23400567685299242 7.82e-09
17265 0.195652120391477 1.29e-08
17266 0.051249218996284054 4.17e-09
17267 0.051249218996284186 5.41e-09
17268 0.17886733742736419 1.59e-08
17269 0.2340056768529932 9.75e-09
17270 0.05124921899628395 2.71e-09
17271 0.05124921899628411 3.82e-09
17272 0.051249218996283992 3.06e-09
17273 0.19565212039147747 1.66e-08
17274 0.19565212039147759 1.1e-08
17275 0.26767860546962857 1.68e-08
17276 0.05124921899628393 2.47e-09
17277 0.19565212039147678 1e-08
17278 0.051249218996284332 5.07e-09
17279 0.051249218996284145 6.16e-09
17280 0.2340056768529922 5.47e-09
17281 0.051249218996284117 3.92e-09
17282 0.051249218996283992 3.42e-09
17283 0.05124921899628436 6.45e-09
17284 0.27713209377671161 1.39e-08
17285 0.051249218996284332 5.17e-09
17286 0.051249218996284138 5.53e-09
17287 0.051249218996284235 6.73e-09
17288 0.051249218996283964 2.78e-09
17289 0.05124921899628402 3.47e-09
17290 0.051249218996284256 6.33e-09
17291 0.051249218996284124 4.04e-09
17292 0.051249218996284131 4.68e-09
17293 0.17886733742735972 1.2e-08
17294 0.051249218996284034 3.42e-09
17295 0.17886733742735919 1.09e-08
17296 0.21223225941083607 9.26e-09
17297 0.23400567685299237 8.34e-09
17298 0.051249218996284047 3.68e-09
17299 0.051249218996284256 5.36e-09
17300 0.23400567685299314 1.01e-08
17301 0.05124921899628436 8.98e-09
17302 0.051249218996284068 3.51e-09
17303 0.051249218996284172 4.41e-09
17304 0.23400567685299234 7.7e-09
17305 0.051249218996284207 4.66e-09
17306 0.23400567685299462 1.18e-08
17307 0.051249218996284131 3.88e-09
17308 0.051249218996283909 2.43e-09
17309 0.051249218996284117 3.88e-09
17310 0.051249218996284283 5.21e-09
17311 0.051249218996284061 3.52e-09
17312 0.051249218996284346 5.1e-09
17313 0.051249218996284256 4.6e-09
17314 0.051249218996284068 5.12e-09
17315 0.17886733742736519 1.68e-08
17316 0.051249218996284089 3.63e-09
17317 0.23400567685299292 1.98e-08
17318 0.051249218996284131 3.98e-09
17319 0.19565212039147689 1.35e-08
17320 0.19565212039147747 1.32e-08
17321 0.051249218996284304 4.96e-09
17322 0.051249218996284096 4.9e-09
17323 0.051249218996284047 3.32e-09
17324 0.051249218996284623 6.18e-09
17325 0.051249218996284311 9.78e-09
17326 0.051249218996283999 3.19e-09
17327 0.21223225941083443 8.81e-09
17328 0.19565212039147628 5.33e-09
17329 0.19565212039147731 8.65e-09
17330 0.19565212039147709 7.89e-09
17331 0.19565212039147736 1.08e-08
17332 0.051249218996284152 4.17e-09
17333 0.27713209377671144 2.21e-08
17334 0.26194870771428341 2.16e-08
17335 0.23400567685299295 1.4e-08
17336 0.051249218996284124 4.01e-09
17337 0.23400567685299178 1.13e-08
17338 0.051249218996284082 3.7e-09
17339 0.051249218996284131 5.02e-09
17340 0.051249218996284235 1.02e-08
17341 0.051249218996284138 4.16e-09
17342 0.051249218996284304 5.09e-09
17343 0.23400567685299309 9.35e-09
17344 0.051249218996284159 4.8e-09
17345 0.051249218996283985 2.84e-09
17346 0.17886733742735905 8.37e-09
17347 0.05124921899628402 3.3e-09
17348 0.17886733742736691 1.73e-08
17349 0.051249218996284047 3.84e-09
17350 0.051249218996284027 3.35e-09
17351 0.2340056768529927 7.14e-09
17352 0.051249218996284041 6.93e-09
17353 0.051249218996284145 4.06e-09
17354 0.051249218996284221 4.57e-09
17355 0.23400567685299228 8.01e-09
17356 0.051249218996284387 5.24e-09
17357 0.051249218996284006 3.2e-09
17358 0.19565212039147795 1.01e-08
17359 0.23400567685299442 1.52e-08
17360 0.051249218996284512 5.89e-09
17361 0.19565212039147717 8.23e-09
17362 0.051249218996284068 3.63e-09
17363 0.1788673374273623 1.27e-08
17364 0.051249218996284221 4.54e-09
17365 0.051249218996283985 2.99e-09
17366 0.051249218996284041 4.08e-09
17367 0.051249218996284047 3.51e-09
17368 0.051249218996284006 3.69e-09
17369 0.05124921899628402 7.95e-09
17370 0.051249218996284068 3.82e-09
17371 0.051249218996284006 3.25e-09
17372 0.051249218996284346 7.37e-09
17373 0.26194870771428147 1.21e-08
17374 0.17886733742735791 7.83e-09
17375 0.27713209377671089 1.22e-08
17376 0.23400567685299281 9.22e-09
17377 0.2340056768529932 9.32e-09
17378 0.051249218996284186 5.53e-09
17379 0.051249218996284256 7.46e-09
17380 0.23400567685299359 9e-09
17381 0.05124921899628427 5.22e-09
17382 0.19565212039147678 1.07e-08
17383 0.051249218996284041 3.3e-09
17384 0.051249218996284394 7.52e-09
17385 0.051249218996284103 4.04e-09
17386 0.051249218996284165 5.72e-09
17387 0.17886733742736002 1.01e-08
17388 0.051249218996284089 9.96e-09
17389 0.17886733742735889 1.12e-08
17390 0.051249218996284165 4.38e-09
17391 0.17886733742735864 6.52e-09
17392 0.051249218996284047 3.4e-09
17393 0.17886733742735969 8.98e-09
17394 0.051249218996284061 4.16e-09
17395 0.051249218996284013 3.16e-09
17396 0.051249218996284353 7.1e-09
17397 0.05124921899628411 4.02e-09
17398 0.051249218996284117 1.07e-08
17399 0.051249218996283999 3.63e-09
17400 0.05124921899628445 5.66e-09
17401 0.051249218996284041 3.38e-09
17402 0.051249218996284124 4.39e-09
17403 0.051249218996284006 2.99e-09
17404 0.051249218996284242 4.46e-09
17405 0.19565212039147709 8.26e-09
17406 0.051249218996284235 6.33e-09
17407 0.17886733742736127 1e-08
17408 0.19565212039147675 7.46e-09
17409 0.051249218996284082 4.68e-09
17410 0.051249218996284082 3.8e-09
17411 0.19565212039147695 7.28e-09
17412 0.051249218996283971 2.91e-09
17413 0.051249218996284089 3.69e-09
17414 0.051249218996284068 4.14e-09
17415 0.051249218996284318 8.54e-09
17416 0.05124921899628411 4.04e-09
17417 0.051249218996283971 4.12e-09
17418 0.23400567685299309 1.04e-08
17419 0.051249218996284075 3.54e-09
17420 0.051249218996283964 2.62e-09
17421 0.23400567685299331 1.21e-08
17422 0.17886733742736274 1.2e-08
17423 0.0512492189962842 5.62e-09
17424 0.051249218996284124 3.85e-09
17425 0.051249218996284006 4.4e-09
17426 0.051249218996284075 3.74e-09
17427 0.26767860546963407 1.54e-08
17428 0.051249218996283978 3.03e-09
17429 0.051249218996284006 3.42e-09
17430 0.051249218996284311 7.94e-09
17431 0.051249218996283916 4.28e-09
17432 0.051249218996284256 6.74e-09
17433 0.051249218996284193 4.6e-09
17434 0.051249218996284152 4.32e-09
17435 0.051249218996284138 6.4e-09
17436 0.051249218996284061 3.99e-09
17437 0.051249218996283992 3.08e-09
17438 0.051249218996284103 3.75e-09
17439 0.051249218996284096 4.11e-09
17440 0.051249218996284471 6.29e-09
17441 0.26194870771428058 1.15e-08
17442 0.05124921899628429 4.95e-09
17443 0.2340056768529922 1.1e-08
17444 0.17886733742735891 7.65e-09
17445 0.23400567685299298 7.62e-09
17446 0.19565212039147731 8.77e-09
17447 0.17886733742735828 9.81e-09
17448 0.051249218996284068 3.72e-09
17449 0.051249218996284089 3.67e-09
17450 0.0512492189962842 1.42e-08
17451 0.23400567685299523 1.21e-08
17452 0.051249218996284152 4.41e-09
17453 0.051249218996284075 5.01e-09
17454 0.051249218996284214 7.39e-09
17455 0.051249218996284193 5.03e-09
17456 0.051249218996284152 4.08e-09
17457 0.051249218996284068 4.22e-09
17458 0.23400567685299298 7.81e-09
17459 0.29414667819034762 2.28e-08
17460 0.051249218996284027 3.18e-09
17461 0.19565212039147639 7.07e-09
17462 0.051249218996284304 8.6e-09
17463 0.051249218996284075 4.64e-09
17464 0.051249218996284159 3.97e-09
17465 0.051249218996284263 4.63e-09
17466 0.051249218996284027 4.08e-09
17467 0.19565212039147795 1.05e-08
17468 0.1956521203914777 1.07e-08
17469 0.19565212039147831 1.8e-08
17470 0.051249218996284117 3.99e-09
17471 0.051249218996284179 5.36e-09
17472 0.051249218996284235 5.08e-09
17473 0.29414667819034329 3.6e-08
17474 0.19565212039147753 9.37e-09
17475 0.051249218996284082 3.89e-09
17476 0.051249218996284138 3.85e-09
17477 0.051249218996283992 3.04e-09
17478 0.19565212039147717 9.97e-09
17479 0.051249218996284221 6.78e-09
17480 0.051249218996284651 6.33e-09
17481 0.051249218996284082 3.6e-09
17482 0.051249218996283964 4.76e-09
17483 0.051249218996284096 3.77e-09
17484 0.051249218996284346 5.3e-09
17485 0.051249218996284325 4.98e-09
17486 0.051249218996284047 3.29e-09
17487 0.19565212039147697 9.13e-09
17488 0.051249218996284499 5.99e-09
17489 0.05124921899628411 7.43e-09
17490 0.051249218996284075 3.52e-09
17491 0.051249218996284089 3.74e-09
17492 0.23400567685299314 9.88e-09
17493 0.051249218996284131 4.32e-09
17494 0.051249218996284214 4.64e-09
17495 0.05124921899628402 3.14e-09
17496 0.051249218996284103 3.69e-09
17497 0.17886733742736222 1.49e-08
17498 0.051249218996284214 5.27e-09
17499 0.19565212039147672 6.63e-09
17500 0.23400567685299437 1.44e-08
17501 0.17886733742735855 7.14e-09
17502 0.051249218996284034 3.3e-09
17503 0.19565212039147642 1.53e-08
17504 0.17886733742735955 9.66e-09
17505 0.051249218996283985 3.52e-09
17506 0.23400567685299328 1.69e-08
17507 0.19565212039147623 5.95e-09
17508 0.051249218996284027 3.44e-09
17509 0.051249218996284041 5.8e-09
17510 0.051249218996283971 2.7e-09
17511 0.23400567685299406 1.09e-08
17512 0.051249218996284235 4.55e-09
17513 0.19565212039147681 1.13e-08
17514 0.051249218996284221 6.54e-09
17515 0.051249218996284027 3.32e-09
17516 0.051249218996284221 6.47e-09
17517 0.19565212039147661 7.58e-09
17518 0.051249218996284207 4.32e-09
17519 0.051249218996284117 3.75e-09
17520 0.051249218996284145 4.04e-09
17521 0.19565212039147742 1.46e-08
17522 0.051249218996284422 5.31e-09
17523 0.051249218996283936 3.49e-09
17524 0.19565212039147659 6.22e-09
17525 0.19565212039147692 8.11e-09
17526 0.051249218996283999 3.26e-09
17527 0.051249218996284034 3.26e-09
17528 0.051249218996284256 6.12e-09
17529 0.051249218996284152 4.32e-09
17530 0.051249218996283985 3e-09
17531 0.051249218996284117 5.48e-09
17532 0.051249218996284145 4.31e-09
17533 0.051249218996284159 4.17e-09
17534 0.051249218996284172 4.22e-09
17535 0.27713209377671083 1.86e-08
17536 0.05124921899628411 3.97e-09
17537 0.23400567685299287 2.23e-08
17538 0.051249218996284131 4.15e-09
17539 0.23400567685299301 1.08e-08
17540 0.051249218996283992 3.02e-09
17541 0.051249218996284047 8.87e-09
17542 0.051249218996284422 5.45e-09
17543 0.23400567685299214 8.74e-09
17544 0.051249218996284179 4.15e-09
17545 0.051249218996283985 3.22e-09
17546 0.05124921899628402 3.4e-09
17547 0.26194870771428019 1.51e-08
17548 0.051249218996284263 6.88e-09
17549 0.051249218996284179 4.13e-09
17550 0.051249218996284103 3.79e-09
17551 0.051249218996284082 5.26e-09
17552 0.051249218996284089 3.57e-09
17553 0.051249218996284089 5.22e-09
17554 0.17886733742735778 5.6e-09
17555 0.051249218996284242 6.29e-09
17556 0.051249218996284276 9.5e-09
17557 0.051249218996284159 4.7e-09
17558 0.23400567685299306 8.81e-09
17559 0.051249218996284041 5.9e-09
17560 0.19565212039147709 9.21e-09
17561 0.051249218996284186 4.27e-09
17562 0.051249218996284165 9.42e-09
17563 0.051249218996284068 3.75e-09
17564 0.051249218996284075 3.85e-09
17565 0.051249218996284346 5.02e-09
17566 0.051249218996284075 3.58e-09
17567 0.051249218996284103 6.97e-09
17568 0.051249218996284096 4.02e-09
17569 0.051249218996284124 3.95e-09
17570 0.19565212039147672 7.74e-09
17571 0.051249218996284145 4.87e-09
17572 0.051249218996284165 4.4e-09
17573 0.051249218996284145 4.03e-09
17574 0.051249218996284519 8.82e-09
17575 0.051249218996284339 5.22e-09
17576 0.051249218996284061 3.58e-09
17577 0.051249218996284027 3.8e-09
17578 0.051249218996284179 4.22e-09
17579 0.19565212039147803 1.06e-08
17580 0.051249218996284068 4.96e-09
17581 0.21223225941083509 8.26e-09
17582 0.051249218996284297 5.14e-09
17583 0.051249218996284089 3.9e-09
17584 0.26194870771428069 1.37e-08
17585 0.23400567685299242 7.87e-09
17586 0.051249218996284034 3.29e-09
17587 0.051249218996283936 2.4e-09
17588 0.051249218996284006 4.69e-09
17589 0.05124921899628402 3.2e-09
17590 0.23400567685299276 8.69e-09
17591 0.19565212039147731 1.67e-08
17592 0.051249218996284061 3.59e-09
17593 0.051249218996284041 4.93e-09
17594 0.051249218996284165 4.21e-09
17595 0.051249218996283867 2.7e-09
17596 0.051249218996284152 7.32e-09
17597 0.051249218996284054 4.16e-09
17598 0.051249218996283964 2.61e-09
17599 0.17886733742735861 7.25e-09
17600 0.05124921899628427 4.86e-09
17601 0.051249218996284075 4.4e-09
17602 0.051249218996284047 8.41e-09
17603 0.19565212039147792 1.61e-08
17604 0.23400567685299561 2.32e-08
17605 0.051249218996284054 3.88e-09
17606 0.051249218996283957 2.92e-09
17607 0.1788673374273608 1.45e-08
17608 0.051249218996284047 8.88e-09
17609 0.051249218996284276 4.71e-09
17610 0.05124921899628402 3.52e-09
17611 0.051249218996284138 3.85e-09
17612 0.19565212039147764 9.63e-09
17613 0.051249218996284082 3.73e-09
17614 0.23400567685299217 7.23e-09
17615 0.051249218996284193 4.62e-09
17616 0.051249218996284061 3.87e-09
17617 0.051249218996284054 3.72e-09
17618 0.051249218996284138 4.63e-09
17619 0.051249218996283978 3.09e-09
17620 0.051249218996284207 4.53e-09
17621 0.23400567685299231 7.81e-09
17622 0.05124921899628427 7.24e-09
17623 0.051249218996284034 3.42e-09
17624 0.051249218996283992 3.08e-09
17625 0.2941466781903076 1.95e-08
17626 0.19565212039147839 2.34e-08
17627 0.23400567685299201 6.37e-09
17628 0.051249218996283964 3.1e-09
17629 0.051249218996284464 7.05e-09
17630 0.05124921899628402 7.1e-09
17631 0.05124921899628395 3.14e-09
17632 0.051249218996284096 8.75e-09
17633 0.051249218996284256 4.53e-09
17634 0.23400567685299214 6.7e-09
17635 0.17886733742736027 9.75e-09
17636 0.051249218996284068 4.06e-09
17637 0.051249218996284013 6.56e-09
17638 0.051249218996284061 5.77e-09
17639 0.051249218996284221 5.25e-09
17640 0.051249218996283992 3.37e-09
17641 0.051249218996284332 7.25e-09
17642 0.051249218996284103 3.76e-09
17643 0.23400567685299206 8.36e-09
17644 0.051249218996284152 4.08e-09
17645 0.051249218996284353 5.14e-09
17646 0.051249218996284145 4.42e-09
17647 0.051249218996284089 3.89e-09
17648 0.05124921899628429 4.75e-09
17649 0.051249218996284159 4.53e-09
17650 0.051249218996284075 3.57e-09
17651 0.051249218996284054 7.05e-09
17652 0.051249218996284165 4.81e-09
17653 0.19565212039147672 6.97e-09
17654 0.05124921899628402 3.52e-09
17655 0.051249218996284047 5.98e-09
17656 0.19565212039147653 6.99e-09
17657 0.051249218996284408 5.56e-09
17658 0.051249218996284242 6e-09
17659 0.17886733742735958 9.51e-09
17660 0.051249218996283936 4.57e-09
17661 0.051249218996284047 3.85e-09
17662 0.051249218996284013 3.54e-09
17663 0.051249218996284047 4.29e-09
17664 0.051249218996284075 6.16e-09
17665 0.051249218996284165 4.06e-09
17666 0.17886733742735844 6.74e-09
17667 0.1956521203914767 6.85e-09
17668 0.051249218996284006 3.09e-09
17669 0.19565212039147825 1.24e-08
17670 0.23400567685299373 1e-08
17671 0.05124921899628411 4.04e-09
17672 0.051249218996284381 5.76e-09
17673 0.1788673374273593 9.71e-09
17674 0.051249218996284179 4.27e-09
17675 0.051249218996284165 5.17e-09
17676 0.051249218996284034 3.49e-09
17677 0.23400567685299323 9.38e-09
17678 0.051249218996284165 4.43e-09
17679 0.051249218996284172 6.8e-09
17680 0.19565212039147661 6.4e-09
17681 0.17886733742735927 1.3e-08
17682 0.29414667819038132 2.62e-08
17683 0.051249218996284006 6.62e-09
17684 0.23400567685299761 2.42e-08
17685 0.051249218996283985 3.01e-09
17686 0.051249218996283992 2.9e-09
17687 0.195652120391478 1.04e-08
17688 0.27713209377670894 5.65e-09
17689 0.051249218996284041 3.64e-09
17690 0.051249218996283909 2.17e-09
17691 0.051249218996284089 3.7e-09
17692 0.051249218996284221 1.18e-08
17693 0.19565212039148028 1.56e-08
17694 0.23400567685299259 1.11e-08
17695 0.23400567685299323 1.42e-08
17696 0.051249218996284061 3.58e-09
17697 0.051249218996284228 4.82e-09
17698 0.051249218996284318 6.33e-09
17699 0.051249218996284242 6.67e-09
17700 0.051249218996284193 4.3e-09
17701 0.23400567685299217 7.2e-09
17702 0.23400567685299201 6.12e-09
17703 0.051249218996284193 6.25e-09
17704 0.051249218996284054 3.56e-09
17705 0.051249218996284027 3.53e-09
17706 0.051249218996284089 3.93e-09
17707 0.23400567685299206 6.84e-09
17708 0.19565212039147642 7.73e-09
17709 0.051249218996284221 7.73e-09
17710 0.051249218996284505 6.23e-09
17711 0.051249218996284318 6.23e-09
17712 0.051249218996284228 5.98e-09
17713 0.051249218996283916 2.31e-09
17714 0.051249218996283923 2.53e-09
17715 0.051249218996284082 3.61e-09
17716 0.26194870771427842 9.14e-09
17717 0.27713209377670883 4.48e-09
17718 0.27713209377670922 1.79e-08
17719 0.051249218996284221 4.77e-09
17720 0.26194870771428064 1.14e-08
17721 0.051249218996284013 3.35e-09
17722 0.26194870771427986 1.05e-08
17723 0.051249218996284027 8.11e-09
17724 0.19565212039147697 7.74e-09
17725 0.051249218996284138 3.97e-09
17726 0.1788673374273588 1.14e-08
17727 0.051249218996284096 6.94e-09
17728 0.051249218996283971 2.94e-09
17729 0.051249218996284027 3.26e-09
17730 0.051249218996283916 2.23e-09
17731 0.051249218996284096 3.72e-09
17732 0.051249218996284124 3.87e-09
17733 0.051249218996284228 4.95e-09
17734 0.051249218996284325 5.29e-09
17735 0.19565212039147656 2.33e-08
17736 0.051249218996284207 5.79e-09
17737 0.19565212039147753 9.02e-09
17738 0.051249218996284159 4.08e-09
17739 0.051249218996284013 3.03e-09
17740 0.051249218996284027 3.2e-09
17741 0.051249218996284068 6.21e-09
17742 0.051249218996284172 5.57e-09
17743 0.051249218996284124 3.86e-09
17744 0.051249218996284068 3.64e-09
17745 0.0512492189962842 4.45e-09
17746 0.051249218996284006 4.6e-09
17747 0.051249218996284013 3.12e-09
17748 0.051249218996283846 1.27e-09
17749 0.051249218996283992 2.98e-09
17750 0.27713209377670889 6.05e-09
17751 0.051249218996284165 7.36e-09
17752 0.051249218996284124 3.99e-09
17753 0.051249218996283881 4.98e-09
17754 0.2676786054696248 1.17e-08
17755 0.051249218996284041 6.33e-09
17756 0.19565212039147678 7.55e-09
17757 0.05124921899628427 4.75e-09
17758 0.17886733742735866 1.22e-08
17759 0.051249218996283846 3.12e-09
17760 0.05124921899628402 3.22e-09
17761 0.1956521203914772 9.34e-09
17762 0.19565212039147692 7.5e-09
17763 0.051249218996283964 2.83e-09
17764 0.051249218996284145 4.46e-09
17765 0.051249218996284159 4.02e-09
17766 0.05124921899628411 4.12e-09
17767 0.051249218996284041 3.86e-09
17768 0.051249218996283971 3.14e-09
17769 0.17886733742736172 1.62e-08
17770 0.05124921899628395 2.77e-09
17771 0.051249218996284152 4.61e-09
17772 0.051249218996284047 3.53e-09
17773 0.051249218996284047 7.49e-09
17774 0.051249218996284228 4.74e-09
17775 0.051249218996284075 1.21e-08
17776 0.051249218996284096 4.63e-09
17777 0.051249218996284214 8.58e-09
17778 0.23400567685299339 9.45e-09
17779 0.051249218996284082 5.34e-09
17780 0.19565212039147661 6.58e-09
17781 0.051249218996284228 4.63e-09
17782 0.23400567685299345 9.36e-09
17783 0.051249218996284297 6.47e-09
17784 0.195652120391477 7.63e-09
17785 0.051249218996284013 6.53e-09
17786 0.23400567685299459 1.09e-08
17787 0.051249218996284297 5.04e-09
17788 0.051249218996284103 3.93e-09
17789 0.051249218996284138 5.57e-09
17790 0.051249218996284124 3.86e-09
17791 0.051249218996283957 2.62e-09
17792 0.051249218996284075 1.01e-08
17793 0.051249218996283957 2.79e-09
17794 0.23400567685299328 1.1e-08
17795 0.195652120391477 7.76e-09
17796 0.051249218996284103 4.59e-09
17797 0.23400567685299598 1.46e-08
17798 0.27713209377670966 1.48e-08
17799 0.23400567685299214 6.88e-09
17800 0.19565212039147686 7.57e-09
17801 0.19565212039147833 1.26e-08
17802 0.051249218996284006 3.08e-09
17803 0.23400567685299375 9.53e-09
17804 0.051249218996284283 6.89e-09
17805 0.29414667819032908 2.11e-08
17806 0.051249218996284082 5.98e-09
17807 0.23400567685299223 6.13e-09
17808 0.051249218996284096 3.93e-09
17809 0.05124921899628395 5.19e-09
17810 0.19565212039147678 1.13e-08
17811 0.051249218996284068 3.58e-09
17812 0.051249218996284103 4.23e-09
17813 0.05124921899628395 2.87e-09
17814 0.051249218996284061 3.54e-09
17815 0.23400567685299214 6.7e-09
17816 0.051249218996283964 2.8e-09
17817 0.1956521203914767 6.67e-09
17818 0.051249218996284485 5.6e-09
17819 0.051249218996284047 3.63e-09
17820 0.051249218996284061 3.31e-09
17821 0.051249218996283916 4.73e-09
17822 0.051249218996284006 2.99e-09
17823 0.051249218996284276 4.71e-09
17824 0.05124921899628427 4.67e-09
17825 0.1956521203914765 1.23e-08
17826 0.17886733742736721 1.76e-08
17827 0.051249218996284228 5.13e-09
17828 0.051249218996284013 5.04e-09
17829 0.051249218996284082 3.94e-09
17830 0.2340056768529922 8.72e-09
17831 0.21223225941085463 2.36e-08
17832 0.19565212039147692 2.15e-08
17833 0.23400567685299281 7.26e-09
17834 0.051249218996284096 3.65e-09
17835 0.051249218996284235 6.09e-09
17836 0.051249218996284297 6.36e-09
17837 0.05124921899628427 4.95e-09
17838 0.051249218996283985 3.11e-09
17839 0.051249218996284159 5.48e-09
17840 0.051249218996284193 4.7e-09
17841 0.051249218996284013 3.33e-09
17842 0.051249218996284041 5.69e-09
17843 0.051249218996284263 5.92e-09
17844 0.19565212039147725 1.28e-08
17845 0.051249218996284061 4.03e-09
17846 0.051249218996283936 2.55e-09
17847 0.19565212039147784 1.01e-08
17848 0.051249218996284082 4.19e-09
17849 0.051249218996283936 3.5e-09
17850 0.051249218996283985 2.86e-09
17851 0.051249218996284006 3.05e-09
17852 0.051249218996284186 4.21e-09
17853 0.051249218996284214 4.65e-09
17854 0.19565212039147725 8.98e-09
17855 0.051249218996284047 3.59e-09
17856 0.051249218996284075 9.88e-09
17857 0.051249218996284075 3.92e-09
17858 0.17886733742736427 1.58e-08
17859 0.23400567685299173 3.61e-09
17860 0.051249218996284207 6.47e-09
17861 0.051249218996284034 3.37e-09
17862 0.051249218996283909 2.58e-09
17863 0.23400567685299381 2.1e-08
17864 0.05124921899628402 4.64e-09
17865 0.051249218996284041 5.61e-09
17866 0.051249218996284283 5.73e-09
17867 0.051249218996284054 4.92e-09
17868 0.051249218996284325 5.36e-09
17869 0.051249218996283999 3.44e-09
17870 0.05124921899628427 5.43e-09
17871 0.23400567685299276 1.02e-08
17872 0.051249218996284207 5.64e-09
17873 0.17886733742735964 9.57e-09
17874 0.051249218996283902 2.31e-09
17875 0.051249218996283978 2.87e-09
17876 0.051249218996283999 4.16e-09
17877 0.051249218996284075 3.9e-09
17878 0.178867337427361 1.26e-08
17879 0.051249218996284075 4.13e-09
17880 0.051249218996284054 5.07e-09
17881 0.23400567685299192 7.05e-09
17882 0.051249218996284103 4.13e-09
17883 0.051249218996284221 5.4e-09
17884 0.051249218996284145 3.99e-09
17885 0.05124921899628427 5.35e-09
17886 0.051249218996284006 3.61e-09
17887 0.051249218996284124 3.94e-09
17888 0.051249218996284249 4.8e-09
17889 0.051249218996284214 4.65e-09
17890 0.051249218996284179 5.43e-09
17891 0.051249218996284075 3.61e-09
17892 0.19565212039147661 6.19e-09
17893 0.1956521203914767 6.42e-09
17894 0.051249218996284089 3.93e-09
17895 0.051249218996284027 3.22e-09
17896 0.19565212039147717 1.38e-08
17897 0.051249218996284263 6.02e-09
17898 0.051249218996284054 3.53e-09
17899 0.051249218996284186 5.72e-09
17900 0.05124921899628411 3.84e-09
17901 0.23400567685299287 8.02e-09
17902 0.17886733742735927 1.04e-08
17903 0.051249218996284034 3.19e-09
17904 0.0512492189962842 7.44e-09
17905 0.19565212039147645 6.48e-09
17906 0.234005676852994 1.01e-08
17907 0.051249218996283957 2.74e-09
17908 0.051249218996284145 4.15e-09
17909 0.051249218996284096 3.97e-09
17910 0.051249218996284054 3.42e-09
17911 0.27713209377671072 1.63e-08
17912 0.051249218996283902 2.49e-09
17913 0.051249218996283895 2.53e-09
17914 0.051249218996284186 4.25e-09
17915 0.051249218996284103 4.01e-09
17916 0.051249218996284401 5.57e-09
17917 0.051249218996284117 3.8e-09
17918 0.26194870771428569 2.27e-08
17919 0.051249218996284034 4.8e-09
17920 0.051249218996284068 3.56e-09
17921 0.051249218996284013 3.11e-09
17922 0.051249218996284068 8.16e-09
17923 0.23400567685299439 1.14e-08
17924 0.05124921899628402 3.71e-09
17925 0.2340056768529935 9.44e-09
17926 0.23400567685299334 1.85e-08
17927 0.051249218996284228 4.44e-09
17928 0.23400567685299234 6.58e-09
17929 0.051249218996284311 5.55e-09
17930 0.051249218996284006 4.87e-09
17931 0.23400567685299223 7.21e-09
17932 0.051249218996284117 4.36e-09
17933 0.051249218996284034 4.11e-09
17934 0.23400567685299273 1.21e-08
17935 0.23400567685299239 7.86e-09
17936 0.23400567685299239 7.88e-09
17937 0.051249218996284145 4.45e-09
17938 0.05124921899628411 3.74e-09
17939 0.051249218996284096 3.65e-09
17940 0.19565212039147656 1.2e-08
17941 0.051249218996284096 3.95e-09
17942 0.17886733742735889 8.17e-09
17943 0.051249218996284332 6.16e-09
17944 0.23400567685299284 1.02e-08
17945 0.05124921899628411 7.77e-09
17946 0.19565212039147709 1.03e-08
17947 0.26767860546962374 1.12e-08
17948 0.23400567685299359 1.21e-08
17949 0.051249218996284256 8.26e-09
17950 0.19565212039147695 8.41e-09
17951 0.29414667819041063 1.98e-08
17952 0.051249218996284519 9.58e-09
17953 0.051249218996284006 3.16e-09
17954 0.051249218996284124 3.83e-09
17955 0.23400567685299478 1.17e-08
17956 0.051249218996284027 4.17e-09
17957 0.051249218996283895 1.99e-09
17958 0.051249218996284103 5.06e-09
17959 0.051249218996284131 4.23e-09
17960 0.19565212039147714 8.23e-09
17961 0.051249218996283992 4.98e-09
17962 0.17886733742736391 1.3e-08
17963 0.051249218996284304 5.67e-09
17964 0.051249218996284471 5.6e-09
17965 0.051249218996284374 6.03e-09
17966 0.051249218996284013 3.76e-09
17967 0.051249218996283985 3.63e-09
17968 0.19565212039147756 9.53e-09
17969 0.23400567685299364 1.21e-08
17970 0.29414667819046936 2.24e-08
17971 0.051249218996283916 2.12e-09
17972 0.21223225941083401 6.52e-09
17973 0.23400567685299242 8.07e-09
17974 0.051249218996284013 3.3e-09
17975 0.051249218996284061 5.25e-09
17976 0.051249218996284075 4.93e-09
17977 0.17886733742735877 7.81e-09
17978 0.051249218996283957 2.8e-09
17979 0.1788673374273593 8.78e-09
17980 0.051249218996284006 6.64e-09
17981 0.051249218996284263 5.17e-09
17982 0.23400567685299395 1.22e-08
17983 0.19565212039147634 5.99e-09
17984 0.051249218996284214 4.3e-09
17985 0.051249218996283923 2.73e-09
17986 0.051249218996284047 4.14e-09
17987 0.23400567685299375 9.51e-09
17988 0.27713209377670944 9.82e-09
17989 0.05124921899628411 3.85e-09
17990 0.051249218996284034 3.61e-09
17991 0.051249218996284103 3.81e-09
17992 0.051249218996284075 3.55e-09
17993 0.23400567685299287 8.75e-09
17994 0.051249218996284061 4.47e-09
17995 0.051249218996284179 4.53e-09
17996 0.051249218996284193 6.72e-09
17997 0.051249218996284027 3.59e-09
17998 0.051249218996283978 7.39e-09
17999 0.051249218996284186 6.2e-09
18000 0.23400567685299362 9.19e-09
18001 0.051249218996284034 3.45e-09
18002 0.17886733742736566 1.46e-08
18003 0.051249218996284346 7.33e-09
18004 0.19565212039147678 9.5e-09
18005 0.17886733742736624 1.71e-08
18006 0.051249218996284165 4.36e-09
18007 0.051249218996284124 4.85e-09
18008 0.051249218996284242 4.71e-09
18009 0.051249218996284145 4.78e-09
18010 0.051249218996284505 6.58e-09
18011 0.051249218996284131 6.17e-09
18012 0.051249218996284075 4.13e-09
18013 0.23400567685299278 7.2e-09
18014 0.27713209377670978 1.09e-08
18015 0.23400567685299359 1.19e-08
18016 0.051249218996284138 6.49e-09
18017 0.1788673374273636 2.12e-08
18018 0.051249218996284124 3.96e-09
18019 0.051249218996284492 6.22e-09
18020 0.23400567685299525 1.41e-08
18021 0.051249218996284103 4.18e-09
18022 0.23400567685299184 1.87e-08
18023 0.051249218996284047 3.67e-09
18024 0.051249218996284159 4.2e-09
18025 0.051249218996284165 4.12e-09
18026 0.19565212039147853 1.21e-08
18027 0.17886733742736366 1.36e-08
18028 0.051249218996284061 4.02e-09
18029 0.051249218996284159 4.69e-09
18030 0.051249218996284145 4.3e-09
18031 0.05124921899628393 7.99e-09
18032 0.19565212039147675 7.65e-09
18033 0.17886733742736513 1.57e-08
18034 0.051249218996284165 6.04e-09
18035 0.051249218996284256 4.54e-09
18036 0.27713209377671122 1.85e-08
18037 0.0512492189962842 6.21e-09
18038 0.051249218996284596 6.14e-09
18039 0.19565212039147678 6.96e-09
18040 0.051249218996284124 3.91e-09
18041 0.051249218996284492 1.01e-08
18042 0.051249218996284186 6.35e-09
18043 0.051249218996284089 4.39e-09
18044 0.051249218996284499 6.79e-09
18045 0.051249218996284443 5.56e-09
18046 0.051249218996283923 2.51e-09
18047 0.051249218996284207 4.77e-09
18048 0.05124921899628427 6.53e-09
18049 0.051249218996284047 3.42e-09
18050 0.051249218996284061 3.54e-09
18051 0.051249218996284075 3.59e-09
18052 0.051249218996283985 3.06e-09
18053 0.051249218996283943 2.48e-09
18054 0.051249218996284089 3.58e-09
18055 0.051249218996284054 3.49e-09
18056 0.051249218996284075 4.96e-09
18057 0.17886733742736391 1.44e-08
18058 0.051249218996284027 4.35e-09
18059 0.051249218996284283 5.1e-09
18060 0.05124921899628427 8.57e-09
18061 0.051249218996284318 1.11e-08
18062 0.051249218996284165 4.76e-09
18063 0.051249218996284276 1.07e-08
18064 0.051249218996284138 7.16e-09
18065 0.39096607427582059 1.6e-08
18066 0.051249218996284138 4.47e-09
18067 0.19565212039147703 1.14e-08
18068 0.23400567685299623 1.37e-08
18069 0.23400567685299445 1.07e-08
18070 0.051249218996284096 3.66e-09
18071 0.05124921899628395 4.66e-09
18072 0.051249218996284068 5.78e-09
18073 0.051249218996284082 8.52e-09
18074 0.051249218996284131 4.03e-09
18075 0.051249218996284339 4.97e-09
18076 0.23400567685299281 9.15e-09
18077 0.05124921899628445 5.9e-09
18078 0.051249218996283971 5.47e-09
18079 0.051249218996284117 3.8e-09
18080 0.051249218996284103 4.47e-09
18081 0.19565212039147784 1.15e-08
18082 0.051249218996284152 4.07e-09
18083 0.051249218996284041 3.38e-09
18084 0.23400567685299356 1.09e-08
18085 0.051249218996284027 3.27e-09
18086 0.19565212039147706 1.63e-08
18087 0.051249218996284068 3.67e-09
18088 0.23400567685299245 8.34e-09
18089 0.051249218996284249 4.5e-09
18090 0.23400567685299412 1.19e-08
18091 0.051249218996284186 4.47e-09
18092 0.051249218996284054 4.44e-09
18093 0.05124921899628402 3.09e-09
18094 0.051249218996284047 3.46e-09
18095 0.051249218996284152 4.09e-09
18096 0.051249218996283916 7.1e-09
18097 0.051249218996284325 5.08e-09
18098 0.19565212039147781 1.57e-08
18099 0.051249218996284075 5.17e-09
18100 0.051249218996284027 3.58e-09
18101 0.2340056768529932 8.17e-09
18102 0.051249218996284075 3.94e-09
18103 0.19565212039147767 9.71e-09
18104 0.051249218996284186 4.43e-09
18105 0.05124921899628402 3.59e-09
18106 0.051249218996284512 6.38e-09
18107 0.051249218996284582 6.15e-09
18108 0.26194870771428252 1.28e-08
18109 0.051249218996284068 3.63e-09
18110 0.051249218996284325 5.11e-09
18111 0.051249218996284408 1.17e-08
18112 0.051249218996284304 6.85e-09
18113 0.051249218996283936 2.5e-09
18114 0.051249218996284304 4.82e-09
18115 0.051249218996284082 3.75e-09
18116 0.26767860546962491 1.64e-08
18117 0.051249218996284152 6.77e-09
18118 0.19565212039147639 6.1e-09
18119 0.051249218996283957 3.49e-09
18120 0.051249218996283867 1.63e-09
18121 0.051249218996284207 6.35e-09
18122 0.17886733742736072 9.37e-09
18123 0.23400567685299362 9e-09
18124 0.27713209377670867 6.41e-09
18125 0.19565212039147717 8.16e-09
18126 0.19565212039147775 1.19e-08
18127 0.19565212039147761 1.39e-08
18128 0.051249218996284242 4.57e-09
18129 0.19565212039147756 1.14e-08
18130 0.2340056768529919 5.84e-09
18131 0.05124921899628393 2.35e-09
18132 0.051249218996284068 3.54e-09
18133 0.051249218996284082 9.64e-09
18134 0.23400567685299434 1.12e-08
18135 0.051249218996284103 3.76e-09
18136 0.051249218996284221 5.02e-09
18137 0.051249218996284256 5.57e-09
18138 0.051249218996284186 4.32e-09
18139 0.05124921899628411 7.34e-09
18140 0.05124921899628393 2.96e-09
18141 0.051249218996284124 3.83e-09
18142 0.051249218996284054 5.76e-09
18143 0.23400567685299309 9.81e-09
18144 0.051249218996284047 4.86e-09
18145 0.051249218996284061 5.01e-09
18146 0.051249218996284047 3.37e-09
18147 0.051249218996284047 3.75e-09
18148 0.051249218996284082 3.74e-09
18149 0.26767860546962785 1.88e-08
18150 0.051249218996284103 4.12e-09
18151 0.051249218996284436 5.41e-09
18152 0.051249218996284124 4.97e-09
18153 0.051249218996284145 4.09e-09
18154 0.051249218996284047 3.37e-09
18155 0.051249218996284068 3.43e-09
18156 0.051249218996284193 6.02e-09
18157 0.051249218996284325 5.23e-09
18158 0.051249218996284374 7.32e-09
18159 0.19565212039147672 1.09e-08
18160 0.051249218996284096 4.54e-09
18161 0.051249218996284138 5.92e-09
18162 0.23400567685299403 9.85e-09
18163 0.19565212039147697 7.72e-09
18164 0.0512492189962842 4.7e-09
18165 0.051249218996283971 5.67e-09
18166 0.051249218996284047 3.37e-09
18167 0.19565212039147747 9.32e-09
18168 0.051249218996284013 3.2e-09
18169 0.051249218996283909 2.9e-09
18170 0.1956521203914765 7.07e-09
18171 0.23400567685299262 1.62e-08
18172 0.34159213938512067 1.87e-08
18173 0.051249218996284193 5.3e-09
18174 0.23400567685299362 9.33e-09
18175 0.051249218996284186 5.79e-09
18176 0.051249218996284159 4.11e-09
18177 0.051249218996284117 3.78e-09
18178 0.051249218996284082 3.8e-09
18179 0.051249218996284047 3.48e-09
18180 0.05124921899628402 5.15e-09
18181 0.051249218996284117 4.7e-09
18182 0.051249218996284221 5.15e-09
18183 0.051249218996283964 2.91e-09
18184 0.051249218996284159 5.54e-09
18185 0.051249218996284089 4.52e-09
18186 0.051249218996284089 5.79e-09
18187 0.051249218996284131 6.51e-09
18188 0.05124921899628411 4.03e-09
18189 0.051249218996284179 6.02e-09
18190 0.051249218996283957 2.63e-09
18191 0.051249218996284214 5.99e-09
18192 0.051249218996284193 7.3e-09
18193 0.051249218996284054 5.41e-09
18194 0.051249218996284193 5.32e-09
18195 0.051249218996284346 5.07e-09
18196 0.051249218996284193 4.38e-09
18197 0.051249218996284159 4.28e-09
18198 0.051249218996284145 3.93e-09
18199 0.051249218996284075 3.68e-09
18200 0.19565212039147664 7.12e-09
18201 0.051249218996284096 3.64e-09
18202 0.2340056768529942 1.1e-08
18203 0.051249218996284249 4.98e-09
18204 0.05124921899628402 6.74e-09
18205 0.051249218996284068 3.87e-09
18206 0.051249218996284221 8.64e-09
18207 0.17886733742736083 1.09e-08
18208 0.051249218996284165 4.42e-09
18209 0.05124921899628411 3.89e-09
18210 0.21223225941084015 2.76e-08
18211 0.19565212039147697 1.13e-08
18212 0.051249218996284492 6.26e-09
18213 0.27713209377671016 1.5e-08
18214 0.051249218996284207 5.86e-09
18215 0.051249218996284145 4.18e-09
18216 0.051249218996284165 4.1e-09
18217 0.051249218996284443 5.45e-09
18218 0.23400567685299353 9.06e-09
18219 0.051249218996284082 4.51e-09
18220 0.05124921899628411 3.84e-09
18221 0.23400567685299276 9.52e-09
18222 0.19565212039147714 8.12e-09
18223 0.26194870771428064 1.81e-08
18224 0.29414667819030377 2.13e-08
18225 0.051249218996284089 9.03e-09
18226 0.051249218996283999 9.27e-09
18227 0.05124921899628454 6.7e-09
18228 0.26194870771427992 1.09e-08
18229 0.051249218996284131 3.83e-09
18230 0.051249218996283943 2.71e-09
18231 0.19565212039147803 1.07e-08
18232 0.051249218996284179 4.42e-09
18233 0.051249218996284179 4.41e-09
18234 0.051249218996284027 5.42e-09
18235 0.051249218996284006 3.45e-09
18236 0.051249218996284401 9.44e-09
18237 0.051249218996284047 3.67e-09
18238 0.051249218996284075 3.87e-09
18239 0.051249218996284429 5.84e-09
18240 0.19565212039147759 9.8e-09
18241 0.051249218996284186 4.86e-09
18242 0.051249218996283978 5.05e-09
18243 0.051249218996284138 3.92e-09
18244 0.19565212039147689 8.97e-09
18245 0.23400567685299237 1.01e-08
18246 0.051249218996284249 5.61e-09
18247 0.051249218996284165 4.21e-09
18248 0.23400567685299284 1.49e-08
18249 0.051249218996284276 4.71e-09
18250 0.051249218996284304 4.86e-09
18251 0.051249218996284159 4.76e-09
18252 0.17886733742735844 7.58e-09
18253 0.051249218996283964 2.71e-09
18254 0.051249218996283992 5.11e-09
18255 0.17886733742736613 1.65e-08
18256 0.051249218996284207 5.45e-09
18257 0.051249218996284041 4.14e-09
18258 0.1956521203914762 3.96e-09
18259 0.051249218996283985 3.7e-09
18260 0.051249218996284061 4.03e-09
18261 0.051249218996284186 6.64e-09
18262 0.23400567685299364 1.22e-08
18263 0.051249218996284374 6.56e-09
18264 0.19565212039147761 1.21e-08
18265 0.051249218996284117 3.87e-09
18266 0.051249218996283971 2.93e-09
18267 0.051249218996284367 6.73e-09
18268 0.051249218996283999 3e-09
18269 0.051249218996284027 4.77e-09
18270 0.051249218996283985 3e-09
18271 0.051249218996284394 6.25e-09
18272 0.17886733742736394 1.76e-08
18273 0.051249218996283992 3.03e-09
18274 0.051249218996284152 4.04e-09
18275 0.051249218996283936 6.27e-09
18276 0.051249218996284124 6.67e-09
18277 0.051249218996284186 4.33e-09
18278 0.26767860546963246 1.24e-08
18279 0.051249218996284096 3.97e-09
18280 0.26194870771428386 2.02e-08
18281 0.051249218996284027 3.85e-09
18282 0.051249218996284096 3.59e-09
18283 0.2771320937767125 2.15e-08
18284 0.051249218996284401 1.12e-08
18285 0.051249218996284152 4.07e-09
18286 0.051249218996284179 5.07e-09
18287 0.051249218996283964 3.03e-09
18288 0.051249218996284304 5.07e-09
18289 0.051249218996284152 4.29e-09
18290 0.051249218996283964 6.34e-09
18291 0.051249218996284179 4.88e-09
18292 0.051249218996284013 3.26e-09
18293 0.051249218996284054 6.79e-09
18294 0.051249218996284082 3.76e-09
18295 0.23400567685299362 9.38e-09
18296 0.051249218996284013 6.91e-09
18297 0.23400567685299253 1.15e-08
18298 0.23400567685299301 9.89e-09
18299 0.051249218996284061 3.49e-09
18300 0.19565212039147806 1.09e-08
18301 0.051249218996284096 3.75e-09
18302 0.051249218996284047 3.4e-09
18303 0.051249218996284082 4.87e-09
18304 0.051249218996284041 3.21e-09
18305 0.051249218996284165 5.36e-09
18306 0.051249218996284131 4.87e-09
18307 0.05124921899628386 1.61e-09
18308 0.23400567685299339 8.69e-09
18309 0.051249218996284228 5.49e-09
18310 0.23400567685299328 1.43e-08
18311 0.051249218996283999 3.04e-09
18312 0.051249218996284145 3.92e-09
18313 0.051249218996284165 4.28e-09
18314 0.23400567685299281 1.32e-08
18315 0.23400567685299342 9.67e-09
18316 0.23400567685299223 6.27e-09
18317 0.23400567685299292 7.35e-09
18318 0.051249218996283957 2.85e-09
18319 0.051249218996284152 4.59e-09
18320 0.051249218996284332 5.23e-09
18321 0.051249218996284533 5.97e-09
18322 0.051249218996284103 6.87e-09
18323 0.051249218996283999 2.98e-09
18324 0.17886733742735794 5.4e-09
18325 0.051249218996284006 3.28e-09
18326 0.17886733742736102 1.31e-08
18327 0.051249218996284138 4.01e-09
18328 0.051249218996284061 4.07e-09
18329 0.051249218996284186 5.1e-09
18330 0.051249218996284034 3.63e-09
18331 0.051249218996284103 4.28e-09
18332 0.051249218996284387 5.58e-09
18333 0.05124921899628393 3.72e-09
18334 0.051249218996284041 5.87e-09
18335 0.051249218996284249 5.33e-09
18336 0.051249218996283985 2.9e-09
18337 0.2340056768529922 1.18e-08
18338 0.19565212039147661 8.59e-09
18339 0.051249218996284172 7.1e-09
18340 0.05124921899628411 4.02e-09
18341 0.051249218996284152 4.75e-09
18342 0.23400567685299281 7.29e-09
18343 0.051249218996284492 6.06e-09
18344 0.27713209377670961 2.06e-08
18345 0.051249218996284138 4.48e-09
18346 0.051249218996284276 8.41e-09
18347 0.051249218996284152 4.01e-09
18348 0.051249218996284089 4.26e-09
18349 0.051249218996283999 3.24e-09
18350 0.051249218996284117 3.85e-09
18351 0.19565212039147734 8.89e-09
18352 0.051249218996284047 4.72e-09
18353 0.051249218996283943 4.25e-09
18354 0.051249218996284041 3.33e-09
18355 0.17886733742735786 7.44e-09
18356 0.19565212039147764 1.05e-08
18357 0.23400567685299234 7.49e-09
18358 0.051249218996283957 2.58e-09
18359 0.19565212039147656 8.41e-09
18360 0.051249218996284283 4.78e-09
18361 0.051249218996283943 4.04e-09
18362 0.19565212039147786 1.09e-08
18363 0.051249218996284089 4.22e-09
18364 0.19565212039147695 7.59e-09
18365 0.051249218996284145 7.04e-09
18366 0.051249218996284152 4.24e-09
18367 0.051249218996283957 2.74e-09
18368 0.051249218996283957 2.6e-09
18369 0.051249218996284242 4.81e-09
18370 0.051249218996284075 3.75e-09
18371 0.051249218996284499 7.62e-09
18372 0.23400567685299212 6.62e-09
18373 0.051249218996284346 5.56e-09
18374 0.23400567685299273 9.5e-09
18375 0.051249218996283985 3e-09
18376 0.19565212039147689 7.46e-09
18377 0.19565212039147672 7.08e-09
18378 0.051249218996284186 4.28e-09
18379 0.23400567685299276 8.03e-09
18380 0.19565212039147667 8.13e-09
18381 0.051249218996284193 4.28e-09
18382 0.19565212039148075 1.74e-08
18383 0.051249218996283978 2.91e-09
18384 0.051249218996284103 6.06e-09
18385 0.19565212039147745 9.06e-09
18386 0.051249218996283902 3.73e-09
18387 0.23400567685299253 1.18e-08
18388 0.051249218996284061 3.96e-09
18389 0.051249218996284034 4.51e-09
18390 0.17886733742736105 1.56e-08
18391 0.29414667819030182 1.43e-08
18392 0.051249218996284013 5.33e-09
18393 0.051249218996284124 5.23e-09
18394 0.051249218996284179 4.41e-09
18395 0.051249218996284068 3.43e-09
18396 0.051249218996284159 4.37e-09
18397 0.051249218996283985 2.83e-09
18398 0.23400567685299223 7.2e-09
18399 0.051249218996284145 4.1e-09
18400 0.051249218996284096 4.11e-09
18401 0.23400567685299462 1.57e-08
18402 0.05124921899628429 5.14e-09
18403 0.19565212039147678 7.87e-09
18404 0.2340056768529922 1e-08
18405 0.23400567685299323 9.7e-09
18406 0.051249218996284117 5.37e-09
18407 0.05124921899628411 4.08e-09
18408 0.051249218996284159 4.15e-09
18409 0.051249218996284221 4.63e-09
18410 0.051249218996284145 4.27e-09
18411 0.051249218996284027 3.19e-09
18412 0.051249218996283978 6.77e-09
18413 0.19565212039147753 1.86e-08
18414 0.19565212039147803 1.12e-08
18415 0.19565212039147709 8.42e-09
18416 0.051249218996284054 4.62e-09
18417 0.051249218996284242 4.82e-09
18418 0.051249218996284068 7.46e-09
18419 0.051249218996283999 3.32e-09
18420 0.2340056768529952 1.41e-08
18421 0.051249218996284235 4.55e-09
18422 0.051249218996284512 6.51e-09
18423 0.17886733742735833 7.88e-09
18424 0.05124921899628411 4.17e-09
18425 0.23400567685299214 1.2e-08
18426 0.23400567685299284 1.3e-08
18427 0.05124921899628411 3.96e-09
18428 0.051249218996284159 4.21e-09
18429 0.26767860546963151 1.45e-08
18430 0.051249218996284061 3.43e-09
18431 0.051249218996284068 3.5e-09
18432 0.26194870771428458 1.86e-08
18433 0.051249218996284006 3.31e-09
18434 0.051249218996284096 3.73e-09
18435 0.051249218996284006 3.38e-09
18436 0.27713209377670933 1.04e-08
18437 0.051249218996284117 6.21e-09
18438 0.051249218996284318 1.1e-08
18439 0.051249218996284152 3.96e-09
18440 0.05124921899628402 3.36e-09
18441 0.05124921899628402 3.89e-09
18442 0.051249218996283964 2.77e-09
18443 0.051249218996284034 4.2e-09
18444 0.051249218996284068 3.93e-09
18445 0.051249218996283957 2.9e-09
18446 0.051249218996284415 5.46e-09
18447 0.19565212039147689 1.06e-08
18448 0.17886733742735875 1.99e-08
18449 0.051249218996284061 3.5e-09
18450 0.051249218996284256 6.32e-09
18451 0.277132093776709 9.05e-09
18452 0.05124921899628445 5.52e-09
18453 0.32558312951144908 1.65e-08
18454 0.23400567685299281 1.1e-08
18455 0.051249218996284179 4.3e-09
18456 0.17886733742736116 1.18e-08
18457 0.051249218996284172 4.13e-09
18458 0.051249218996284179 5.24e-09
18459 0.17886733742735975 9.36e-09
18460 0.23400567685299384 1.03e-08
18461 0.051249218996284117 4.16e-09
18462 0.051249218996283964 2.63e-09
18463 0.051249218996284013 3.08e-09
18464 0.051249218996284339 6.59e-09
18465 0.17886733742735839 6.77e-09
18466 0.051249218996284096 9.64e-09
18467 0.051249218996284047 3.54e-09
18468 0.051249218996284054 3.7e-09
18469 0.05124921899628411 3.8e-09
18470 0.051249218996284283 5.56e-09
18471 0.051249218996284159 5.66e-09
18472 0.2340056768529927 1.11e-08
18473 0.051249218996284214 4.42e-09
18474 0.23400567685299339 8.97e-09
18475 0.051249218996284047 5.48e-09
18476 0.05124921899628411 4.16e-09
18477 0.051249218996284165 4.3e-09
18478 0.19565212039147731 8.69e-09
18479 0.19565212039147722 1.49e-08
18480 0.051249218996283971 2.97e-09
18481 0.17886733742735927 7.21e-09
18482 0.05124921899628411 3.92e-09
18483 0.051249218996284193 4.5e-09
18484 0.051249218996283971 2.95e-09
18485 0.051249218996284075 3.77e-09
18486 0.19565212039147811 2.15e-08
18487 0.051249218996284297 5.11e-09
18488 0.17886733742735889 8e-09
18489 0.051249218996284145 3.96e-09
18490 0.23400567685299267 8.73e-09
18491 0.051249218996284047 3.63e-09
18492 0.4260022475953647 1.95e-08
18493 0.19565212039147692 1.19e-08
18494 0.23400567685299331 8.42e-09
18495 0.051249218996284047 3.71e-09
18496 0.051249218996284346 5.07e-09
18497 0.26194870771427803 1.07e-08
18498 0.051249218996284103 3.7e-09
18499 0.23400567685299242 2.22e-08
18500 0.05124921899628402 8.16e-09
18501 0.051249218996284152 4.05e-09
18502 0.051249218996284145 4.01e-09
18503 0.051249218996284346 5.26e-09
18504 0.23400567685299303 1.03e-08
18505 0.051249218996283957 3.33e-09
18506 0.23400567685299203 7.79e-09
18507 0.051249218996284075 6.49e-09
18508 0.051249218996283957 4.04e-09
18509 0.23400567685299517 2.04e-08
18510 0.051249218996284138 5.83e-09
18511 0.05124921899628402 4.68e-09
18512 0.051249218996284207 5.21e-09
18513 0.051249218996284006 3.13e-09
18514 0.051249218996284047 3.79e-09
18515 0.19565212039147692 8.42e-09
18516 0.051249218996284096 4.03e-09
18517 0.051249218996283985 3.05e-09
18518 0.051249218996284193 4.27e-09
18519 0.178867337427359 1.13e-08
18520 0.051249218996284276 9.58e-09
18521 0.19565212039147786 1.03e-08
18522 0.051249218996284061 4.89e-09
18523 0.051249218996284145 7.89e-09
18524 0.05124921899628427 6.15e-09
18525 0.27713209377670939 1.31e-08
18526 0.19565212039147664 7.37e-09
18527 0.26767860546962874 1.19e-08
18528 0.195652120391477 2.45e-08
18529 0.051249218996284061 3.49e-09
18530 0.051249218996284006 5.21e-09
18531 0.051249218996284061 3.61e-09
18532 0.051249218996284263 5.15e-09
18533 0.051249218996284034 3.52e-09
18534 0.05124921899628411 3.91e-09
18535 0.051249218996284318 5.28e-09
18536 0.051249218996284089 3.78e-09
18537 0.051249218996284061 3.57e-09
18538 0.051249218996284193 7.11e-09
18539 0.051249218996284159 4.26e-09
18540 0.05124921899628393 2.31e-09
18541 0.051249218996283971 4.46e-09
18542 0.051249218996284124 4.09e-09
18543 0.051249218996284013 5.54e-09
18544 0.05124921899628427 5.38e-09
18545 0.051249218996284145 4.06e-09
18546 0.23400567685299203 6.08e-09
18547 0.23400567685299226 7.47e-09
18548 0.051249218996283992 3.11e-09
18549 0.26194870771427997 1.32e-08
18550 0.05124921899628402 3.21e-09
18551 0.051249218996283999 3.15e-09
18552 0.05124921899628402 3.63e-09
18553 0.051249218996284276 5.39e-09
18554 0.051249218996284013 3.3e-09
18555 0.051249218996284263 7.23e-09
18556 0.051249218996284152 4.34e-09
18557 0.19565212039147645 6.56e-09
18558 0.23400567685299214 1.15e-08
18559 0.051249218996283985 3.67e-09
18560 0.051249218996283902 2.25e-09
18561 0.051249218996284179 4.37e-09
18562 0.051249218996284138 4.44e-09
18563 0.051249218996284152 4.04e-09
18564 0.1956521203914777 1.4e-08
18565 0.051249218996284235 4.75e-09
18566 0.19565212039147709 9.8e-09
18567 0.19565212039147684 8.09e-09
18568 0.23400567685299165 4.67e-09
18569 0.051249218996284034 3.38e-09
18570 0.051249218996284179 5.11e-09
18571 0.23400567685299195 6.03e-09
18572 0.051249218996284061 5.96e-09
18573 0.23400567685299223 6.27e-09
18574 0.051249218996284256 4.95e-09
18575 0.051249218996284318 5.82e-09
18576 0.051249218996284145 9.13e-09
18577 0.051249218996284117 3.88e-09
18578 0.23400567685299234 7.15e-09
18579 0.051249218996284152 4.47e-09
18580 0.051249218996284179 4.29e-09
18581 0.051249218996284263 4.73e-09
18582 0.19565212039147728 1.26e-08
18583 0.19565212039147759 1.72e-08
18584 0.051249218996284013 3.21e-09
18585 0.05124921899628395 2.68e-09
18586 0.29414667819037571 2.06e-08
18587 0.051249218996283923 2.42e-09
18588 0.051249218996284616 8.15e-09
18589 0.17886733742735988 1.23e-08
18590 0.051249218996284152 5.06e-09
18591 0.051249218996284124 6.52e-09
18592 0.0512492189962842 5.88e-09
18593 0.051249218996284041 3.44e-09
18594 0.051249218996284124 5.33e-09
18595 0.051249218996284068 3.56e-09
18596 0.051249218996283936 2.73e-09
18597 0.051249218996284394 5.35e-09
18598 0.23400567685299281 8.08e-09
18599 0.19565212039147656 6.42e-09
18600 0.19565212039147625 7.59e-09
18601 0.051249218996284165 4.21e-09
18602 0.051249218996284068 5.58e-09
18603 0.27713209377671105 1.31e-08
18604 0.23400567685299284 8.16e-09
18605 0.051249218996284117 3.78e-09
18606 0.051249218996284054 3.33e-09
18607 0.051249218996284103 4.27e-09
18608 0.051249218996284047 3.44e-09
18609 0.051249218996284325 5.14e-09
18610 0.051249218996284152 7.27e-09
18611 0.23400567685299298 1.01e-08
18612 0.051249218996283978 4.79e-09
18613 0.051249218996284124 3.85e-09
18614 0.051249218996284082 3.62e-09
18615 0.051249218996284332 4.97e-09
18616 0.051249218996284311 5.14e-09
18617 0.051249218996284131 3.98e-09
18618 0.051249218996284283 5.14e-09
18619 0.051249218996284068 3.68e-09
18620 0.051249218996284054 3.51e-09
18621 0.051249218996284096 3.69e-09
18622 0.21223225941083407 7.18e-09
18623 0.23400567685299237 7.92e-09
18624 0.051249218996284172 4.3e-09
18625 0.05124921899628402 3.17e-09
18626 0.051249218996284228 7.98e-09
18627 0.051249218996284159 4.04e-09
18628 0.051249218996283909 3.29e-09
18629 0.051249218996284096 3.81e-09
18630 0.26194870771428186 1.72e-08
18631 0.17886733742735933 1.32e-08
18632 0.051249218996284221 4.54e-09
18633 0.051249218996284179 7.38e-09
18634 0.051249218996284242 4.67e-09
18635 0.23400567685299381 1.04e-08
18636 0.19565212039147695 8.43e-09
18637 0.051249218996284089 3.81e-09
18638 0.23400567685299262 9.31e-09
18639 0.051249218996284172 5.43e-09
18640 0.19565212039147722 1.09e-08
18641 0.051249218996284207 4.77e-09
18642 0.05124921899628402 3.24e-09
18643 0.23400567685299251 8.36e-09
18644 0.051249218996284054 3.58e-09
18645 0.19565212039147722 9.93e-09
18646 0.19565212039147656 5.98e-09
18647 0.051249218996283999 3.02e-09
18648 0.05124921899628411 3.85e-09
18649 0.051249218996284027 4.71e-09
18650 0.051249218996283895 2.05e-09
18651 0.23400567685299217 7.84e-09
18652 0.05124921899628411 3.85e-09
18653 0.29414667819030604 2.25e-08
18654 0.051249218996284054 3.62e-09
18655 0.051249218996284117 4.11e-09
18656 0.19565212039147797 1.15e-08
18657 0.19565212039147692 8.08e-09
18658 0.051249218996284401 6.75e-09
18659 0.2340056768529919 5.77e-09
18660 0.051249218996284082 3.64e-09
18661 0.19565212039147892 1.27e-08
18662 0.26194870771427642 8.38e-09
18663 0.051249218996284124 3.85e-09
18664 0.051249218996284249 4.79e-09
18665 0.051249218996284152 4.13e-09
18666 0.051249218996284186 6.03e-09
18667 0.17886733742735769 7.62e-09
18668 0.051249218996284235 4.53e-09
18669 0.17886733742735786 6.24e-09
18670 0.051249218996284332 4.99e-09
18671 0.051249218996284068 3.4e-09
18672 0.2340056768529927 7.66e-09
18673 0.05124921899628411 5.56e-09
18674 0.051249218996284152 5.41e-09
18675 0.05124921899628395 3.75e-09
18676 0.051249218996284013 3.19e-09
18677 0.23400567685299348 9.02e-09
18678 0.19565212039147736 9.74e-09
18679 0.051249218996284165 4.17e-09
18680 0.051249218996284006 3e-09
18681 0.05124921899628427 6.48e-09
18682 0.19565212039147703 1.08e-08
18683 0.051249218996284304 4.87e-09
18684 0.051249218996284013 3.14e-09
18685 0.05124921899628402 5.06e-09
18686 0.051249218996284027 5.7e-09
18687 0.051249218996284207 4.39e-09
18688 0.1956521203914777 1.01e-08
18689 0.23400567685299281 9.61e-09
18690 0.051249218996283902 2.84e-09
18691 0.26194870771428103 1.17e-08
18692 0.051249218996284006 3.39e-09
18693 0.19565212039147747 9.16e-09
18694 0.23400567685299203 6.82e-09
18695 0.051249218996284193 4.22e-09
18696 0.051249218996283992 3.06e-09
18697 0.178867337427358 8.91e-09
18698 0.051249218996284027 5.55e-09
18699 0.23400567685299378 2.64e-08
18700 0.26194870771428586 1.51e-08
18701 0.051249218996283867 1.53e-09
18702 0.051249218996284207 4.37e-09
18703 0.23400567685299206 6.6e-09
18704 0.051249218996283992 3.64e-09
18705 0.051249218996284387 5.25e-09
18706 0.051249218996284165 5.06e-09
18707 0.051249218996284526 6.91e-09
18708 0.051249218996284068 4.45e-09
18709 0.051249218996283895 2.41e-09
18710 0.051249218996284068 3.56e-09
18711 0.19565212039147822 1.15e-08
18712 0.051249218996284311 5.84e-09
18713 0.051249218996284027 5.57e-09
18714 0.051249218996284068 4.55e-09
18715 0.051249218996284027 3.25e-09
18716 0.051249218996283985 3.05e-09
18717 0.051249218996284283 1.2e-08
18718 0.05124921899628411 6.96e-09
18719 0.051249218996284235 4.92e-09
18720 0.17886733742736127 1.03e-08
18721 0.19565212039147709 2.49e-08
18722 0.051249218996284644 7.49e-09
18723 0.05124921899628427 4.9e-09
18724 0.051249218996284145 4.13e-09
18725 0.051249218996284422 5.79e-09
18726 0.23400567685299184 5.31e-09
18727 0.051249218996284159 4.33e-09
18728 0.1788673374273593 9.22e-09
18729 0.051249218996284193 4.82e-09
18730 0.051249218996284034 3.24e-09
18731 0.23400567685299581 1.76e-08
18732 0.051249218996284075 3.46e-09
18733 0.051249218996283999 3.29e-09
18734 0.051249218996284165 6.6e-09
18735 0.19565212039147648 5.76e-09
18736 0.051249218996283923 2.65e-09
18737 0.051249218996284131 4.73e-09
18738 0.23400567685299364 9.52e-09
18739 0.051249218996284186 6.19e-09
18740 0.17886733742735786 5.85e-09
18741 0.051249218996284165 4.54e-09
18742 0.19565212039147761 1.04e-08
18743 0.051249218996283957 3.02e-09
18744 0.051249218996284013 3.47e-09
18745 0.23400567685299434 1.04e-08
18746 0.05124921899628402 5.88e-09
18747 0.19565212039147689 1.12e-08
18748 0.17886733742735944 9.25e-09
18749 0.051249218996284145 4.09e-09
18750 0.051249218996284138 4.14e-09
18751 0.051249218996284061 5.32e-09
18752 0.051249218996284054 4.07e-09
18753 0.051249218996284263 5.79e-09
18754 0.19565212039147659 1.13e-08
18755 0.051249218996283985 2.93e-09
18756 0.051249218996284283 4.77e-09
18757 0.19565212039147609 3.52e-09
18758 0.051249218996283964 2.65e-09
18759 0.051249218996284054 3.85e-09
18760 0.051249218996284027 3.25e-09
18761 0.051249218996283992 3.04e-09
18762 0.051249218996284068 4.15e-09
18763 0.051249218996284089 5.15e-09
18764 0.051249218996284159 4.15e-09
18765 0.051249218996284117 6.89e-09
18766 0.19565212039147792 1.02e-08
18767 0.051249218996284117 3.8e-09
18768 0.051249218996283978 2.95e-09
18769 0.051249218996284228 4.46e-09
18770 0.19565212039147711 9.09e-09
18771 0.17886733742736016 9.84e-09
18772 0.23400567685299239 9.18e-09
18773 0.19565212039147692 7.78e-09
18774 0.17886733742736213 1.85e-08
18775 0.051249218996283992 3.06e-09
18776 0.051249218996283992 2.95e-09
18777 0.051249218996284082 3.55e-09
18778 0.051249218996284165 5.15e-09
18779 0.051249218996284165 4.67e-09
18780 0.23400567685299339 9.36e-09
18781 0.21223225941083793 1.88e-08
18782 0.19565212039147656 9.65e-09
18783 0.051249218996284152 4.05e-09
18784 0.19565212039147672 6.92e-09
18785 0.051249218996284159 4.36e-09
18786 0.051249218996284027 5.71e-09
18787 0.051249218996284186 4.47e-09
18788 0.051249218996284526 7.03e-09
18789 0.23400567685299228 7.18e-09
18790 0.051249218996284339 7.44e-09
18791 0.19565212039147817 1.16e-08
18792 0.051249218996284207 5.14e-09
18793 0.051249218996283943 2.53e-09
18794 0.051249218996283964 2.69e-09
18795 0.051249218996283964 5.18e-09
18796 0.051249218996284193 4.34e-09
18797 0.051249218996284165 6.26e-09
18798 0.051249218996284096 3.61e-09
18799 0.051249218996284179 4.86e-09
18800 0.051249218996284145 9.69e-09
18801 0.2941466781903892 3.31e-08
18802 0.23400567685299248 8.01e-09
18803 0.051249218996284103 4.26e-09
18804 0.051249218996284165 4.23e-09
18805 0.17886733742736005 1.2e-08
18806 0.051249218996284054 3.41e-09
18807 0.051249218996284165 4.29e-09
18808 0.29414667819024903 1.5e-08
18809 0.051249218996284054 5.7e-09
18810 0.19565212039147714 8.31e-09
18811 0.051249218996284096 3.87e-09
18812 0.19565212039147661 7.84e-09
18813 0.195652120391478 1.96e-08
18814 0.051249218996284041 7.96e-09
18815 0.26194870771428008 1.51e-08
18816 0.051249218996284013 4.34e-09
18817 0.29414667819038465 2.2e-08
18818 0.051249218996283999 3.05e-09
18819 0.19565212039147625 1.12e-08
18820 0.051249218996283895 4.5e-09
18821 0.05124921899628411 3.96e-09
18822 0.26194870771427547 6.72e-09
18823 0.051249218996284394 8.75e-09
18824 0.051249218996284082 5.73e-09
18825 0.051249218996284117 7.92e-09
18826 0.23400567685299231 6.33e-09
18827 0.051249218996284041 4.43e-09
18828 0.051249218996284047 4.28e-09
18829 0.19565212039147667 7.79e-09
18830 0.23400567685299231 5.62e-09
18831 0.19565212039147681 9.44e-09
18832 0.23400567685299323 9.18e-09
18833 0.051249218996284124 4.63e-09
18834 0.051249218996284082 3.95e-09
18835 0.051249218996284172 4.3e-09
18836 0.051249218996284124 3.91e-09
18837 0.051249218996284054 3.7e-09
18838 0.051249218996284249 4.58e-09
18839 0.051249218996284103 4.3e-09
18840 0.17886733742735983 1.85e-08
18841 0.051249218996284179 4.44e-09
18842 0.051249218996284006 3.05e-09
18843 0.051249218996283985 3.19e-09
18844 0.051249218996283943 2.54e-09
18845 0.051249218996283971 2.63e-09
18846 0.051249218996283957 2.59e-09
18847 0.051249218996284186 4.21e-09
18848 0.19565212039147642 5.73e-09
18849 0.051249218996284027 8.17e-09
18850 0.051249218996284193 7.05e-09
18851 0.05124921899628395 2.69e-09
18852 0.051249218996284117 3.85e-09
18853 0.23400567685299387 1.32e-08
18854 0.051249218996284082 3.8e-09
18855 0.051249218996284422 8.12e-09
18856 0.051249218996284054 3.76e-09
18857 0.051249218996284374 6.42e-09
18858 0.051249218996284207 4.35e-09
18859 0.051249218996284311 5.74e-09
18860 0.051249218996283957 3.07e-09
18861 0.051249218996284131 4.08e-09
18862 0.051249218996284145 8.57e-09
18863 0.051249218996284138 4e-09
18864 0.051249218996284047 3.53e-09
18865 0.17886733742736327 1.39e-08
18866 0.23400567685299642 2.37e-08
18867 0.051249218996284082 3.83e-09
18868 0.26767860546962624 1.58e-08
18869 0.051249218996283978 3.02e-09
18870 0.051249218996284006 3.12e-09
18871 0.21223225941084056 2e-08
18872 0.051249218996284027 3.53e-09
18873 0.051249218996283999 3.01e-09
18874 0.0512492189962842 4.42e-09
18875 0.05124921899628402 3.05e-09
18876 0.23400567685299298 9.18e-09
18877 0.05124921899628427 5.53e-09
18878 0.051249218996284221 4.86e-09
18879 0.051249218996284138 4.29e-09
18880 0.05124921899628411 3.8e-09
18881 0.051249218996283999 2.99e-09
18882 0.051249218996284179 4.2e-09
18883 0.1956521203914767 7.67e-09
18884 0.23400567685299248 7.33e-09
18885 0.051249218996284159 4.11e-09
18886 0.051249218996284124 4.24e-09
18887 0.17886733742735761 1.16e-08
18888 0.23400567685299542 1.84e-08
18889 0.051249218996284304 7.94e-09
18890 0.051249218996284228 4.44e-09
18891 0.051249218996284041 3.56e-09
18892 0.277132093776709 1.49e-08
18893 0.05124921899628411 5.92e-09
18894 0.051249218996284353 8.07e-09
18895 0.051249218996284117 4.71e-09
18896 0.051249218996284172 4.08e-09
18897 0.051249218996284013 3.23e-09
18898 0.051249218996284013 3.35e-09
18899 0.051249218996284318 5.79e-09
18900 0.17886733742736111 1.48e-08
18901 0.23400567685299486 1.37e-08
18902 0.051249218996283999 3.15e-09
18903 0.19565212039147659 6.56e-09
18904 0.051249218996284172 5.56e-09
18905 0.051249218996284096 3.79e-09
18906 0.051249218996284145 4.3e-09
18907 0.051249218996284117 3.75e-09
18908 0.23400567685299292 7.98e-09
18909 0.26194870771427892 1.2e-08
18910 0.17886733742735805 5.83e-09
18911 0.17886733742736047 1.06e-08
18912 0.051249218996284304 5.15e-09
18913 0.051249218996283895 2.06e-09
18914 0.051249218996284249 4.6e-09
18915 0.051249218996284263 4.66e-09
18916 0.17886733742735847 6.93e-09
18917 0.27713209377671028 1.43e-08
18918 0.23400567685299178 5.8e-09
18919 0.05124921899628402 3.08e-09
18920 0.051249218996284103 3.74e-09
18921 0.23400567685299425 1.82e-08
18922 0.051249218996284041 8.24e-09
18923 0.23400567685299345 1.12e-08
18924 0.1788673374273651 1.6e-08
18925 0.05124921899628411 3.76e-09
18926 0.051249218996284374 7.18e-09
18927 0.051249218996283923 2.44e-09
18928 0.051249218996284047 3.29e-09
18929 0.23400567685299387 1.37e-08
18930 0.051249218996284082 4.43e-09
18931 0.051249218996284041 4.94e-09
18932 0.051249218996284159 5.02e-09
18933 0.19565212039147797 1.02e-08
18934 0.051249218996284117 3.77e-09
18935 0.051249218996284041 4.79e-09
18936 0.19565212039147686 1.02e-08
18937 0.051249218996283846 2.26e-09
18938 0.051249218996284089 3.91e-09
18939 0.1788673374273588 7.78e-09
18940 0.051249218996284443 5.5e-09
18941 0.051249218996284013 3.19e-09
18942 0.23400567685299239 6.37e-09
18943 0.19565212039147664 7.62e-09
18944 0.23400567685299317 8.45e-09
18945 0.19565212039147695 8.68e-09
18946 0.05124921899628402 3.58e-09
18947 0.051249218996284214 4.63e-09
18948 0.23400567685299281 1.12e-08
18949 0.051249218996284006 5.39e-09
18950 0.051249218996284172 4.27e-09
18951 0.051249218996284138 6.82e-09
18952 0.051249218996284228 4.5e-09
18953 0.29414667819039314 2.43e-08
18954 0.27713209377670889 6.68e-09
18955 0.051249218996284165 4.23e-09
18956 0.19565212039147675 1.71e-08
18957 0.17886733742736083 1.14e-08
18958 0.051249218996284207 7.98e-09
18959 0.19565212039147656 5.72e-09
18960 0.23400567685299292 1.1e-08
18961 0.051249218996284047 3.41e-09
18962 0.051249218996284145 4.43e-09
18963 0.051249218996284061 3.49e-09
18964 0.051249218996284041 3.54e-09
18965 0.051249218996284047 5.86e-09
18966 0.051249218996284034 3.83e-09
18967 0.051249218996284582 7.57e-09
18968 0.17886733742736191 2.25e-08
18969 0.17886733742735908 1.21e-08
18970 0.23400567685299289 9.21e-09
18971 0.051249218996284034 3.38e-09
18972 0.23400567685299342 1.19e-08
18973 0.051249218996284138 3.87e-09
18974 0.051249218996283964 3.46e-09
18975 0.05124921899628395 4.44e-09
18976 0.051249218996284103 3.85e-09
18977 0.23400567685299212 7.72e-09
18978 0.051249218996284235 5.1e-09
18979 0.1956521203914767 7.01e-09
18980 0.051249218996284152 6.29e-09
18981 0.19565212039147659 1.04e-08
18982 0.05124921899628402 5.03e-09
18983 0.23400567685299214 6.66e-09
18984 0.051249218996284061 8.12e-09
18985 0.051249218996283846 1.48e-09
18986 0.051249218996284089 3.6e-09
18987 0.051249218996283888 2e-09
18988 0.051249218996284138 5.04e-09
18989 0.05124921899628411 7.82e-09
18990 0.26767860546962918 1.87e-08
18991 0.051249218996283936 3.9e-09
18992 0.19565212039147784 1.2e-08
18993 0.19565212039147775 1.15e-08
18994 0.051249218996283978 2.95e-09
18995 0.051249218996284027 7.03e-09
18996 0.051249218996284047 3.72e-09
18997 0.051249218996284006 3.31e-09
18998 0.051249218996283971 3.22e-09
18999 0.051249218996284103 3.82e-09
19000 0.051249218996283957 2.62e-09
19001 0.051249218996283985 6.79e-09
19002 0.051249218996284207 4.41e-09
19003 0.051249218996283957 2.69e-09
19004 0.051249218996284186 4.57e-09
19005 0.051249218996284235 7.57e-09
19006 0.051249218996284041 3.35e-09
19007 0.051249218996283992 2.93e-09
19008 0.23400567685299306 9.89e-09
19009 0.23400567685299295 1.23e-08
19010 0.051249218996284415 7.17e-09
19011 0.051249218996284013 3.32e-09
19012 0.19565212039147695 1.32e-08
19013 0.23400567685299195 5.8e-09
19014 0.23400567685299328 9.2e-09
19015 0.0512492189962842 6.85e-09
19016 0.05124921899628445 5.54e-09
19017 0.051249218996284096 3.97e-09
19018 0.051249218996283985 2.85e-09
19019 0.051249218996284082 3.74e-09
19020 0.19565212039147756 1.27e-08
19021 0.0512492189962842 4.69e-09
19022 0.0512492189962842 6.06e-09
19023 0.051249218996284124 4.64e-09
19024 0.23400567685299412 1.03e-08
19025 0.17886733742735803 5.96e-09
19026 0.051249218996284249 4.58e-09
19027 0.051249218996283943 2.61e-09
19028 0.051249218996284068 4.85e-09
19029 0.051249218996284131 5.3e-09
19030 0.051249218996284124 5.18e-09
19031 0.051249218996284047 3.52e-09
19032 0.051249218996284034 3.41e-09
19033 0.05124921899628402 3.1e-09
19034 0.23400567685299314 8.13e-09
19035 0.051249218996284075 1.07e-08
19036 0.051249218996284443 1.02e-08
19037 0.051249218996284249 4.92e-09
19038 0.051249218996284061 4.58e-09
19039 0.23400567685299292 8.52e-09
19040 0.051249218996284159 4.15e-09
19041 0.051249218996284089 3.58e-09
19042 0.051249218996284242 4.49e-09
19043 0.051249218996284068 3.86e-09
19044 0.051249218996283943 2.51e-09
19045 0.17886733742735825 7.81e-09
19046 0.051249218996284041 3.76e-09
19047 0.051249218996284193 4.2e-09
19048 0.051249218996284117 3.83e-09
19049 0.051249218996284325 6.25e-09
19050 0.051249218996284103 4.28e-09
19051 0.051249218996284082 4.32e-09
19052 0.051249218996284263 7.73e-09
19053 0.051249218996284117 6.11e-09
19054 0.051249218996284006 3.23e-09
19055 0.05124921899628402 3.18e-09
19056 0.051249218996284027 5.45e-09
19057 0.051249218996284117 4.1e-09
19058 0.051249218996284117 3.86e-09
19059 0.19565212039147711 8.1e-09
19060 0.051249218996284075 5.16e-09
19061 0.29414667819044316 2.34e-08
19062 0.051249218996283902 2.13e-09
19063 0.051249218996284075 4.94e-09
19064 0.051249218996284172 4.15e-09
19065 0.051249218996284124 4.22e-09
19066 0.051249218996284172 4.5e-09
19067 0.0512492189962842 4.48e-09
19068 0.051249218996284006 3.34e-09
19069 0.26194870771428325 1.32e-08
19070 0.26194870771428164 1.41e-08
19071 0.051249218996284172 4.23e-09
19072 0.17886733742735791 6.26e-09
19073 0.05124921899628411 4.45e-09
19074 0.051249218996284089 3.88e-09
19075 0.051249218996283874 2.88e-09
19076 0.051249218996284249 4.82e-09
19077 0.051249218996284131 4.3e-09
19078 0.051249218996284034 8.54e-09
19079 0.051249218996284013 3.33e-09
19080 0.051249218996284193 4.36e-09
19081 0.19565212039147731 1.31e-08
19082 0.051249218996284249 5.18e-09
19083 0.051249218996284117 5.27e-09
19084 0.051249218996284221 4.4e-09
19085 0.05124921899628429 4.72e-09
19086 0.23400567685299273 1.49e-08
19087 0.051249218996284027 3.22e-09
19088 0.051249218996284457 5.88e-09
19089 0.17886733742735761 5.55e-09
19090 0.051249218996284242 5.29e-09
19091 0.051249218996284068 4.88e-09
19092 0.051249218996284131 4.65e-09
19093 0.051249218996284061 3.48e-09
19094 0.23400567685299392 1.07e-08
19095 0.051249218996284013 5.65e-09
19096 0.19565212039147703 8.59e-09
19097 0.051249218996284034 4.19e-09
19098 0.051249218996284103 5.42e-09
19099 0.051249218996283992 3.13e-09
19100 0.051249218996284054 3.48e-09
19101 0.05124921899628411 4.71e-09
19102 0.051249218996284068 3.67e-09
19103 0.051249218996284443 5.59e-09
19104 0.051249218996284165 4.3e-09
19105 0.17886733742736219 1.58e-08
19106 0.051249218996284353 5.25e-09
19107 0.17886733742735972 1.54e-08
19108 0.051249218996283999 3e-09
19109 0.05124921899628393 2.27e-09
19110 0.051249218996284096 5.28e-09
19111 0.051249218996284047 3.93e-09
19112 0.051249218996284346 5.13e-09
19113 0.051249218996284096 4.92e-09
19114 0.19565212039147681 9.23e-09
19115 0.19565212039147745 8.87e-09
19116 0.23400567685299301 7.94e-09
19117 0.051249218996284013 4.52e-09
19118 0.05124921899628429 4.8e-09
19119 0.05124921899628402 3.72e-09
19120 0.051249218996284977 8.25e-09
19121 0.051249218996284124 5.89e-09
19122 0.051249218996284006 6.02e-09
19123 0.051249218996284283 6.63e-09
19124 0.051249218996283985 3.31e-09
19125 0.051249218996284124 3.86e-09
19126 0.051249218996284054 3.83e-09
19127 0.051249218996283853 3.04e-09
19128 0.051249218996283971 3.27e-09
19129 0.051249218996284054 3.58e-09
19130 0.29414667819045304 3.4e-08
19131 0.051249218996284061 8.99e-09
19132 0.051249218996284152 3.97e-09
19133 0.23400567685299334 8.6e-09
19134 0.26194870771427831 9.6e-09
19135 0.23400567685299187 5.64e-09
19136 0.051249218996284131 3.92e-09
19137 0.051249218996283992 2.97e-09
19138 0.19565212039147684 2.27e-08
19139 0.051249218996284061 5.03e-09
19140 0.23400567685299314 1.05e-08
19141 0.051249218996284152 4.16e-09
19142 0.27713209377670972 1.05e-08
19143 0.051249218996284325 5.17e-09
19144 0.051249218996284159 5.25e-09
19145 0.051249218996284304 7.77e-09
19146 0.051249218996284276 4.77e-09
19147 0.19565212039147745 1e-08
19148 0.051249218996284089 3.64e-09
19149 0.23400567685299303 7.7e-09
19150 0.051249218996284242 9.77e-09
19151 0.051249218996284138 4.7e-09
19152 0.05124921899628411 3.98e-09
19153 0.051249218996284103 3.77e-09
19154 0.051249218996283985 3.98e-09
19155 0.051249218996284249 5.22e-09
19156 0.051249218996283999 4.51e-09
19157 0.19565212039147728 9.18e-09
19158 0.2340056768529935 8.94e-09
19159 0.051249218996284214 5.6e-09
19160 0.051249218996283936 4.17e-09
19161 0.05124921899628429 7.24e-09
19162 0.051249218996284172 4.18e-09
19163 0.05124921899628402 5.29e-09
19164 0.05124921899628393 2.71e-09
19165 0.051249218996284096 3.69e-09
19166 0.19565212039147717 9.67e-09
19167 0.051249218996284152 6.05e-09
19168 0.051249218996284554 8.97e-09
19169 0.051249218996284047 3.43e-09
19170 0.051249218996283916 2.64e-09
19171 0.051249218996284235 4.58e-09
19172 0.051249218996284353 8e-09
19173 0.051249218996284124 3.9e-09
19174 0.051249218996284214 4.46e-09
19175 0.051249218996284006 3.92e-09
19176 0.051249218996284041 3.86e-09
19177 0.051249218996284471 1e-08
19178 0.051249218996284256 5.55e-09
19179 0.051249218996284013 3.07e-09
19180 0.23400567685299201 6.16e-09
19181 0.051249218996284172 1.03e-08
19182 0.2676786054696319 1.61e-08
19183 0.29414667819031504 2.04e-08
19184 0.05124921899628402 3.17e-09
19185 0.051249218996284159 4.28e-09
19186 0.051249218996283936 2.65e-09
19187 0.051249218996284006 3.16e-09
19188 0.051249218996284082 5.31e-09
19189 0.051249218996284138 4.18e-09
19190 0.051249218996284332 1.03e-08
19191 0.26767860546962169 1.04e-08
19192 0.23400567685299475 1.11e-08
19193 0.051249218996284492 5.66e-09
19194 0.23400567685299217 1.18e-08
19195 0.23400567685299273 9.67e-09
19196 0.05124921899628411 4.06e-09
19197 0.051249218996284082 3.71e-09
19198 0.051249218996284332 6.45e-09
19199 0.051249218996284117 3.79e-09
19200 0.0512492189962842 5.02e-09
19201 0.17886733742736008 1.47e-08
19202 0.05124921899628411 4.01e-09
19203 0.051249218996284082 4.92e-09
19204 0.23400567685299276 1e-08
19205 0.19565212039147667 1.47e-08
19206 0.23400567685299248 6.87e-09
19207 0.051249218996284124 6.35e-09
19208 0.051249218996284186 6.48e-09
19209 0.051249218996284235 4.55e-09
19210 0.051249218996284075 3.89e-09
19211 0.051249218996284047 4.21e-09
19212 0.051249218996284082 3.66e-09
19213 0.29414667819031365 3.29e-08
19214 0.051249218996284464 9.12e-09
19215 0.051249218996284096 3.7e-09
19216 0.17886733742736013 8.59e-09
19217 0.051249218996284034 3.27e-09
19218 0.051249218996284103 4.02e-09
19219 0.051249218996284117 3.91e-09
19220 0.051249218996284131 4.04e-09
19221 0.051249218996284096 3.7e-09
19222 0.051249218996284124 3.78e-09
19223 0.051249218996283971 2.98e-09
19224 0.051249218996283992 4.14e-09
19225 0.051249218996284387 1.27e-08
19226 0.23400567685299206 6.24e-09
19227 0.051249218996284082 4.88e-09
19228 0.23400567685299201 6.28e-09
19229 0.051249218996284283 4.79e-09
19230 0.051249218996284311 5.16e-09
19231 0.051249218996284221 4.46e-09
19232 0.05124921899628393 2.52e-09
19233 0.051249218996283909 2.37e-09
19234 0.05124921899628393 6.88e-09
19235 0.051249218996284242 5.05e-09
19236 0.051249218996284054 5.34e-09
19237 0.05124921899628429 7.1e-09
19238 0.19565212039147672 6.61e-09
19239 0.051249218996284068 3.59e-09
19240 0.051249218996284034 3.2e-09
19241 0.051249218996283957 6.18e-09
19242 0.051249218996283909 2.34e-09
19243 0.051249218996284179 4.58e-09
19244 0.17886733742736086 1.9e-08
19245 0.23400567685299228 8.46e-09
19246 0.23400567685299664 1.9e-08
19247 0.05124921899628393 2.84e-09
19248 0.051249218996283923 2.61e-09
19249 0.19565212039147747 9.14e-09
19250 0.051249218996284034 3.45e-09
19251 0.051249218996284027 6.08e-09
19252 0.19565212039147656 6.26e-09
19253 0.19565212039147667 6.89e-09
19254 0.051249218996284075 3.8e-09
19255 0.051249218996284034 4.61e-09
19256 0.23400567685299453 1.61e-08
19257 0.051249218996284117 3.87e-09
19258 0.05124921899628393 4.19e-09
19259 0.23400567685299298 8.14e-09
19260 0.051249218996284152 5.29e-09
19261 0.051249218996284283 4.74e-09
19262 0.051249218996284103 4.97e-09
19263 0.051249218996284103 3.75e-09
19264 0.05124921899628402 9.14e-09
19265 0.051249218996284159 5.76e-09
19266 0.051249218996283985 3.99e-09
19267 0.051249218996284082 3.52e-09
19268 0.051249218996283881 2.71e-09
19269 0.051249218996284034 4.47e-09
19270 0.05124921899628395 3.24e-09
19271 0.051249218996283999 2.97e-09
19272 0.051249218996284325 5.44e-09
19273 0.051249218996284311 4.87e-09
19274 0.051249218996284041 3.58e-09
19275 0.19565212039147695 7.94e-09
19276 0.051249218996283999 4.23e-09
19277 0.051249218996284256 5.92e-09
19278 0.051249218996284027 3.59e-09
19279 0.051249218996284138 4.29e-09
19280 0.05124921899628402 4.17e-09
19281 0.05124921899628393 2.61e-09
19282 0.05124921899628411 3.84e-09
19283 0.051249218996284034 3.56e-09
19284 0.051249218996284075 3.6e-09
19285 0.19565212039147778 9.98e-09
19286 0.051249218996283971 3.07e-09
19287 0.051249218996283936 3.86e-09
19288 0.23400567685299231 7.57e-09
19289 0.051249218996284145 3.97e-09
19290 0.051249218996283978 2.86e-09
19291 0.051249218996283992 3e-09
19292 0.19565212039147689 8.94e-09
19293 0.05124921899628454 7.75e-09
19294 0.051249218996284103 3.79e-09
19295 0.051249218996284061 5.34e-09
19296 0.17886733742736177 1.32e-08
19297 0.051249218996284068 3.48e-09
19298 0.051249218996283978 3.11e-09
19299 0.051249218996284075 6.55e-09
19300 0.051249218996284103 9.18e-09
19301 0.051249218996284235 6.14e-09
19302 0.051249218996284054 4.5e-09
19303 0.051249218996284027 3.32e-09
19304 0.23400567685299309 8.65e-09
19305 0.1956521203914785 1.23e-08
19306 0.051249218996284075 6.54e-09
19307 0.051249218996284242 4.95e-09
19308 0.051249218996284186 4.23e-09
19309 0.05124921899628393 2.54e-09
19310 0.051249218996284256 5.31e-09
19311 0.23400567685299362 1.47e-08
19312 0.17886733742735866 8.96e-09
19313 0.051249218996283978 3.07e-09
19314 0.051249218996284054 3.68e-09
19315 0.19565212039147684 8.73e-09
19316 0.23400567685299214 6.86e-09
19317 0.051249218996284061 3.53e-09
19318 0.05124921899628429 6.29e-09
19319 0.051249218996283916 2.24e-09
19320 0.19565212039147653 8.38e-09
19321 0.051249218996284297 5.41e-09
19322 0.051249218996284006 3.19e-09
19323 0.051249218996284249 5.16e-09
19324 0.17886733742736322 1.33e-08
19325 0.051249218996283943 2.58e-09
19326 0.05124921899628427 4.98e-09
19327 0.051249218996284172 4.47e-09
19328 0.051249218996284034 4.04e-09
19329 0.27713209377671 2.09e-08
19330 0.19565212039147731 8.72e-09
19331 0.1956521203914775 1.05e-08
19332 0.19565212039147664 7.08e-09
19333 0.19565212039147803 1.53e-08
19334 0.051249218996284089 3.75e-09
19335 0.051249218996284068 8.23e-09
19336 0.19565212039147667 1.19e-08
19337 0.051249218996284138 4.03e-09
19338 0.051249218996284124 5.35e-09
19339 0.051249218996284179 4.48e-09
19340 0.05124921899628411 6.11e-09
19341 0.051249218996284047 3.36e-09
19342 0.051249218996284221 4.64e-09
19343 0.23400567685299206 5.88e-09
19344 0.051249218996284103 3.91e-09
19345 0.23400567685299226 6.97e-09
19346 0.051249218996283992 2.93e-09
19347 0.051249218996284006 3.14e-09
19348 0.051249218996283943 2.63e-09
19349 0.051249218996284193 5.5e-09
19350 0.19565212039147667 6.95e-09
19351 0.051249218996284249 5.37e-09
19352 0.05124921899628427 4.99e-09
19353 0.051249218996284103 3.95e-09
19354 0.051249218996284103 3.77e-09
19355 0.051249218996284013 3.26e-09
19356 0.051249218996284075 3.56e-09
19357 0.05124921899628402 3.18e-09
19358 0.051249218996284242 4.84e-09
19359 0.051249218996284159 4.17e-09
19360 0.051249218996284186 4.45e-09
19361 0.051249218996284165 4.38e-09
19362 0.23400567685299381 9.48e-09
19363 0.051249218996284526 1.07e-08
19364 0.051249218996284027 4.26e-09
19365 0.19565212039147709 8.05e-09
19366 0.19565212039147695 1.6e-08
19367 0.051249218996284041 3.42e-09
19368 0.19565212039147753 1.5e-08
19369 0.051249218996284221 5.27e-09
19370 0.051249218996284228 4.56e-09
19371 0.051249218996283999 3.11e-09
19372 0.051249218996284179 5.36e-09
19373 0.23400567685299284 7.8e-09
19374 0.051249218996284089 3.68e-09
19375 0.26767860546963451 1.31e-08
19376 0.051249218996283916 2.35e-09
19377 0.051249218996284089 4.86e-09
19378 0.051249218996284512 5.75e-09
19379 0.051249218996283999 3.24e-09
19380 0.05124921899628411 3.87e-09
19381 0.05124921899628402 3.13e-09
19382 0.051249218996284054 3.65e-09
19383 0.051249218996284027 3.99e-09
19384 0.19565212039147684 1.05e-08
19385 0.051249218996284138 5.3e-09
19386 0.051249218996284311 5.02e-09
19387 0.051249218996284138 3.86e-09
19388 0.051249218996284138 4.18e-09
19389 0.23400567685299378 9.51e-09
19390 0.051249218996284152 4.16e-09
19391 0.051249218996284089 4.85e-09
19392 0.0512492189962842 5.04e-09
19393 0.051249218996284089 3.81e-09
19394 0.051249218996284075 3.92e-09
19395 0.051249218996284172 4.42e-09
19396 0.051249218996284027 3.21e-09
19397 0.051249218996283999 5.57e-09
19398 0.277132093776711 1.21e-08
19399 0.051249218996284276 5.42e-09
19400 0.051249218996283992 3.08e-09
19401 0.051249218996284283 4.76e-09
19402 0.19565212039147836 2.42e-08
19403 0.051249218996284256 6.24e-09
19404 0.21223225941084439 3.17e-08
19405 0.051249218996284103 4.27e-09
19406 0.27713209377670983 8.98e-09
19407 0.051249218996284027 3.32e-09
19408 0.051249218996284027 3.22e-09
19409 0.051249218996284492 6.01e-09
19410 0.051249218996283978 2.96e-09
19411 0.051249218996284061 3.63e-09
19412 0.17886733742736813 2.19e-08
19413 0.051249218996284068 3.82e-09
19414 0.19565212039147681 6.93e-09
19415 0.23400567685299262 6.8e-09
19416 0.23400567685299248 8.49e-09
19417 0.051249218996283923 3.39e-09
19418 0.051249218996283964 7.19e-09
19419 0.051249218996284554 7.06e-09
19420 0.051249218996284013 5.16e-09
19421 0.17886733742736594 2.09e-08
19422 0.1788673374273583 9.24e-09
19423 0.051249218996283916 2.26e-09
19424 0.051249218996284152 4.08e-09
19425 0.19565212039147759 1.03e-08
19426 0.051249218996284006 3.08e-09
19427 0.051249218996283999 3.2e-09
19428 0.051249218996284159 4.02e-09
19429 0.05124921899628402 3.16e-09
19430 0.051249218996284041 3.92e-09
19431 0.051249218996284103 4.83e-09
19432 0.05124921899628429 6.31e-09
19433 0.051249218996284054 4.21e-09
19434 0.051249218996283957 2.71e-09
19435 0.23400567685299459 1.09e-08
19436 0.051249218996283999 3.3e-09
19437 0.051249218996284235 4.46e-09
19438 0.051249218996284034 3.25e-09
19439 0.23400567685299392 9.8e-09
19440 0.051249218996284276 5.68e-09
19441 0.05124921899628411 3.9e-09
19442 0.051249218996284381 8.21e-09
19443 0.23400567685299273 7.58e-09
19444 0.051249218996284145 5.52e-09
19445 0.051249218996284054 5.85e-09
19446 0.05124921899628411 7.54e-09
19447 0.051249218996284228 1.11e-08
19448 0.1788673374273603 1.49e-08
19449 0.051249218996284027 3.83e-09
19450 0.051249218996283881 2.1e-09
19451 0.23400567685299256 1.22e-08
19452 0.051249218996283992 3.01e-09
19453 0.051249218996284124 5.6e-09
19454 0.051249218996283964 2.68e-09
19455 0.051249218996283936 2.48e-09
19456 0.19565212039147709 8.77e-09
19457 0.051249218996284346 5.03e-09
19458 0.051249218996284013 3.32e-09
19459 0.23400567685299256 9.94e-09
19460 0.051249218996284429 6.66e-09
19461 0.19565212039147639 8.3e-09
19462 0.2340056768529935 1.01e-08
19463 0.051249218996284159 4.09e-09
19464 0.051249218996284138 4.36e-09
19465 0.051249218996283999 3.71e-09
19466 0.05124921899628395 6.08e-09
19467 0.051249218996284179 4.41e-09
19468 0.051249218996284193 4.81e-09
19469 0.19565212039147672 7.5e-09
19470 0.051249218996284068 3.54e-09
19471 0.051249218996284027 3.44e-09
19472 0.051249218996283957 2.84e-09
19473 0.051249218996283978 5.52e-09
19474 0.051249218996283874 3.84e-09
19475 0.051249218996283999 3.14e-09
19476 0.051249218996284256 4.79e-09
19477 0.23400567685299223 7.11e-09
19478 0.23400567685299406 1.05e-08
19479 0.051249218996284263 5.01e-09
19480 0.051249218996284124 3.89e-09
19481 0.051249218996284165 4.65e-09
19482 0.26194870771427831 1.11e-08
19483 0.051249218996284367 5.13e-09
19484 0.051249218996284075 4.08e-09
19485 0.17886733742735994 9.92e-09
19486 0.19565212039147786 1.25e-08
19487 0.051249218996284193 5.72e-09
19488 0.19565212039147686 7.71e-09
19489 0.17886733742735919 1.11e-08
19490 0.051249218996284304 5.26e-09
19491 0.19565212039147784 1.1e-08
19492 0.23400567685299176 4.74e-09
19493 0.27713209377670922 7.75e-09
19494 0.23400567685299339 1.5e-08
19495 0.051249218996284186 6.75e-09
19496 0.051249218996284061 3.5e-09
19497 0.051249218996284207 4.65e-09
19498 0.051249218996284138 3.94e-09
19499 0.051249218996284242 5e-09
19500 0.23400567685299214 7.47e-09
19501 0.051249218996284387 7.17e-09
19502 0.051249218996284172 4.15e-09
19503 0.051249218996284193 6.86e-09
19504 0.23400567685299387 1.34e-08
19505 0.05124921899628402 3.86e-09
19506 0.19565212039147731 8.64e-09
19507 0.19565212039147697 1.68e-08
19508 0.051249218996284311 6.06e-09
19509 0.051249218996284339 5.43e-09
19510 0.051249218996284221 4.9e-09
19511 0.051249218996284179 5.19e-09
19512 0.051249218996284339 8.03e-09
19513 0.051249218996284061 3.61e-09
19514 0.051249218996284075 3.54e-09
19515 0.051249218996283923 2.67e-09
19516 0.0512492189962842 4.49e-09
19517 0.051249218996284124 3.97e-09
19518 0.19565212039147706 7.88e-09
19519 0.051249218996284186 4.26e-09
19520 0.051249218996284152 4.19e-09
19521 0.17886733742736405 2.2e-08
19522 0.05124921899628386 3.58e-09
19523 0.051249218996284082 4.04e-09
19524 0.051249218996284401 7.48e-09
19525 0.051249218996284165 6.64e-09
19526 0.051249218996283978 2.72e-09
19527 0.05124921899628429 6.15e-09
19528 0.051249218996284054 5.03e-09
19529 0.051249218996284075 3.76e-09
19530 0.051249218996284249 8.23e-09
19531 0.051249218996284492 9.02e-09
19532 0.05124921899628386 2.13e-09
19533 0.19565212039147689 8.37e-09
19534 0.17886733742736127 1.29e-08
19535 0.051249218996283985 5.02e-09
19536 0.051249218996284179 4.18e-09
19537 0.23400567685299445 1.13e-08
19538 0.051249218996284034 3.43e-09
19539 0.051249218996284034 3.79e-09
19540 0.051249218996284075 3.74e-09
19541 0.051249218996284082 3.63e-09
19542 0.23400567685299264 9.45e-09
19543 0.051249218996284117 4.31e-09
19544 0.051249218996284096 3.83e-09
19545 0.051249218996284096 4.2e-09
19546 0.051249218996284124 4e-09
19547 0.0512492189962842 4.69e-09
19548 0.051249218996284221 8.7e-09
19549 0.051249218996283957 2.78e-09
19550 0.051249218996283999 2.99e-09
19551 0.051249218996284041 4.09e-09
19552 0.051249218996284096 4.02e-09
19553 0.051249218996284263 5.32e-09
19554 0.27713209377670939 8.91e-09
19555 0.19565212039147656 7.96e-09
19556 0.051249218996284034 5.37e-09
19557 0.19565212039147706 7.62e-09
19558 0.051249218996284117 3.83e-09
19559 0.051249218996284179 4.42e-09
19560 0.051249218996284131 3.9e-09
19561 0.051249218996284013 5.47e-09
19562 0.051249218996284165 7.59e-09
19563 0.051249218996284249 4.68e-09
19564 0.23400567685299331 8.64e-09
19565 0.29414667819029083 2.22e-08
19566 0.051249218996284221 8.9e-09
19567 0.051249218996284152 6.4e-09
19568 0.051249218996284013 3.36e-09
19569 0.051249218996283985 2.91e-09
19570 0.27713209377670939 8.78e-09
19571 0.051249218996284089 3.78e-09
19572 0.051249218996284318 6.91e-09
19573 0.17886733742736091 1.05e-08
19574 0.051249218996284138 8.84e-09
19575 0.051249218996284172 7.61e-09
19576 0.23400567685299459 1.08e-08
19577 0.051249218996284061 4.03e-09
19578 0.051249218996284124 7.54e-09
19579 0.051249218996284131 4.39e-09
19580 0.051249218996284561 6.23e-09
19581 0.051249218996283943 2.51e-09
19582 0.051249218996284027 4.23e-09
19583 0.23400567685299226 9.88e-09
19584 0.23400567685299178 5.58e-09
19585 0.051249218996284103 6.58e-09
19586 0.051249218996284131 3.84e-09
19587 0.23400567685299264 8.63e-09
19588 0.17886733742736011 1.03e-08
19589 0.19565212039147692 7.78e-09
19590 0.26194870771428069 1.14e-08
19591 0.051249218996284165 4.62e-09
19592 0.23400567685299284 9.85e-09
19593 0.051249218996284124 6.09e-09
19594 0.2122322594108367 9.73e-09
19595 0.051249218996284006 3.04e-09
19596 0.051249218996284159 7.7e-09
19597 0.051249218996284408 5.44e-09
19598 0.051249218996284013 3.19e-09
19599 0.051249218996284554 9.15e-09
19600 0.23400567685299281 1.44e-08
19601 0.051249218996284034 4.41e-09
19602 0.051249218996284061 3.63e-09
19603 0.051249218996284089 4.64e-09
19604 0.23400567685299414 1.67e-08
19605 0.195652120391477 1.04e-08
19606 0.2340056768529922 8.05e-09
19607 0.051249218996283992 7.74e-09
19608 0.051249218996283999 4.12e-09
19609 0.23400567685299314 8.9e-09
19610 0.051249218996284054 3.62e-09
19611 0.051249218996284214 4.66e-09
19612 0.19565212039147672 7.19e-09
19613 0.051249218996284041 3.7e-09
19614 0.051249218996284041 3.52e-09
19615 0.051249218996284041 3.26e-09
19616 0.19565212039147642 5.73e-09
19617 0.051249218996284159 6.28e-09
19618 0.051249218996284054 6.51e-09
19619 0.19565212039147734 8.63e-09
19620 0.051249218996284061 3.94e-09
19621 0.051249218996284006 3.56e-09
19622 0.051249218996284096 3.99e-09
19623 0.19565212039147756 9.13e-09
19624 0.051249218996284082 3.57e-09
19625 0.23400567685299445 1.08e-08
19626 0.05124921899628393 4.41e-09
19627 0.051249218996283992 5.89e-09
19628 0.051249218996284165 4.03e-09
19629 0.23400567685299245 8.18e-09
19630 0.051249218996283957 2.66e-09
19631 0.23400567685299267 9.22e-09
19632 0.051249218996284096 3.82e-09
19633 0.19565212039147817 1.09e-08
19634 0.051249218996284318 7.27e-09
19635 0.051249218996284283 5.31e-09
19636 0.051249218996284103 3.82e-09
19637 0.23400567685299289 1.01e-08
19638 0.051249218996284089 4.51e-09
19639 0.051249218996284214 6.31e-09
19640 0.19565212039147695 8.32e-09
19641 0.051249218996283943 3.06e-09
19642 0.051249218996284117 3.85e-09
19643 0.23400567685299234 9.2e-09
19644 0.051249218996284006 3.86e-09
19645 0.23400567685299331 1.65e-08
19646 0.051249218996284186 4.51e-09
19647 0.17886733742736249 1.38e-08
19648 0.051249218996284228 4.53e-09
19649 0.051249218996284325 5.54e-09
19650 0.051249218996284318 5.15e-09
19651 0.05124921899628427 9.06e-09
19652 0.051249218996284457 6.34e-09
19653 0.051249218996284214 4.68e-09
19654 0.051249218996284117 4.65e-09
19655 0.05124921899628427 5.27e-09
19656 0.051249218996284145 5.04e-09
19657 0.051249218996284103 7.54e-09
19658 0.19565212039147672 7.59e-09
19659 0.051249218996284353 5.54e-09
19660 0.23400567685299239 1.1e-08
19661 0.051249218996284179 4.58e-09
19662 0.23400567685299342 9.2e-09
19663 0.051249218996284193 6.03e-09
19664 0.23400567685299295 9.81e-09
19665 0.051249218996284207 5.17e-09
19666 0.051249218996283936 2.55e-09
19667 0.051249218996284082 3.73e-09
19668 0.051249218996284006 3.31e-09
19669 0.23400567685299456 1.94e-08
19670 0.051249218996283957 2.86e-09
19671 0.05124921899628395 2.65e-09
19672 0.051249218996284034 8.09e-09
19673 0.23400567685299412 1.5e-08
19674 0.051249218996284124 4.86e-09
19675 0.051249218996284138 5.18e-09
19676 0.051249218996284054 3.67e-09
19677 0.19565212039147639 1.12e-08
19678 0.051249218996284145 6.66e-09
19679 0.051249218996284124 3.93e-09
19680 0.051249218996284221 4.53e-09
19681 0.1956521203914767 7.74e-09
19682 0.051249218996284179 4.18e-09
19683 0.39096607427591967 1.89e-08
19684 0.19565212039147786 1.34e-08
19685 0.17886733742735872 1.37e-08
19686 0.051249218996284096 3.79e-09
19687 0.051249218996284172 7.28e-09
19688 0.23400567685299198 5.69e-09
19689 0.051249218996283978 3.13e-09
19690 0.051249218996284103 5.67e-09
19691 0.19565212039147675 6.86e-09
19692 0.051249218996283936 3.43e-09
19693 0.051249218996284013 3.06e-09
19694 0.05124921899628427 4.92e-09
19695 0.26194870771427808 9.29e-09
19696 0.195652120391477 7.88e-09
19697 0.051249218996283957 3.54e-09
19698 0.051249218996284242 4.66e-09
19699 0.051249218996284193 4.77e-09
19700 0.051249218996284061 4.49e-09
19701 0.051249218996284186 4.51e-09
19702 0.051249218996284061 5.04e-09
19703 0.051249218996284047 4.92e-09
19704 0.051249218996283999 3.77e-09
19705 0.051249218996284249 4.55e-09
19706 0.05124921899628402 3.41e-09
19707 0.051249218996284159 4.02e-09
19708 0.23400567685299328 9.19e-09
19709 0.17886733742735936 9.26e-09
19710 0.05124921899628395 3.26e-09
19711 0.051249218996284311 8.03e-09
19712 0.051249218996283895 4.42e-09
19713 0.051249218996284047 3.43e-09
19714 0.051249218996284068 6.64e-09
19715 0.19565212039147742 9e-09
19716 0.19565212039147734 1.07e-08
19717 0.05124921899628411 7.35e-09
19718 0.05124921899628402 3.18e-09
19719 0.051249218996284117 4.67e-09
19720 0.051249218996284179 9.63e-09
19721 0.23400567685299242 8.05e-09
19722 0.2619487077142803 1.1e-08
19723 0.051249218996284041 3.51e-09
19724 0.17886733742735766 7.52e-09
19725 0.051249218996284124 3.92e-09
19726 0.051249218996284006 3.55e-09
19727 0.051249218996284422 5.37e-09
19728 0.051249218996284124 3.93e-09
19729 0.051249218996284283 4.78e-09
19730 0.051249218996284054 3.32e-09
19731 0.2122322594108367 9.89e-09
19732 0.051249218996284096 3.67e-09
19733 0.051249218996284325 6.3e-09
19734 0.23400567685299281 1.06e-08
19735 0.051249218996283992 4.01e-09
19736 0.051249218996283971 4.37e-09
19737 0.051249218996284304 4.91e-09
19738 0.17886733742736102 9.72e-09
19739 0.05124921899628429 9.2e-09
19740 0.051249218996284061 4.88e-09
19741 0.051249218996284318 7.63e-09
19742 0.05124921899628395 2.82e-09
19743 0.051249218996284145 5.06e-09
19744 0.051249218996284165 4.8e-09
19745 0.051249218996284464 5.55e-09
19746 0.051249218996284124 4.08e-09
19747 0.051249218996283936 2.67e-09
19748 0.05124921899628402 4.62e-09
19749 0.051249218996284047 4.62e-09
19750 0.23400567685299167 4.23e-09
19751 0.17886733742736061 1.5e-08
19752 0.051249218996284027 3.08e-09
19753 0.05124921899628411 3.77e-09
19754 0.051249218996284082 3.62e-09
19755 0.051249218996284124 4.18e-09
19756 0.19565212039147714 8.29e-09
19757 0.19565212039147678 7.94e-09
19758 0.051249218996284061 3.63e-09
19759 0.19565212039147786 1.12e-08
19760 0.19565212039147761 1.12e-08
19761 0.05124921899628395 2.67e-09
19762 0.051249218996283881 1.92e-09
19763 0.23400567685299201 6.52e-09
19764 0.23400567685299245 6.5e-09
19765 0.19565212039147725 1.56e-08
19766 0.051249218996284082 3.88e-09
19767 0.19565212039147731 8.49e-09
19768 0.051249218996284006 3.77e-09
19769 0.19565212039147709 9.3e-09
19770 0.23400567685299509 1.37e-08
19771 0.051249218996284214 4.37e-09
19772 0.051249218996283985 6.52e-09
19773 0.051249218996283943 4.48e-09
19774 0.23400567685299298 1.78e-08
19775 0.051249218996284429 6.81e-09
19776 0.051249218996283964 3.59e-09
19777 0.1956521203914767 6.85e-09
19778 0.05124921899628427 6.28e-09
19779 0.051249218996284013 3.64e-09
19780 0.051249218996284186 7.05e-09
19781 0.051249218996284082 3.93e-09
19782 0.23400567685299217 1.39e-08
19783 0.051249218996284082 3.85e-09
19784 0.051249218996284089 3.59e-09
19785 0.0512492189962842 4.25e-09
19786 0.23400567685299237 7.43e-09
19787 0.051249218996283999 2.93e-09
19788 0.051249218996284006 3.15e-09
19789 0.051249218996284013 5.51e-09
19790 0.051249218996284179 4.48e-09
19791 0.05124921899628411 4.02e-09
19792 0.17886733742736347 1.82e-08
19793 0.19565212039147667 6.48e-09
19794 0.21223225941084334 2.21e-08
19795 0.051249218996284159 5.11e-09
19796 0.051249218996283978 3.27e-09
19797 0.051249218996284117 4.16e-09
19798 0.0512492189962842 4.27e-09
19799 0.051249218996284089 3.81e-09
19800 0.19565212039147742 9.77e-09
19801 0.2340056768529922 7.15e-09
19802 0.051249218996284221 4.45e-09
19803 0.19565212039147706 8.56e-09
19804 0.051249218996283985 2.84e-09
19805 0.2340056768529927 7.35e-09
19806 0.27713209377670928 1.42e-08
19807 0.051249218996283999 3.49e-09
19808 0.051249218996284089 4.04e-09
19809 0.05124921899628411 3.88e-09
19810 0.051249218996284471 5.72e-09
19811 0.051249218996284242 4.63e-09
19812 0.19565212039147689 8.43e-09
19813 0.051249218996284082 5.98e-09
19814 0.23400567685299334 9.05e-09
19815 0.051249218996283909 2.22e-09
19816 0.051249218996284075 3.94e-09
19817 0.051249218996284283 7.21e-09
19818 0.051249218996283923 2.68e-09
19819 0.19565212039147659 7.05e-09
19820 0.051249218996284041 3.21e-09
19821 0.051249218996283881 2.07e-09
19822 0.051249218996284207 7.16e-09
19823 0.051249218996284103 5.38e-09
19824 0.17886733742735905 8.6e-09
19825 0.051249218996284228 4.72e-09
19826 0.051249218996284089 5.63e-09
19827 0.051249218996283999 5.11e-09
19828 0.051249218996284068 3.91e-09
19829 0.19565212039147639 5.96e-09
19830 0.051249218996284179 8.4e-09
19831 0.05124921899628402 4.66e-09
19832 0.05124921899628402 3.4e-09
19833 0.17886733742736027 1.26e-08
19834 0.051249218996283971 3.82e-09
19835 0.051249218996284061 6.44e-09
19836 0.051249218996284013 3.06e-09
19837 0.19565212039147695 1.34e-08
19838 0.051249218996284381 5.31e-09
19839 0.051249218996284214 9.17e-09
19840 0.17886733742735891 8.99e-09
19841 0.051249218996284152 5.18e-09
19842 0.051249218996284068 3.59e-09
19843 0.051249218996284027 3.06e-09
19844 0.051249218996284054 3.65e-09
19845 0.051249218996284061 3.97e-09
19846 0.051249218996284034 4.62e-09
19847 0.051249218996283985 3.02e-09
19848 0.21223225941084153 2.51e-08
19849 0.051249218996284047 3.72e-09
19850 0.19565212039147681 1.15e-08
19851 0.19565212039147648 5.63e-09
19852 0.051249218996284214 8.16e-09
19853 0.051249218996284235 5.22e-09
19854 0.051249218996284221 4.67e-09
19855 0.051249218996284165 4.14e-09
19856 0.051249218996283916 2.25e-09
19857 0.051249218996284096 4.03e-09
19858 0.051249218996284075 3.62e-09
19859 0.051249218996284436 6.38e-09
19860 0.05124921899628411 4.01e-09
19861 0.19565212039147742 9.34e-09
19862 0.051249218996284082 3.61e-09
19863 0.051249218996283909 3.89e-09
19864 0.1956521203914772 8.2e-09
19865 0.23400567685299198 6.26e-09
19866 0.051249218996284172 4.6e-09
19867 0.051249218996283916 2.44e-09
19868 0.05124921899628393 3.51e-09
19869 0.19565212039147717 7.98e-09
19870 0.051249218996284089 4.42e-09
19871 0.051249218996284346 6.94e-09
19872 0.23400567685299312 1.41e-08
19873 0.051249218996284138 6.97e-09
19874 0.051249218996283999 3.99e-09
19875 0.051249218996284047 5.11e-09
19876 0.051249218996284221 4.45e-09
19877 0.0512492189962842 4.44e-09
19878 0.051249218996283999 3e-09
19879 0.051249218996284124 4.49e-09
19880 0.19565212039147795 1.23e-08
19881 0.23400567685299251 1.24e-08
19882 0.051249218996284124 6.83e-09
19883 0.051249218996284075 5.15e-09
19884 0.051249218996284034 6.61e-09
19885 0.2619487077142813 1.32e-08
19886 0.051249218996284152 6.12e-09
19887 0.26767860546963018 1.89e-08
19888 0.05124921899628395 2.75e-09
19889 0.051249218996284207 6.65e-09
19890 0.051249218996284179 4.21e-09
19891 0.051249218996284075 4.22e-09
19892 0.051249218996284339 9.03e-09
19893 0.051249218996284124 4.29e-09
19894 0.051249218996284235 6.06e-09
19895 0.23400567685299364 1.02e-08
19896 0.051249218996284027 3.19e-09
19897 0.051249218996284145 4.77e-09
19898 0.0512492189962842 4.19e-09
19899 0.051249218996284152 4.06e-09
19900 0.051249218996284061 3.43e-09
19901 0.27713209377671039 1.18e-08
19902 0.051249218996284367 6.33e-09
19903 0.051249218996283999 3.57e-09
19904 0.051249218996283957 2.76e-09
19905 0.051249218996283978 9.6e-09
19906 0.051249218996284027 3.36e-09
19907 0.051249218996284214 4.59e-09
19908 0.23400567685299181 5.44e-09
19909 0.051249218996284283 4.84e-09
19910 0.05124921899628395 2.86e-09
19911 0.051249218996284228 5.88e-09
19912 0.27713209377670911 1.5e-08
19913 0.051249218996284075 3.45e-09
19914 0.23400567685299506 1.39e-08
19915 0.051249218996283978 3.69e-09
19916 0.051249218996284145 4.03e-09
19917 0.051249218996284054 3.68e-09
19918 0.051249218996284054 3.62e-09
19919 0.051249218996284249 6.71e-09
19920 0.051249218996284311 4.84e-09
19921 0.051249218996284075 3.59e-09
19922 0.051249218996284089 8.66e-09
19923 0.051249218996284117 3.82e-09
19924 0.19565212039147706 8.49e-09
19925 0.29414667819034684 1.95e-08
19926 0.19565212039147675 1.03e-08
19927 0.27713209377670955 1e-08
19928 0.051249218996283978 2.85e-09
19929 0.19565212039147648 8.06e-09
19930 0.19565212039147722 9.24e-09
19931 0.051249218996284034 6.95e-09
19932 0.23400567685299262 1.55e-08
19933 0.051249218996283971 3e-09
19934 0.19565212039147703 8.01e-09
19935 0.051249218996284159 4.19e-09
19936 0.05124921899628436 1.05e-08
19937 0.19565212039147697 7.68e-09
19938 0.051249218996284152 4.98e-09
19939 0.051249218996284242 8.3e-09
19940 0.19565212039147645 9.34e-09
19941 0.051249218996284256 8.25e-09
19942 0.051249218996283964 2.64e-09
19943 0.051249218996284228 4.68e-09
19944 0.051249218996284256 7.98e-09
19945 0.051249218996284034 6.82e-09
19946 0.051249218996284332 5.94e-09
19947 0.27713209377670933 9.99e-09
19948 0.051249218996284027 3.89e-09
19949 0.26194870771428258 1.35e-08
19950 0.051249218996284068 4.03e-09
19951 0.051249218996284075 4.01e-09
19952 0.051249218996284013 3.29e-09
19953 0.051249218996284172 6.28e-09
19954 0.051249218996284013 3.41e-09
19955 0.051249218996284207 5.86e-09
19956 0.051249218996284145 3.99e-09
19957 0.23400567685299284 1.01e-08
19958 0.19565212039147808 1.08e-08
19959 0.051249218996284117 3.76e-09
19960 0.051249218996284179 4.28e-09
19961 0.051249218996284381 6.51e-09
19962 0.051249218996284047 4.87e-09
19963 0.051249218996284047 5.25e-09
19964 0.23400567685299203 7.53e-09
19965 0.26194870771428796 1.75e-08
19966 0.051249218996284145 5.99e-09
19967 0.051249218996283971 2.93e-09
19968 0.051249218996284325 5.02e-09
19969 0.29414667819029428 2.29e-08
19970 0.051249218996283971 4.18e-09
19971 0.26194870771428436 1.55e-08
19972 0.19565212039147656 9.91e-09
19973 0.0512492189962842 4.27e-09
19974 0.051249218996284089 3.75e-09
19975 0.051249218996284193 5.69e-09
19976 0.05124921899628411 4.71e-09
19977 0.051249218996284457 6.25e-09
19978 0.051249218996283999 3.29e-09
19979 0.051249218996284047 3.51e-09
19980 0.051249218996284047 3.55e-09
19981 0.05124921899628393 3.5e-09
19982 0.19565212039147689 9.15e-09
19983 0.051249218996284096 3.65e-09
19984 0.051249218996284068 3.96e-09
19985 0.051249218996283943 2.49e-09
19986 0.051249218996284061 5.95e-09
19987 0.051249218996284138 4.03e-09
19988 0.19565212039147681 7e-09
19989 0.23400567685299326 1.08e-08
19990 0.2340056768529922 6.58e-09
19991 0.051249218996284374 5.25e-09
19992 0.051249218996284082 3.54e-09
19993 0.17886733742736338 1.26e-08
19994 0.051249218996283902 2.08e-09
19995 0.17886733742735997 1.35e-08
19996 0.19565212039147675 8.12e-09
19997 0.05124921899628395 3.39e-09
19998 0.051249218996284311 6.8e-09
19999 0.051249218996284041 6.24e-09
# d=6 k=4 starts=20000 best 0.051249218996283818
